file	key	previous_hungarian	revised_hungarian	english_source
budgets.yml	budgets.ballots.show.title	Az Ön szavazata	A szavazólapod	Your ballot
budgets.yml	budgets.ballots.show.amount_available.knapsack	Még mindig elérhető. <span>%{count}</span>	Továbbra is elérhető az Ön számára: <span>%{count}</span>	Still available to you <span>%{count}</span>
budgets.yml	budgets.ballots.show.amount_available.approval.zero	Még mindig játszhatsz. <span>%{count}</span> szavazatok.	Még mindig <span>%{count}</span> szavazatot adhat le.	You can still cast <span>%{count}</span> votes.
budgets.yml	budgets.ballots.show.amount_available.approval.one	Még mindig játszhatsz. <span>%{count}</span> szavazás.	Még mindig <span>%{count}</span> szavazatot adhat le.	You can still cast <span>%{count}</span> vote.
budgets.yml	budgets.ballots.show.amount_available.approval.other	Még mindig játszhatsz. <span>%{count}</span> szavazatok.	Még mindig <span>%{count}</span> szavazatot adhat le.	You can still cast <span>%{count}</span> votes.
budgets.yml	budgets.ballots.show.amount_spent.approval.zero	Szavazat: <span>%{count}</span>	Leadott szavazatok: <span>%{count}</span>	Votes cast: <span>%{count}</span>
budgets.yml	budgets.ballots.show.amount_spent.approval.one	Szavazat: <span>%{count}</span>	Leadott szavazatok: <span>%{count}</span>	Votes cast: <span>%{count}</span>
budgets.yml	budgets.ballots.show.amount_spent.approval.other	Szavazat: <span>%{count}</span>	Leadott szavazatok: <span>%{count}</span>	Votes cast: <span>%{count}</span>
budgets.yml	budgets.ballots.show.amount_limit.knapsack	Összesen <span>%{count}</span>	Teljes költségkeret: <span>%{count}</span>	Total budget <span>%{count}</span>
budgets.yml	budgets.ballots.show.amount_limit.approval.one	Szavazhatsz. <span>1</span> projekt	Szavazhat <span>1</span> projektre	You can vote <span>1</span> project
budgets.yml	budgets.ballots.show.amount_limit.approval.other	Szavazhat a <span>%{count}</span> projektek	Legfeljebb <span>%{count}</span> projektre szavazhat	You can vote up to <span>%{count}</span> projects
budgets.yml	budgets.ballots.show.no_balloted_group_yet	Még nem szavaztál erről a csoportról, menj szavazni!	Még nem szavazott erre a csoportra, menjen szavazni!	You have not voted on this group yet, go vote!
budgets.yml	budgets.ballots.show.remove	A szavazás megszüntetése	Szavazat eltávolítása	Remove vote
budgets.yml	budgets.ballots.show.remove_label	A szavazatok törlése %{investment}	Távolítsa el szavazatát %{investment}	Remove your vote for %{investment}
budgets.yml	budgets.ballots.show.voted.one	Szavaztál. <span>egy</span> befektetés.	Ön <span>egy</span> befektetésre szavazott.	You have voted <span>one</span> investment.
budgets.yml	budgets.ballots.show.voted.other	Szavaztál. <span>%{count}</span> befektetések.	Ön <span>%{count}</span> befektetésre szavazott.	You have voted <span>%{count}</span> investments.
budgets.yml	budgets.ballots.show.voted_info	A szavazatok megerősítve!	Szavazásod megerősítésre került!	Your ballot is confirmed!
budgets.yml	budgets.ballots.show.voted_info_2	De bármikor megváltoztathatja a szavazatát, amíg ez a szakasz le nem zárul.	De bármikor megváltoztathatja szavazatát, amíg ez a szakasz le nem zárul.	But you can change your vote at any time until this phase is closed.
budgets.yml	budgets.ballots.reasons_for_not_balloting.not_verified	Csak ellenőrzött felhasználók szavazhatnak beruházásokról; %{verify_account}.	Csak ellenőrzött felhasználók szavazhatnak a befektetésekre; %{verify_account}.	Only verified users can vote on investments; %{verify_account}.
budgets.yml	budgets.ballots.reasons_for_not_balloting.not_selected	A nem kiválasztott beruházási projektek nem támogathatók	A ki nem választott beruházási projektek nem támogathatók	Unselected investment projects can not be supported
budgets.yml	budgets.ballots.reasons_for_not_balloting.not_enough_money	Már kiosztotta a rendelkezésre álló költségvetést.<br><small>Ne feledd, meg tudod csinálni. %{change_ballot} bármikor</small>	Már hozzárendelte a rendelkezésre álló költségkeretet.<br><small>Ne feledje, hogy bármikor %{change_ballot}-t tehet</small>	You have already assigned the available budget.<br><small>Remember you can %{change_ballot} at any time</small>
budgets.yml	budgets.ballots.reasons_for_not_balloting.no_ballots_allowed	A kiválasztási szakasz lezárult.	A kiválasztási fázis lezárult	Selecting phase is closed
budgets.yml	budgets.ballots.reasons_for_not_balloting.different_heading_assigned	Ön már megszavazott egy másik fejezetet: %{heading_link}	Már szavazott egy másik címsorra: %{heading_link}	You have already voted a different heading: %{heading_link}
budgets.yml	budgets.ballots.reasons_for_not_balloting.not_enough_available_votes	Ön elérte a maximális megengedett szavazatok számát	Elérte a szavazatok maximális számát	You have reached the maximum number of votes allowed
budgets.yml	budgets.ballots.reasons_for_not_balloting.change_ballot	a szavazatok megváltoztatása	változtassa meg a szavazatait	change your votes
budgets.yml	budgets.ballots.reasons_for_not_balloting.casted_offline	Ön már részt vett offline	Már offline is részt vett	You have already participated offline
budgets.yml	budgets.groups.show.title	Válassza ki a címet	Válasszon egy címsort	Select a heading
budgets.yml	budgets.phase.drafting	Draft (A nyilvánosság számára nem látható)	Piszkozat (Nyilvánosan nem látható)	Draft (Not visible to the public)
budgets.yml	budgets.phase.informing	Tájékoztatás	Információ	Information
budgets.yml	budgets.phase.reviewing	Felülvizsgálati projektek	Projektek felülvizsgálata	Reviewing projects
budgets.yml	budgets.phase.valuating	Értékelő projektek	Projektek értékelése	Valuating projects
budgets.yml	budgets.phase.publishing_prices	Projektárak közzététele	Kiadói projektek árai	Publishing projects prices
budgets.yml	budgets.phase.balloting	Szavazati projektek	Szavazási projektek	Voting projects
budgets.yml	budgets.phase.reviewing_ballots	A szavazás felülvizsgálata	Szavazás felülvizsgálata	Reviewing voting
budgets.yml	budgets.phase.finished	Befejezett költségvetés	Kész költségvetés	Finished budget
budgets.yml	budgets.index.title	Közösségi költségvetések	közösségi költségvetések	Participatory budgets
budgets.yml	budgets.index.section_header.icon_alt	Részvételi költségvetés ikon	közösségi költségvetések ikonra	Participatory budgets icon
budgets.yml	budgets.index.section_header.title	Közösségi költségvetések	közösségi költségvetések	Participatory budgets
budgets.yml	budgets.index.section_header.help	A részvételen alapuló költségvetések támogatása	Segítség a közösségi költségvetéshez	Help with participatory budgets
budgets.yml	budgets.index.all_phases	Részvételi költségvetési szakaszok	A közösségi költségvetés szakaszai	Participatory budgets phases
budgets.yml	budgets.index.next_phase	Következő szakasz	Következő fázis	Next phase
budgets.yml	budgets.index.prev_phase	Korábbi szakasz	Előző fázis	Previous phase
budgets.yml	budgets.index.current_phase	Jelenlegi szakasz	Aktuális fázis	Current phase
budgets.yml	budgets.index.map	A költségvetési beruházások javaslatai földrajzilag találhatók	A költségvetési beruházási javaslatok földrajzi elhelyezkedésűek	Budget investments' proposals located geographically
budgets.yml	budgets.index.finished_budgets	Befejezett részvételi költségvetés	Elkészült a közösségi költségvetés	Finished participatory budgets
budgets.yml	budgets.index.section_footer.title	A részvételen alapuló költségvetések támogatása	Segítség a közösségi költségvetéshez	Help with participatory budgets
budgets.yml	budgets.index.section_footer.description	A részvételen alapuló költségvetéssel a polgárok döntenek arról, hogy mely projektek a költségvetés részét képezik.	A közösségi költségvetéssel a polgárok döntik el, hogy mely projektekre szánják a költségvetés egy részét.	With the participatory budgets the citizens decide to which projects is destined a part of the budget.
budgets.yml	budgets.investments.form.title	Költségvetési beruházás létrehozása	Hozzon létre egy költségvetési befektetést	Create a budget investment
budgets.yml	budgets.investments.form.tags_instructions	Jelölje be ezt a javaslatot. Választhat a javasolt kategóriák közül vagy hozzáadhatja a saját	Jelölje meg ezt az ajánlatot. Választhat a javasolt kategóriák közül, vagy hozzáadhat sajátot	Tag this proposal. You can choose from proposed categories or add your own
budgets.yml	budgets.investments.form.tags_placeholder	"Adja meg a használni kívánt címkét, vesszővel elválasztva ("","")"	Adja meg a használni kívánt címkéket, vesszővel (',') elválasztva.	Enter the tags you would like to use, separated by commas (',')
budgets.yml	budgets.investments.index.title	Közösségi költségvetés	közösségi költségvetés	Participatory budgeting
budgets.yml	budgets.investments.index.unfeasible	Nem megvalósítható beruházási projektek	Megvalósíthatatlan beruházási projektek	Unfeasible investment projects
budgets.yml	budgets.investments.index.unfeasible_text	A beruházásoknak számos olyan kritériumnak kell megfelelniük (jogszerűség, megbízhatóság, nem haladhatja meg a költségvetés határát), amelyeket életképesnek kell nyilvánítani, és el kell érniük a végső szavazás szakaszát. Minden beruházás nem felel meg ezeknek a kritériumoknak, megvalósíthatatlannak minősül, és a következő listában jelenik meg, a megvalósíthatatlansági jelentéssel együtt.	A beruházásoknak számos kritériumnak kell megfelelniük (törvényesség, konkrétság, nem léphetik túl a költségvetési keretet), hogy életképessé nyilvánítsák és a zárószavazás stádiumába kerüljenek. Minden olyan beruházás, amely nem felel meg ezeknek a kritériumoknak, kivitelezhetetlennek van jelölve, és a megvalósíthatatlansági jelentéssel együtt a következő listában közzéteszi.	The investments must meet a number of criteria (legality, concreteness, not exceed the limit of the budget) to be declared viable and reach the stage of final vote. All investments don't meet these criteria are marked as unfeasible and published in the following list, along with its report of infeasibility.
budgets.yml	budgets.investments.index.by_heading	Hatással rendelkező beruházási projektek: %{heading}	Beruházási projektek hatókörrel: %{heading}	Investment projects with scope: %{heading}
budgets.yml	budgets.investments.index.search_form.placeholder	Befektetési projektek keresése...	Beruházási projektek keresése...	Search investment projects...
budgets.yml	budgets.investments.index.sidebar.my_ballot	A szavazatom.	Az én szavazólapom	My ballot
budgets.yml	budgets.investments.index.sidebar.voted_info.knapsack.one	<strong>Ön egy javaslatot szavazott meg, amelynek költsége: %{amount_spent}</strong>	<strong>Egy olyan ajánlatot szavazott meg, amelynek költsége %{amount_spent}</strong>	<strong>You voted one proposal with a cost of %{amount_spent}</strong>
budgets.yml	budgets.investments.index.sidebar.voted_info.knapsack.other	<strong>Te szavaztál. %{count} olyan javaslatok, amelyek költsége %{amount_spent}</strong>	<strong>Ön %{count} javaslatot szavazott meg, amelynek költsége %{amount_spent}</strong>	<strong>You voted %{count} proposals with a cost of %{amount_spent}</strong>
budgets.yml	budgets.investments.index.sidebar.voted_info.approval.one	<strong>Egy javaslatot szavazott meg.</strong>	<strong>Egy javaslatot szavazott meg</strong>	<strong>You voted one proposal</strong>
budgets.yml	budgets.investments.index.sidebar.voted_info.approval.other	<strong>Te szavaztál. %{count} javaslatok</strong>	<strong>Ön %{count} javaslatra szavazott</strong>	<strong>You voted %{count} proposals</strong>
budgets.yml	budgets.investments.index.sidebar.change_vote_info.knapsack	Megteheted. %{link} bármikor, amíg %{phase_end_date}Nem kell elkölteni az összes rendelkezésre álló pénzt.	Az %{link}-et %{phase_end_date}-ig bármikor elvégezheti. Nem kell minden rendelkezésre álló pénzt elkölteni.	You can %{link} at any time until %{phase_end_date}. No need to spend all the money available.
budgets.yml	budgets.investments.index.sidebar.change_vote_info.approval	Megteheted. %{link} bármikor, amíg %{phase_end_date}.	Az %{link}-et %{phase_end_date}-ig bármikor elvégezheti.	You can %{link} at any time until %{phase_end_date}.
budgets.yml	budgets.investments.index.sidebar.change_vote_link	a szavazás módosítása	változtasd meg a szavazatodat	change your vote
budgets.yml	budgets.investments.index.sidebar.different_heading_assigned	Önnek aktív szavazata van egy másik fejezetben: %{heading_link}	Aktív szavazatai vannak egy másik rovatban: %{heading_link}	You have active votes in another heading: %{heading_link}
budgets.yml	budgets.investments.index.sidebar.change_ballot	Ha meggondolja magát, a szavazatokat %{check_ballot} és újrakezdjük.	Ha meggondolja magát, eltávolíthatja szavazatait az %{check_ballot}-ban, és újrakezdheti.	If you change your mind you can remove your votes in %{check_ballot} and start again.
budgets.yml	budgets.investments.index.sidebar.check_ballot_link	Ellenőrizd a szavazataimat.	ellenőrizze a szavazataimat	check my votes
budgets.yml	budgets.investments.index.sidebar.zero	Ebben a csoportban egyetlen beruházási projektet sem szavaztak meg.	Nem szavazott egyetlen befektetési projektet sem ebben a csoportban.	You have not voted any investment project in this group.
budgets.yml	budgets.investments.index.sidebar.verified_only	Új költségvetési beruházás létrehozása %{verify}.	Új költségvetési beruházás létrehozásához %{verify}.	To create a new budget investment %{verify}.
budgets.yml	budgets.investments.index.sidebar.create	Költségvetési beruházás létrehozása	Hozzon létre egy költségvetési befektetést	Create a budget investment
budgets.yml	budgets.investments.index.sidebar.not_logged_in	Ahhoz, hogy egy új költségvetési beruházást meg kell %{sign_in} vagy %{sign_up}.	Új költségvetési befektetés létrehozásához %{sign_in} vagy %{sign_up} szükséges.	To create a new budget investment you must %{sign_in} or %{sign_up}.
budgets.yml	budgets.investments.index.filter	Projektek szűrése	Projektek szűrése a következő szerint	Filtering projects by
budgets.yml	budgets.investments.index.filters.unfeasible	Nem megvalósítható	Megvalósíthatatlan	Unfeasible
budgets.yml	budgets.investments.index.filters.unselected	A végső szavazásra nem került sor	Nem választották ki a végső szavazásra	Not selected for the final voting
budgets.yml	budgets.investments.index.orders.random	véletlenszerű	véletlen	random
budgets.yml	budgets.investments.index.orders.confidence_score	legnagyobb névleges	legmagasabb minősítésű	highest rated
budgets.yml	budgets.investments.share.message	Én hoztam létre a beruházási projektet. %{title} in %{handle}Hozzon létre egy beruházási projektet is!	Az %{title} beruházási projektet %{handle}-ben hoztam létre. Hozz létre befektetési projektet is!	I created the investment project %{title} in %{handle}. Create an investment project too!
budgets.yml	budgets.investments.show.price_explanation	Az ár magyarázata	Ár magyarázat	Price explanation
budgets.yml	budgets.investments.show.code	A beruházási projekt kódja: <strong>%{code}</strong>	Beruházási projekt kódja: <strong>%{code}</strong>	Investment project code: <strong>%{code}</strong>
budgets.yml	budgets.investments.show.location	Hely: <strong>%{location}</strong>	Helyszín: <strong>%{location}</strong>	Location: <strong>%{location}</strong>
budgets.yml	budgets.investments.show.organization_name	A következők nevében javasolt: <strong>%{name}</strong>	Javasolt a következő nevében: <strong>%{name}</strong>	Proposed on behalf of: <strong>%{name}</strong>
budgets.yml	budgets.investments.show.share	Megosztás	Részesedés	Share
budgets.yml	budgets.investments.show.supports	Támogatások	Támogatja	Supports
budgets.yml	budgets.investments.show.votes	Szavazások	Szavazatok	Votes
budgets.yml	budgets.investments.show.project_unfeasible	Ez a beruházási projekt <strong>nem kivitelezhető</strong> és nem megy bele a fázisba.	Ezt a beruházási projektet <strong> nem megvalósíthatónak</strong> jelölték meg, és nem kerül szavazási szakaszba.	This investment project <strong>has been marked as not feasible</strong> and will not go to balloting phase.
budgets.yml	budgets.investments.show.project_selected	Ez a beruházási projekt <strong>kiválasztva</strong> az infekciós fázisra.	Ezt a beruházási projektet <strong> kiválasztották</strong> a szavazási szakaszra.	This investment project <strong>has been selected</strong> for balloting phase.
budgets.yml	budgets.investments.show.project_winner	Nyerő beruházási projekt	Nyertes beruházási projekt	Winning investment project
budgets.yml	budgets.investments.show.project_not_selected	Ez a beruházási projekt <strong>nem került kiválasztásra</strong> az infekciós fázisra.	Ezt a beruházási projektet <strong>nem választották ki</strong> a szavazási szakaszra.	This investment project <strong>has not been selected</strong> for balloting phase.
budgets.yml	budgets.investments.investment.already_added	Ön már hozzátette ezt a beruházási projektet.	Ön már hozzáadta ezt a beruházási projektet	You have already added this investment project
budgets.yml	budgets.investments.investment.support_title	A projekt támogatása	Támogassa ezt a projektet	Support this project
budgets.yml	budgets.investments.investment.supports.other	%{count} támaszok	%{count} támogatja	%{count} supports
budgets.yml	budgets.investments.header.check_ballot	Ellenőrizd a szavazataimat.	Ellenőrizze a szavazataimat	Check my votes
budgets.yml	budgets.investments.header.different_heading_assigned	Önnek aktív szavazata van egy másik fejezetben: %{heading_link}	Aktív szavazatai vannak egy másik rovatban: %{heading_link}	You have active votes in another heading: %{heading_link}
budgets.yml	budgets.investments.header.change_ballot	Ha meggondolja magát, a szavazatokat %{check_ballot} és újrakezdjük.	Ha meggondolja magát, eltávolíthatja szavazatait az %{check_ballot}-ban, és újrakezdheti.	If you change your mind you can remove your votes in %{check_ballot} and start again.
budgets.yml	budgets.investments.header.check_ballot_link	Ellenőrizd a szavazataimat.	ellenőrizze a szavazataimat	check my votes
budgets.yml	budgets.investments.header.price	Összesen	Teljes költségvetés	Total budget
budgets.yml	budgets.investments.votes.confirm_group.one	Csak a beruházások támogathatók %{count} kerület. Ha folytatja, nem változtathat a körzetén. Biztos?	Csak az %{count} kerületben lehet beruházásokat támogatni. Ha folytatja, nem módosíthatja a körzetének választását. Biztos vagy benne?	You can only support investments in %{count} district. If you continue you cannot change the election of your district. Are you sure?
budgets.yml	budgets.investments.votes.confirm_group.other	Csak a beruházások támogathatók %{count} Körzetek. Ha folytatja, nem változtathat a körzetén. Biztos?	Csak az %{count} körzetekben lehet beruházásokat támogatni. Ha folytatja, nem módosíthatja a körzetének választását. Biztos vagy benne?	You can only support investments in %{count} districts. If you continue you cannot change the election of your district. Are you sure?
budgets.yml	budgets.investments.votes.remove_support_label	Távolítsa el a támogatást %{investment}	Távolítsa el az %{investment} támogatását	Remove your support to %{investment}
budgets.yml	budgets.investments_list.investment.read_more	Bővebben	Olvass tovább	Read more
budgets.yml	budgets.investments_list.investment.supports	Támogatások	Támogatja	Supports
budgets.yml	budgets.investments_list.see_all	Lásd az összes beruházást	Tekintse meg az összes befektetést	See all investments
budgets.yml	budgets.investments_list.title	Beruházások listája	A befektetések listája	List of investments
budgets.yml	budgets.supports_info.different	Támogathat annyi projektet, amennyit csak akar.	Annyi különböző projektet támogathat, amennyit csak szeretne.	You may support on as many different projects as you would like.
budgets.yml	budgets.supports_info.next	Támogatja azokat a projekteket, amelyeket a következő szakaszra szeretne haladni.	Támogassa azokat a projekteket, amelyekkel a következő fázisba szeretne lépni.	Support the projects you would like to see move on to the next phase.
budgets.yml	budgets.supports_info.scrolling	Tekerj tovább, hogy lásd az összes ötletet	Az összes ötlet megtekintéséhez görgessen tovább	Keep scrolling to see all ideas
budgets.yml	budgets.supports_info.share	Megoszthatja a közösségi médián keresztül támogatott projekteket, és nagyobb figyelmet és támogatást nyújthat számukra!	Megoszthatja a támogatott projektjeit a közösségi médián keresztül, és több figyelmet és támogatást vonhat magára!	You can share the projects you have supported on through social media and attract more attention and support to them!
budgets.yml	budgets.supports_info.supported.one	Eddig támogattál. <strong>1 projekt</strong>.	Eddig <strong>1 projektet</strong> támogatott.	So far you've supported <strong>1 project</strong>.
budgets.yml	budgets.supports_info.supported.other	Eddig támogattál. <strong>%{count} projektek</strong>.	Eddig az <strong>%{count} projekteket</strong> támogatta.	So far you've supported <strong>%{count} projects</strong>.
budgets.yml	budgets.supports_info.supported_not_logged_in	Bejelentkezés az induláshoz <strong>a projektek támogatása</strong>.	Jelentkezzen be az <strong>támogató projektek</strong> elindításához.	Log in to start <strong>supporting projects</strong>.
budgets.yml	budgets.supports_info.time	Van még idő, amíg %{phase_end_date} a projektek támogatása.	Még van idő a projektek támogatására %{phase_end_date}-ig.	There's still time until %{phase_end_date} to support projects.
budgets.yml	budgets.supports_info.title	Ideje, hogy <strong>támogatás</strong> Projektek!	Ideje <strong>támogatni</strong> projekteket!	It's time to <strong>support</strong> projects!
budgets.yml	budgets.results.heading	Részvételi költségvetési eredmények	közösségi költségvetés eredményei	Participatory budget results
budgets.yml	budgets.results.heading_selection_title	Körzet szerint	kerület szerint	By district
budgets.yml	budgets.results.ballot_lines_count	Szavazások	Szavazatok	Votes
budgets.yml	budgets.results.hide_discarded_link	Eldobva	Elvetett elrejtés	Hide discarded
budgets.yml	budgets.results.show_all_link	Az összes megjelenítése	Összes megjelenítése	Show all
budgets.yml	budgets.results.accepted	Elfogadott beruházás: 	Elfogadott befektetés:	Accepted investment: 
budgets.yml	budgets.results.discarded	Elutasított befektetés: 	Eldobott befektetés:	Discarded investment: 
budgets.yml	budgets.results.incompatibles	Intermedibles	Összeférhetetlenek	Incompatibles
budgets.yml	budgets.results.investment_title	A projekt címe	Projekt címe	Project title
budgets.yml	budgets.results.unfeasible_investment_proyects	Az összes megvalósíthatatlan beruházási projekt jegyzéke	Az összes megvalósíthatatlan beruházási projekt listája	List of all unfeasible investment projects
budgets.yml	budgets.results.not_selected_investment_proyects	Nem kiválasztott beruházási projektek listája	A szavazásra nem kiválasztott beruházási projektek listája	List of all investment projects not selected for balloting
budgets.yml	budgets.executions.page_title	%{budget} - Mérföldkövek.	%{budget} - Mérföldkövek	%{budget} - Milestones
budgets.yml	budgets.executions.heading	Részvételi költségvetés Mérföldkövek	közösségi költségvetés Mérföldkövek	Participatory budget Milestones
budgets.yml	budgets.executions.heading_selection_title	Körzet szerint	kerület szerint	By district
budgets.yml	budgets.executions.no_winner_investments	Nincs győztes befektetés ebben az államban	Ebben az állapotban nincs nyertes befektetés	No winner investments in this state
budgets.yml	budgets.executions.filters.status.all	Valamennyi (%{count})	Mind (%{count})	All (%{count})
budgets.yml	budgets.executions.filters.milestone_tag.label	Mérföldkőcímke	Mérföldkő címke	Milestone tag
budgets.yml	budgets.executions.filters.milestone_tag.all	Valamennyi (%{count})	Mind (%{count})	All (%{count})
budgets.yml	budgets.phases.errors.dates_range_invalid	A kezdési dátum nem lehet egyenlő vagy később, mint a végdátum	A kezdő dátum nem lehet egyenlő vagy későbbi, mint a Befejezés dátuma	Start date can't be equal or later than End date
budgets.yml	budgets.phases.errors.prev_phase_dates_invalid	A kezdő időpontnak későbbnek kell lennie, mint az előző engedélyezett szakasz kezdetének (%{phase_name})	A kezdő dátumnak későbbinek kell lennie, mint az előző engedélyezett fázis kezdő dátuma (%{phase_name})	Start date must be later than the start date of the previous enabled phase (%{phase_name})
budgets.yml	budgets.phases.errors.next_phase_dates_invalid	A befejezés időpontjának korábban kell történnie, mint a következő engedélyezett szakasz (%{phase_name})	A befejezés dátumának korábbinak kell lennie, mint a következő engedélyezett fázis (%{phase_name}) befejezési dátuma.	End date must be earlier than the end date of the next enabled phase (%{phase_name})
devise.yml	devise.password_expired.change_required	A jelszavad lejárt.	A jelszava lejárt	Your password is expired
devise.yml	devise.password_expired.change_password	Jelszó megváltoztatása	Változtassa meg jelszavát	Change your password
devise.yml	devise.password_expired.updated	A jelszót sikeresen frissítették	A jelszó sikeresen frissítve	Password successfully updated
devise.yml	devise.confirmations.confirmed	A fiókja megerősítve.	Fiókját megerősítették.	Your account has been confirmed.
devise.yml	devise.confirmations.send_instructions	Néhány perc múlva kap egy e-mailt, amely útmutatást tartalmaz az e-mail cím megerősítéséről.	Néhány percen belül kapni fog egy e-mailt, amely tartalmazza az e-mail cím megerősítésére vonatkozó utasításokat.	In a few minutes you will receive an email containing instructions on how to confirm your email address.
devise.yml	devise.confirmations.send_paranoid_instructions	Ha az e-mail cím létezik az adatbázisunkban, néhány perc múlva kap egy e-mail utasításokat, hogyan lehet megerősíteni az e-mail címet.	Ha az Ön e-mail címe szerepel adatbázisunkban, néhány percen belül kapni fog egy e-mailt az e-mail cím megerősítésével kapcsolatban.	If your email address exists in our database, in a few minutes you will receive an email with instructions on how to confirm your email address.
devise.yml	devise.failure.already_authenticated	Már be vagy jelentkezve.	Már bejelentkezett.	You are already signed in.
devise.yml	devise.failure.inactive	A fiókját még nem aktiválták.	Fiókja még nincs aktiválva.	Your account has not yet been activated.
devise.yml	devise.failure.invalid	Érvénytelen %{authentication_keys} vagy jelszót.	Érvénytelen %{authentication_keys} vagy jelszó.	Invalid %{authentication_keys} or password.
devise.yml	devise.failure.locked	A számlád le van zárva.	Fiókját zároltuk.	Your account has been locked.
devise.yml	devise.failure.last_attempt	Van még egy próbálkozása, mielőtt a fiókját lezárják.	Még egy próbálkozása van hátra fiókja blokkolása előtt.	You have one more attempt remaining before your account is blocked.
devise.yml	devise.failure.not_found_in_database	Érvénytelen %{authentication_keys} vagy jelszót.	Érvénytelen %{authentication_keys} vagy jelszó.	Invalid %{authentication_keys} or password.
devise.yml	devise.failure.timeout	A foglalkozása lejárt. Kérem, jelentkezzen be újra, hogy folytassa.	A munkamenet lejárt. A folytatáshoz jelentkezzen be újra.	Your session has expired. Please sign in again to continue.
devise.yml	devise.failure.unauthenticated	Be kell jelentkeznie, vagy regisztrálnia kell, hogy folytathassa.	A folytatáshoz be kell jelentkeznie vagy regisztrálnia kell.	You must sign in or register to continue.
devise.yml	devise.failure.unconfirmed	A folytatáshoz kattintson a visszaigazoló linkre, amelyet e-mailben küldtünk Önnek.	A folytatáshoz kattintson a megerősítő linkre, amelyet e-mailben küldtünk Önnek	To continue, please click on the confirmation link that we have sent you via email
devise.yml	devise.mailer.confirmation_instructions.subject	Megerősítési utasítások	Megerősítő utasítások	Confirmation instructions
devise.yml	devise.mailer.unlock_instructions.subject	Kioldási utasítások	Feloldási utasítások	Unlocking instructions
devise.yml	devise.omniauth_callbacks.failure	"Nem volt lehetséges engedélyezni, hogy %{kind} Mert ""%{reason}""."	"Nem sikerült Önt %{kind}ként engedélyezni, mert ""%{reason}""."	"It has not been possible to authorize you as %{kind} because ""%{reason}""."
devise.yml	devise.omniauth_callbacks.success	Sikeresen azonosították: %{kind}.	Sikeresen azonosítva mint %{kind}.	Successfully identified as %{kind}.
devise.yml	devise.passwords.no_token	Nem férhet hozzá ehhez az oldalhoz, kivéve egy jelszó-visszaállító linken keresztül. Ha egy jelszó-visszaállító linken keresztül jutott hozzá, ellenőrizze, hogy az URL teljes-e.	Ezt az oldalt csak a jelszó-visszaállítási linken keresztül érheti el. Ha jelszó-visszaállítási linken keresztül jutott el, ellenőrizze, hogy az URL teljes-e.	You cannot access this page except through a password reset link. If you have accessed it through a password reset link, please check that the URL is complete.
devise.yml	devise.passwords.send_instructions	Néhány perc múlva kap egy e-mailt, amely a jelszó visszaállítására vonatkozó utasításokat tartalmaz.	Néhány percen belül e-mailt fog kapni, amely tartalmazza a jelszó visszaállítására vonatkozó utasításokat.	In a few minutes, you will receive an email containing instructions on resetting your password.
devise.yml	devise.passwords.send_paranoid_instructions	Ha az e-mail címed benne van az adatbázisunkban, néhány perc múlva kapsz egy linket, amivel visszaállíthatod a jelszavad.	Ha e-mail címe szerepel adatbázisunkban, néhány percen belül kap egy linket, amellyel visszaállíthatja jelszavát.	If your email address is in our database, in a few minutes you will receive a link to use to reset your password.
devise.yml	devise.passwords.updated	A jelszó sikeresen megváltozott. A hitelesítés sikeres.	Jelszava sikeresen megváltozott. A hitelesítés sikeres.	Your password has been changed successfully. Authentication successful.
devise.yml	devise.passwords.updated_not_active	A jelszó sikeresen megváltozott.	Jelszava sikeresen megváltozott.	Your password has been changed successfully.
devise.yml	devise.registrations.destroyed	Viszlát! A fiókját törölték. Reméljük, hamarosan újra látjuk.	Búcsú! Fiókját törölték. Reméljük hamarosan újra találkozunk.	Goodbye! Your account has been cancelled. We hope to see you again soon.
devise.yml	devise.registrations.signed_up	Üdvözlöm! Hitelesítették.	Üdvözöljük! Önt hitelesítették.	Welcome! You have been authenticated.
devise.yml	devise.registrations.signed_up_but_inactive	A regisztráció sikeres volt, de nem lehetett aláírni, mert a fiók nem aktiválódott.	A regisztráció sikeres volt, de nem tudott bejelentkezni, mert fiókja nincs aktiválva.	Your registration was successful, but you could not be signed in because your account has not been activated.
devise.yml	devise.registrations.signed_up_but_locked	A regisztrációja sikeres volt, de nem írhatták alá, mert a fiókja le van zárva.	A regisztráció sikeres volt, de nem tudott bejelentkezni, mert fiókja zárolva van.	Your registration was successful, but you could not be signed in because your account is locked.
devise.yml	devise.registrations.signed_up_but_unconfirmed	Küldtek önnek egy üzenetet, ami egy ellenőrző linket tartalmaz. Kérjük, kattintson erre a linkre, hogy aktiválja fiókját.	Ellenőrző linket tartalmazó üzenetet küldtek Önnek. Kérjük, kattintson erre a linkre fiókja aktiválásához.	You have been sent a message containing a verification link. Please click on this link to activate your account.
devise.yml	devise.registrations.update_needs_confirmation	A fiókját sikeresen frissítettük, de ellenőriznünk kell az új e-mail címét. Kérjük, ellenőrizze az e-mail és kattintson a linkre, hogy teljes a visszaigazolás az új e-mail cím.	Fiókja sikeresen frissítve; azonban igazolnunk kell új e-mail címét. Kérjük, ellenőrizze e-mailjét, és kattintson a linkre az új e-mail cím megerősítésének befejezéséhez.	Your account has been updated successfully; however, we need to verify your new email address. Please check your email and click on the link to complete the confirmation of your new email address.
devise.yml	devise.registrations.updated	A fiókját sikeresen frissítettük.	Fiókja sikeresen frissítve.	Your account has been updated successfully.
devise.yml	devise.sessions.signed_out	Sikerült kijelentkeznie.	Sikeresen kijelentkezett.	You have been signed out successfully.
devise.yml	devise.sessions.already_signed_out	Sikerült kijelentkeznie.	Sikeresen kijelentkezett.	You have been signed out successfully.
devise.yml	devise.unlocks.send_instructions	Néhány perc múlva kap egy e-mailt, amely tartalmazza a fiókjának feloldására vonatkozó utasításokat.	Néhány percen belül kapni fog egy e-mailt, amely a fiók feloldására vonatkozó utasításokat tartalmazza.	In a few minutes, you will receive an email containing instructions on unlocking your account.
devise.yml	devise.unlocks.send_paranoid_instructions	Ha fiókja van, néhány percen belül kap egy e-mailt, amely tartalmazza a fiókjának feloldására vonatkozó utasításokat.	Ha rendelkezik fiókkal, néhány percen belül e-mailt fog kapni, amely tartalmazza a fiók feloldására vonatkozó utasításokat.	If you have an account, in a few minutes you will receive an email containing instructions on unlocking your account.
devise.yml	devise.unlocks.unlocked	A fiókja nyitva van. Kérem, jelentkezzen be, hogy folytassa.	Fiókját feloldottuk. Kérjük, jelentkezzen be a folytatáshoz.	Your account has been unlocked. Please sign in to continue.
devise.yml	errors.messages.already_confirmed	Már ellenőriztük, kérem, jelentkezzen be.	Önt már ellenőrizték; kérjük, próbáljon meg bejelentkezni.	You have already been verified; please attempt to sign in.
devise.yml	errors.messages.confirmation_period_expired	Meg kell vizsgálni belül %{period}Kérem, ismételje meg a kérését.	Ellenőrizni kell %{period}; kérem ismételje meg.	You need to be verified within %{period}; please make a repeat request.
devise.yml	errors.messages.expired	lejárt; kérjük, ismételje meg a kérelmet.	lejárt; kérem ismételje meg.	has expired; please make a repeat request.
devise.yml	errors.messages.not_locked	Nem volt bezárva.	nem volt zárva.	was not locked.
devise.yml	errors.messages.not_saved.one	1 hiba megakadályozta ezt %{resource} hogy megmentsenek. Kérjük, ellenőrizze a kijelölt mezőket, hogy tudja, hogyan kell kijavítani őket:	1 hiba akadályozta meg az %{resource} mentését. Kérjük, ellenőrizze a megjelölt mezőket, hogy megtudja, hogyan javíthatja ki őket:	1 error prevented this %{resource} from being saved. Please check the marked fields to know how to correct them:
devise.yml	errors.messages.not_saved.other	%{count} a hibák megakadályozták ezt %{resource} hogy megmentsenek. Kérjük, ellenőrizze a kijelölt mezőket, hogy tudja, hogyan kell kijavítani őket:	Az %{count} hibák megakadályozták az %{resource} mentését. Kérjük, ellenőrizze a megjelölt mezőket, hogy megtudja, hogyan javíthatja ki őket:	%{count} errors prevented this %{resource} from being saved. Please check the marked fields to know how to correct them:
devise.yml	errors.messages.equal_to_current_password	más, mint a jelenlegi jelszó.	különböznie kell a jelenlegi jelszótól.	must be different than the current password.
devise_views.yml	devise_views.confirmations.new.submit	Utasítások újraküldése	Küldje el újra az utasításokat	Re-send instructions
devise_views.yml	devise_views.confirmations.new.title	A visszaigazolási utasítások újraküldése	Küldje el újra a megerősítő utasításokat	Re-send confirmation instructions
devise_views.yml	devise_views.confirmations.show.new_password_confirmation_label	A hozzáférési jelszó megismétlése	Ismételje meg a hozzáférési jelszót	Repeat access password
devise_views.yml	devise_views.confirmations.show.please_set_password	Kérjük, válassza ki az új jelszót (ez lehetővé teszi, hogy bejelentkezzen a fenti e-mail)	Kérjük, válassza ki az új jelszavát (ez lehetővé teszi a bejelentkezéshez a fenti e-mail címmel)	Please choose your new pasword (it will allow you to login with the email above)
devise_views.yml	devise_views.confirmations.show.submit	Megerősítés	Erősítse meg	Confirm
devise_views.yml	devise_views.confirmations.show.title	Megerősítem a számlámat.	Erősítse meg fiókomat	Confirm my account
devise_views.yml	devise_views.mailer.confirmation_instructions.confirm_link	Megerősítem a számlámat.	Erősítse meg fiókomat	Confirm my account
devise_views.yml	devise_views.mailer.confirmation_instructions.text	Megerősíti e-mail fiókját a következő linken:	Az alábbi linken erősítheti meg e-mail fiókját:	You can confirm your email account at the following link:
devise_views.yml	devise_views.mailer.confirmation_instructions.title	Üdvözlöm.	Üdvözöljük	Welcome
devise_views.yml	devise_views.mailer.confirmation_instructions.welcome	Üdvözlöm.	Üdvözöljük	Welcome
devise_views.yml	devise_views.mailer.reset_password_instructions.change_link	A jelszavam megváltoztatása	Változtasd meg a jelszavamat	Change my password
devise_views.yml	devise_views.mailer.reset_password_instructions.hello	Üdvözöljük	Helló	Hello
devise_views.yml	devise_views.mailer.reset_password_instructions.ignore_text	Ha nem kért jelszót, figyelmen kívül hagyhatja ezt az e-mailt.	Ha nem kérte a jelszó megváltoztatását, figyelmen kívül hagyhatja ezt az e-mailt.	If you did not request a password change, you can ignore this email.
devise_views.yml	devise_views.mailer.reset_password_instructions.info_text	A jelszó nem fog megváltozni, ha nem éred el a linket és nem szerkeszted meg.	Jelszava csak akkor módosul, ha hozzáfér a linkhez és nem módosítja azt.	Your password will not be changed unless you access the link and edit it.
devise_views.yml	devise_views.mailer.reset_password_instructions.text	Kérést kaptunk a jelszó megváltoztatására. Ezt a következő linken teheti meg:	Jelszava megváltoztatására vonatkozó kérést kaptunk. Ezt az alábbi linken teheti meg:	We have received a request to change your password. You can do this at the following link:
devise_views.yml	devise_views.mailer.reset_password_instructions.title	Jelszó megváltoztatása	Változtassa meg jelszavát	Change your password
devise_views.yml	devise_views.mailer.unlock_instructions.hello	Üdvözöljük	Helló	Hello
devise_views.yml	devise_views.mailer.unlock_instructions.info_text	A fiókját blokkolták a sikertelen próbálkozások miatt.	Fiókját a túl sok sikertelen bejelentkezési kísérlet miatt blokkoltuk.	Your account has been blocked due to an excessive number of failed sign-in attempts.
devise_views.yml	devise_views.mailer.unlock_instructions.instructions_text	Kérjük, kattintson erre a linkre, ha szeretné megnyitni fiókját:	Kérjük, kattintson erre a linkre a fiók feloldásához:	Please click on this link to unlock your account:
devise_views.yml	devise_views.mailer.unlock_instructions.title	A számlád le van zárva.	Fiókját zároltuk	Your account has been locked
devise_views.yml	devise_views.mailer.unlock_instructions.unlock_link	A fiókom feloldása	Oldja fel a fiókom zárolását	Unlock my account
devise_views.yml	devise_views.menu.login_items.login	Bejelentkezés	Jelentkezzen be	Sign in
devise_views.yml	devise_views.menu.login_items.logout	Kijelentkezés	Jelentkezzen ki	Sign out
devise_views.yml	devise_views.menu.login_items.signup	Regisztráció	Nyilvántartás	Register
devise_views.yml	devise_views.organizations.registrations.new.password_confirmation_label	Jelszó megerősítése	Erősítse meg a jelszót	Confirm password
devise_views.yml	devise_views.organizations.registrations.new.responsible_name_note	Ez az a személy, akinek a nevében a javaslatokat benyújtják	Ez az a személy lenne, aki azt az egyesületet/kollektívát képviseli, akinek a nevében a javaslatokat előterjesztik	This would be the person representing the association/collective in whose name the proposals are presented
devise_views.yml	devise_views.organizations.registrations.new.submit	Regisztráció	Nyilvántartás	Register
devise_views.yml	devise_views.organizations.registrations.new.title	Szervezeti vagy kollektív nyilvántartás	Regisztráljon szervezetként vagy kollektívaként	Register as an organisation or collective
devise_views.yml	devise_views.organizations.registrations.success.back_to_index	Értem, menj vissza a főoldalra.	értem; vissza a főoldalra	I understand; go back to main page
devise_views.yml	devise_views.organizations.registrations.success.instructions_1	<strong>Hamarosan jelentkezünk.</strong> hogy ellenőrizze, hogy valóban képviseli ezt a kollektívát.	<strong>Hamarosan felvesszük Önnel a kapcsolatot</strong>, hogy ellenőrizzük, valóban képviseli-e ezt a kollektívát.	<strong>We will contact you soon</strong> to verify that you do in fact represent this collective.
devise_views.yml	devise_views.organizations.registrations.success.instructions_2	Míg a <strong>e-mail felülvizsgálat</strong>Küldtünk egy <strong>kapcsolat a fiók megerősítéséhez</strong>.	Amíg <strong>e-mailje ellenőrzés alatt áll</strong>, küldtünk egy <strong>linket, amellyel megerősítheti fiókját</strong>.	While your <strong>email is reviewed</strong>, we have sent you a <strong>link to confirm your account</strong>.
devise_views.yml	devise_views.organizations.registrations.success.instructions_3	Miután megerősítették, elkezdhet részt venni, mint egy ellenőrizetlen kollektív.	A megerősítést követően megkezdheti a részvételt nem ellenőrzött kollektívaként.	Once confirmed, you may begin to participate as an unverified collective.
devise_views.yml	devise_views.organizations.registrations.success.thank_you	Köszönjük, hogy regisztrálta kollektív honlapján. Most már igen. <strong>folyamatban lévő ellenőrzés</strong>.	Köszönjük, hogy regisztrálta kollektíváját a weboldalon. Jelenleg <strong>ellenőrzésre vár</strong>.	Thank you for registering your collective on the website. It is now <strong>pending verification</strong>.
devise_views.yml	devise_views.organizations.registrations.success.title	A szervezet / kollektív szervezet nyilvántartásba vétele	Szervezet / kollektív regisztráció	Registration of organisation / collective
devise_views.yml	devise_views.passwords.edit.change_submit	A jelszavam megváltoztatása	Változtasd meg a jelszavamat	Change my password
devise_views.yml	devise_views.passwords.edit.password_confirmation_label	Új jelszó megerősítése	Erősítse meg az új jelszót	Confirm new password
devise_views.yml	devise_views.passwords.edit.title	Jelszó megváltoztatása	Változtassa meg jelszavát	Change your password
devise_views.yml	devise_views.passwords.new.send_submit	Utasítás küldése	Küldje el az utasításokat	Send instructions
devise_views.yml	devise_views.passwords.new.title	Elfelejtetted a jelszót?	Elfelejtett jelszó?	Forgotten password?
devise_views.yml	devise_views.sessions.new.remember_me	Emlékezz rám!	Emlékezz rám	Remember me
devise_views.yml	devise_views.sessions.new.submit	Belépés	Enter	Enter
devise_views.yml	devise_views.sessions.new.title	Bejelentkezés	Jelentkezzen be	Sign in
devise_views.yml	devise_views.shared.links.login	Belépés	Enter	Enter
devise_views.yml	devise_views.shared.links.new_confirmation	Nem kapott utasítást, hogy aktiválja a fiókját?	Nem kapott utasítást fiókja aktiválásához?	Haven't received instructions to activate your account?
devise_views.yml	devise_views.shared.links.new_password	Elfelejtetted a jelszavad?	Elfelejtette jelszavát?	Forgotten your password?
devise_views.yml	devise_views.shared.links.new_unlock	Még nem kaptak kibontási utasításokat?	Nem kapott feloldási utasítást?	Haven't received unlocking instructions?
devise_views.yml	devise_views.shared.links.signup_link	Regisztráció	Regisztráljon	Sign up
devise_views.yml	devise_views.unlocks.new.email_label	E-mail	Email	Email
devise_views.yml	devise_views.unlocks.new.submit	A feloldási utasítások újraküldése	Küldje el újra a feloldási utasításokat	Re-send unlocking instructions
devise_views.yml	devise_views.unlocks.new.title	A feloldási utasítások újraküldése	Újra elküldte a feloldási utasításokat	Re-sent unlocking instructions
devise_views.yml	devise_views.users.registrations.delete_form.erase_reason_label	Indokolás	Ok	Reason
devise_views.yml	devise_views.users.registrations.delete_form.info	Ezt nem lehet visszacsinálni. Kérlek, győződj meg róla, hogy ezt akarod.	Ez a művelet nem vonható vissza. Kérjük, győződjön meg róla, hogy ezt szeretné.	This action can not be undone. Please make sure this is what you want.
devise_views.yml	devise_views.users.registrations.delete_form.info_reason	Ha akarod, hagyj nekünk egy okot (nem kötelező)	Ha szeretné, adjon meg egy okot (nem kötelező)	If you want, leave us a reason (optional)
devise_views.yml	devise_views.users.registrations.delete_form.submit	Töröld a számlámat!	Törölje a fiókomat	Erase my account
devise_views.yml	devise_views.users.registrations.delete_form.title	Törlőfiók	Fiók törlése	Erase account
devise_views.yml	devise_views.users.registrations.edit.email_label	E-mail	Email	Email
devise_views.yml	devise_views.users.registrations.edit.leave_blank	Hagyja üresen, ha nem kívánja módosítani	Ha nem kívánja módosítani, hagyja üresen	Leave blank if you do not wish to modify
devise_views.yml	devise_views.users.registrations.edit.need_current	Szükségünk van a jelenlegi jelszavadra, hogy megerősítsük a változásokat.	A módosítások megerősítéséhez szükségünk van jelenlegi jelszavára	We need your current password to confirm the changes
devise_views.yml	devise_views.users.registrations.edit.password_confirmation_label	Új jelszó megerősítése	Erősítse meg az új jelszót	Confirm new password
devise_views.yml	devise_views.users.registrations.edit.waiting_for	Várakozás a következők megerősítésére:	Megerősítésre vár:	Awaiting confirmation of:
devise_views.yml	devise_views.users.registrations.new.cancel	Bejelentkezés törlése	Bejelentkezés megszakítása	Cancel login
devise_views.yml	devise_views.users.registrations.new.organization_signup	Egy szervezetet vagy egy kollektívát képvisel? %{signup_link}	Szervezetet vagy kollektívát képvisel? %{signup_link}	Do you represent an organisation or collective? %{signup_link}
devise_views.yml	devise_views.users.registrations.new.organization_signup_link	Itt írja alá.	Regisztráljon itt	Sign up here
devise_views.yml	devise_views.users.registrations.new.password_confirmation_label	Jelszó megerősítése	Erősítse meg a jelszót	Confirm password
devise_views.yml	devise_views.users.registrations.new.submit	Regisztráció	Nyilvántartás	Register
devise_views.yml	devise_views.users.registrations.new.terms	Regisztrálással elfogadja a %{terms}	A regisztrációval elfogadja az %{terms}	By registering you accept the %{terms}
devise_views.yml	devise_views.users.registrations.new.terms_link	használati feltételek	felhasználási feltételek	terms and conditions of use
devise_views.yml	devise_views.users.registrations.new.title	Regisztráció	Nyilvántartás	Register
devise_views.yml	devise_views.users.registrations.new.username_is_available	Felhasználónév	Felhasználónév elérhető	Username available
devise_views.yml	devise_views.users.registrations.new.username_is_not_available	Használatban lévő felhasználónév	A felhasználónév már használatban van	Username already in use
devise_views.yml	devise_views.users.registrations.new.username_note	Név, amely a hozzászólások mellett jelenik meg	A bejegyzések mellett megjelenő név	Name that appears next to your posts
devise_views.yml	devise_views.users.registrations.success.back_to_index	Értem, menj vissza a főoldalra.	értem; vissza a főoldalra	I understand; go back to main page
devise_views.yml	devise_views.users.registrations.success.instructions_1	Kérlek. <b>check your email</b> - küldtünk egy <b>kapcsolat a fiók megerősítéséhez</b>.	Kérjük, <b>nézze meg e-mailjét</b> – küldtünk egy <b>linket a fiókjának megerősítéséhez</b>.	Please <b>check your email</b> - we have sent you a <b>link to confirm your account</b>.
devise_views.yml	devise_views.users.registrations.success.instructions_2	Amint megerősítették, elkezdhetik a részvételt.	A megerősítést követően megkezdheti a részvételt.	Once confirmed, you may begin participation.
devise_views.yml	devise_views.users.registrations.success.thank_you	Köszönjük, hogy regisztrált a honlapon. Most kell. <b>az e-mail cím megerősítése</b>.	Köszönjük, hogy regisztrált a weboldalra. Most <b> kell megerősítenie e-mail címét</b>.	Thank you for registering for the website. You must now <b>confirm your email address</b>.
devise_views.yml	devise_views.users.registrations.success.title	Az e-mail cím megerősítése	Erősítse meg e-mail címét	Confirm your email address
verification.yml	verification.email.create.alert.failure	Volt egy kis probléma azzal, hogy e-mailt küldött a fiókjára.	Hiba történt az e-mail fiókba küldésekor	There was a problem with sending an email to your account
verification.yml	verification.email.create.flash.success	Küldtünk egy visszaigazoló e-mailt a számlájára: %{email}	Megerősítő e-mailt küldtünk a fiókjába: %{email}	We have sent a confirmation email to your account: %{email}
verification.yml	verification.email.show.alert.failure	Hibás ellenőrzési kód	Az ellenőrző kód helytelen	Verification code incorrect
verification.yml	verification.email.show.flash.success	Ön egy ellenőrzött felhasználó	Ön ellenőrzött felhasználó	You are a verified user
verification.yml	verification.letter.alert.unconfirmed_code	Még nem adta meg a visszaigazoló kódot	Még nem adta meg a megerősítő kódot	You have not yet entered the confirmation code
verification.yml	verification.letter.create.flash.success	Köszönöm, hogy kérte a <b>maximális biztonsági kód (csak a zárószavazáshoz szükséges)</b>. Néhány napon belül elküldjük a címre, amely az adatokban található. Kérjük, ne feledje, hogy ha úgy tetszik, akkor összegyűjti a kódot bármelyik Polgári Támogató Hivatal.	Köszönjük, hogy elkérte <b>maximális biztonsági kódját (csak a végső szavazáshoz szükséges)</b>. Néhány napon belül elküldjük a nyilvántartásunkban lévő adatok között szereplő címre. Kérjük, ne feledje, hogy ha úgy tetszik, bármelyik állampolgári támogatási irodától beszerezheti kódját.	Thank you for requesting your <b>maximum security code (only required for the final votes)</b>. In a few days we will send it to the address featuring in the data we have on file. Please remember that, if you prefer, you can collect your code from any of the Citizen Support Offices.
verification.yml	verification.letter.edit.title	A kért levél	Kért levél	Letter requested
verification.yml	verification.letter.errors.incorrect_code	Hibás ellenőrzési kód	Az ellenőrző kód helytelen	Verification code incorrect
verification.yml	verification.letter.new.explanation	A költségvetési projektekre történő szavazás érdekében:	A költségvetési projektekre való szavazáshoz:	In order to vote for budget projects you can:
verification.yml	verification.letter.new.office	Ellenőrzés bármely Polgári Támogató Hivatalban	Ellenőrizze bármely állampolgári támogatási irodában	Verify in any Citizen Support Offices
verification.yml	verification.letter.new.send_letter	Küldj egy levelet a kóddal.	Küldj egy levelet a kóddal	Send me a letter with the code
verification.yml	verification.letter.new.user_permission_info	A számlájával...	Fiókjával...	With your account you can...
verification.yml	verification.letter.update.flash.success	A kód helyes. A fiókját ellenőriztük.	A kód helyes. Fiókja ellenőrzése megtörtént	Code correct. Your account is now verified
verification.yml	verification.redirect_notices.already_verified	A fiókját már ellenőriztük.	Fiókja már igazolva van	Your account is already verified
verification.yml	verification.redirect_notices.email_already_sent	Már küldtünk egy e-mailt egy megerősítő linkkel. Ha nem találja az e-mailt, kérhet egy újabb kiadást itt	Már küldtünk egy e-mailt egy megerősítő linkkel. Ha nem találja az e-mailt, itt kérheti az újrakiadást	We have already sent an email with a confirmation link. If you cannot locate the email, you can request a reissue here
verification.yml	verification.verified_user.show.explanation	Jelenleg a következő adatokat tartjuk a nyilvántartásban; kérjük, válassza ki a visszaigazoló kód elküldésének módját.	Jelenleg az alábbi adatokat tartjuk nyilván a nyilvántartásban; kérjük, válassza ki a megerősítő kód elküldésének módját.	We currently hold the following details on the Register; please select a method for your confirmation code to be sent.
verification.yml	verification.verified_user.show.title	A rendelkezésre álló információk	Elérhető információk	Available information
verification.yml	verification.verified_user.show.use_another_phone	Más telefon használata	Használjon másik telefont	Use other phone
general.yml	account.show.last_sign_in	Utolsó bejelentkezés: %{last_sign_in_at} VI-tól %{last_sign_in_ip}	Utolsó bejelentkezés: %{last_sign_in_at} az IP-ről %{last_sign_in_ip}	Last login: %{last_sign_in_at} from IP %{last_sign_in_ip}
general.yml	account.show.change_credentials_link	A bejelentkezési adatok módosítása	Módosítsa a bejelentkezési adataimat	Change my login details
general.yml	account.show.erase_account_link	Töröld a számlámat!	Törölje a fiókomat	Erase my account
general.yml	account.show.public_interests_my_title_list	Címkék elemek követ	Az Ön által követett elemek címkéi	Tags of elements you follow
general.yml	account.show.public_interests_user_title_list	Címkék elemek ez a felhasználó követi	A felhasználó által követett elemek címkéi	Tags of elements this user follows
general.yml	account.show.save_changes_submit	Változások mentése	Módosítások mentése	Save changes
general.yml	account.show.title	Fiókom	Az én fiókom	My account
general.yml	account.show.user_permission_info	A számlájával...	Fiókjával...	With your account you can...
general.yml	application.close	Bezárás	Közeli	Close
general.yml	comments.actions.confirm_delete	Biztos? Ez a művelet törli ezt a megjegyzést. Nem csinálhatod vissza.	Biztos vagy benne? Ez a művelet törli ezt a megjegyzést. Ez a művelet nem vonható vissza.	Are you sure? This action will delete this comment. You can't undo this action.
general.yml	comments.comments_closed	Az észrevételeket lezárták.	A hozzászólások lezárva	Comments are closed
general.yml	comments.comment.admin	Felelős	Adminisztrátor	Administrator
general.yml	comments.comment.deleted	Ezt az észrevételt törölték.	Ezt a megjegyzést törölték	This comment has been deleted
general.yml	comments.comment.responses.zero	Nincs válasz	Nincsenek válaszok	No responses
general.yml	comments.comment.responses_show.one	1 válasz (mutatja)	1 válasz (show)	1 response (show)
general.yml	comments.comment.responses_show.other	%{count} válaszok (show)	%{count} válaszok (megjelenítés)	%{count} responses (show)
general.yml	comments.comment.responses_show.zero	Nincs válasz	Nincsenek válaszok	No responses
general.yml	comments.comment.responses_collapse.one	1 válasz (összeomlás)	1 válasz (összecsukás)	1 response (collapse)
general.yml	comments.comment.responses_collapse.other	%{count} reakciók (összeomlás)	%{count} válaszok (összecsukás)	%{count} responses (collapse)
general.yml	comments.comment.responses_collapse.zero	Nincs válasz	Nincsenek válaszok	No responses
general.yml	comments.comment.votes.zero	Nincs szavazás	Nincs szavazat	No votes
general.yml	comments.form.comment_as_admin	Megjegyzés adminként	Hozzászólás adminisztrátorként	Comment as admin
general.yml	comments.form.comment_as_moderator	Megjegyzés mint moderátor	Hozzászólás moderátorként	Comment as moderator
general.yml	comments.form.leave_comment	Szólj hozzá!	Hagyja meg észrevételét	Leave your comment
general.yml	comments.orders.most_voted	A legtöbb szavazat	A legtöbben szavaztak	Most voted
general.yml	comments.orders.newest	A következő	Először a legújabb	Newest first
general.yml	comments.orders.oldest	Először a legöregebb.	Először a legidősebb	Oldest first
general.yml	comments.orders.most_commented	A legtöbb megjegyzés	A legtöbb kommentált	Most commented
general.yml	comments.show.return_to_commentable	Menj vissza 	Menj vissza ide	Go back to 
general.yml	comments_helper.comment_button	Közzététel	Megjegyzés közzététele	Publish comment
general.yml	comments_helper.reply_button	Kiadói válasz	Válasz közzététele	Publish reply
general.yml	debates.create.form.submit_button	Vitaindítás	Indítson vitát	Start a debate
general.yml	debates.debate.votes.zero	Nincs szavazás	Nincs szavazat	No votes
general.yml	debates.edit.editing	A vita szerkesztése	Vita szerkesztése	Edit debate
general.yml	debates.edit.form.submit_button	Változások mentése	Módosítások mentése	Save changes
general.yml	debates.form.tags_instructions	Jelölje be ezt a vitát.	Jelölje meg ezt a vitát.	Tag this debate.
general.yml	debates.form.tags_placeholder	"Adja meg a használni kívánt címkét, vesszővel elválasztva ("","")"	Adja meg a használni kívánt címkéket, vesszővel (',') elválasztva.	Enter the tags you would like to use, separated by commas (',')
general.yml	debates.index.orders.confidence_score	legnagyobb névleges	legmagasabb minősítésű	highest rated
general.yml	debates.index.orders.relevance	relevancia	relevanciáját	relevance
general.yml	debates.index.orders.recommendations	ajánlások	ajánlásokat	recommendations
general.yml	debates.index.recommendations.without_results	Az ön érdekeivel kapcsolatban nincsenek viták.	Nincsenek viták az Ön érdeklődési körével kapcsolatban	There are no debates related to your interests
general.yml	debates.index.recommendations.without_interests	Kövesse a javaslatokat, hogy ajánlásokat tehessünk.	Kövesse a javaslatokat, hogy javaslatokat tudjunk adni	Follow proposals so we can give you recommendations
general.yml	debates.index.recommendations.disable	A vitákra vonatkozó ajánlások nem mutatnak többet, ha elutasítja őket. Újra engedélyezheted őket a 'Számlám' oldalon	"A vitákra vonatkozó javaslatok nem jelennek meg, ha elveti őket. A ""Fiókom"" oldalon ismét engedélyezheti őket"	Recommendations for debates will stop showing if you dismiss them. You can enable them again in 'My account' page
general.yml	debates.index.recommendations.actions.success	Az erre a számlára vonatkozó, vitákra vonatkozó ajánlások jelenleg tiltottak.	A vitákra vonatkozó javaslatok le vannak tiltva ennél a fióknál	Recommendations for debates are now disabled for this account
general.yml	debates.index.recommendations.actions.error	Hiba történt. Kérjük, látogasson el a 'Számlám' oldalra, hogy manuálisan letiltsa a vitákra vonatkozó ajánlásokat	"Hiba történt. Kérjük, lépjen a ""Fiókom"" oldalra a vitákra vonatkozó javaslatok manuális letiltásához"	An error has occured. Please go to 'My account' page to manually disable recommendations for debates
general.yml	debates.index.search_form.placeholder	Keresés viták...	Viták keresése...	Search debates...
general.yml	debates.index.start_debate	Vitaindítás	Indítson vitát	Start a debate
general.yml	debates.index.section_header.icon_alt	Vita ikon	Viták ikonra	Debates icon
general.yml	debates.index.section_header.help	A viták segítése	Segítség a vitákban	Help with debates
general.yml	debates.index.section_footer.title	A viták segítése	Segítség a vitákban	Help with debates
general.yml	debates.index.section_footer.description	Kezdje meg a vitát, hogy véleményeket osszon meg másokkal az Ön által érintett témákról.	Indítson vitát, és ossza meg véleményét másokkal az Önt foglalkoztató témákról.	Start a debate to share opinions with others about the topics you are concerned about.
general.yml	debates.index.section_footer.help_text_1	A polgárok vitáinak helye mindenkit megcéloz, aki ki tudja tárni az aggodalmaival kapcsolatos kérdéseket, és azokat, akik véleményt kívánnak nyilvánítani más emberekkel.	A polgári viták tere mindenkit megcéloz, aki fel tudja fedni aggodalmát, illetve azokat, akik meg akarják osztani véleményüket másokkal.	The space for citizen debates is aimed at anyone who can expose issues of their concern and those who want to share opinions with other people.
general.yml	debates.index.section_footer.help_text_2	"A vita megkezdéséhez alá kell írnod %{org}A felhasználók a nyílt vitákról is nyilatkozhatnak, és ezeket az ""Egyetértek"" vagy az ""Nem értek egyet"" gombokkal minősíthetik."	A vita megnyitásához regisztrálnia kell az %{org} oldalon. A felhasználók megjegyzéseket fűzhetnek a nyílt vitákhoz, és értékelhetik azokat az „egyetértek” vagy a „nem értek egyet” gombokkal, amelyek mindegyikében találhatók.	"To open a debate you need to sign up on %{org}. Users can also comment on open debates and rate them with the ""I agree"" or ""I disagree"" buttons found in each of them."
general.yml	debates.new.form.submit_button	Vitaindítás	Indítson vitát	Start a debate
general.yml	debates.new.recommendation_four	Élvezze ezt a helyet és a hangokat, amik megtöltik. A tiéd is.	Élvezze ezt a teret és az azt betöltő hangokat. Ez is hozzád tartozik.	Enjoy this space and the voices that fill it. It belongs to you too.
general.yml	debates.new.recommendation_one	Ne használjon nagybetűket a vita címe vagy egész mondatok. Az interneten ezt kiáltásnak tekintik. És senki sem szereti, ha kiabálnak.	Ne használjon nagybetűt a vita címében vagy egész mondatokban. Az interneten ez kiabálásnak számít. És senki sem szereti, ha kiabálnak.	Do not use capital letters for the debate title or for whole sentences. On the internet, this is considered shouting. And nobody likes being shouted at.
general.yml	debates.new.recommendation_three	A könyörtelen kritikát nagyon szívesen látjuk. Ez egy hely a tükörképnek. De azt javasoljuk, hogy ragaszkodjon az eleganciához és az intelligenciához. A világ jobb hely ezekkel az erényekkel.	A kíméletlen kritikát nagyon szívesen fogadjuk. Ez a tere a reflexiónak. De azt javasoljuk, hogy ragaszkodjon az eleganciához és az intelligenciához. A világ jobb hely ezekkel az erényekkel.	Ruthless criticism is very welcome. This is a space for reflection. But we recommend that you stick to elegance and intelligence. The world is a better place with these virtues in it.
general.yml	debates.new.recommendation_two	Minden olyan vitát vagy észrevételt, amely jogellenes cselekvésre utal, törölni kell, valamint azokat, akik szabotálni kívánják a vitát. Minden más megengedett.	Minden olyan vitát vagy megjegyzést, amely illegális cselekvésre utal, töröljük, valamint a vitatereket szabotálni szándékozókat is. Minden más megengedett.	Any debate or comment suggesting illegal action will be deleted, as well as those intending to sabotage the debate spaces. Anything else is allowed.
general.yml	debates.new.recommendations_title	Vitaindító ajánlások	Javaslatok vita létrehozásához	Recommendations for creating a debate
general.yml	debates.new.start_new	Vitaindítás	Indítson vitát	Start a debate
general.yml	debates.show.flag	Ezt a vitát több felhasználó is helytelennek minősítette.	Ezt a vitát több felhasználó nem megfelelőként jelölte meg.	This debate has been flagged as inappropriate by several users.
general.yml	debates.show.share	Megosztás	Részesedés	Share
general.yml	debates.update.form.submit_button	Változások mentése	Módosítások mentése	Save changes
general.yml	errors.messages.allowed_file_content_types	A tartalom típusának a következők egyikének kell lennie: %{types}	tartalomtípusnak az %{types} egyikének kell lennie	content type must be one of %{types}
general.yml	errors.messages.user_not_found	Nem található	Felhasználó nem található	User not found
general.yml	errors.messages.past_date	Nem lehet múlt dátum.	Nem lehet múltbeli dátum	Must not be a past date
general.yml	errors.messages.cannot_change_date.poll_started	Nem változtatható meg, ha a szavazás már megkezdődött	Nem módosítható, ha a szavazás már elkezdődött	Cannot be changed if voting has already started
general.yml	errors.messages.cannot_change_date.poll_ended	Nem változtatható meg, ha a szavazás már befejeződött	Nem módosítható, ha a szavazás már véget ért	Cannot be changed if voting has already ended
general.yml	form.accept_terms	Egyetértek a %{policy} és %{conditions}	Elfogadom az %{policy} és %{conditions}	I agree to the %{policy} and the %{conditions}
general.yml	form.direct_message	zártkörű üzenet	privát üzenet	private message
general.yml	form.errors	hibák	hibákat	errors
general.yml	form.not_saved	megakadályozta ezt %{resource} hogy megmentsenek. <br>Kérjük, ellenőrizze a kijelölt mezőket, hogy tudja, hogyan kell kijavítani őket:	megakadályozta az %{resource} mentését. <br>Kérjük, ellenőrizze a megjelölt mezőket, hogy megtudja, hogyan javíthatja ki őket:	prevented this %{resource} from being saved. <br>Please check the marked fields to know how to correct them:
general.yml	form.policy	Adatvédelmi irányelvek	Adatvédelmi szabályzat	Privacy Policy
general.yml	form.banner	Értesítési sáv	transzparens	banner
general.yml	form.proposal_notification	Értesítés	Bejelentés	Notification
general.yml	form.budget/investment	Beruházások	Beruházás	Investment
general.yml	form.budget/heading	Költségvetési tétel	Költségvetési rovat	Budget Heading
general.yml	form.geozone	geozon	geozóna	geozone
general.yml	form.poll/shift	Változás	Váltás	Shift
general.yml	form.user	Fiók	fiók	Account
general.yml	form.signature_sheet	Aláírás	Aláíró lap	Signature sheet
general.yml	form.local_census_record	Helyi népszámlálási rekord	Helyi népszámlálási jegyzőkönyv	Local Census Record
general.yml	form.local_census_records/import	Helyi népszámlálási adatok importálása	Helyi népszámlálási nyilvántartások importálása	Local Census Records Import
general.yml	form.site_customization/content_block	tartalomjegyzék	tartalomblokk	content block
general.yml	form.site_customization/page	oldal	oldalon	page
general.yml	form.sdg/local_target	helyi cél	helyi célpont	local target
general.yml	geozones.none	Minden város	Az egész város	All city
general.yml	layouts.dashboard.proposal_header.published	Megjelent	Közzétett	Published
general.yml	layouts.dashboard.proposal_header.draft	Táblázat	Piszkozat	Draft
general.yml	layouts.dashboard.proposal_header.retired	Visszavonás	Visszavont	Withdrawn
general.yml	layouts.dashboard.proposal_totals.community	Résztvevők a közösségben	A közösséged résztvevői	Participants in your community
general.yml	layouts.dashboard.proposal_totals.show_proposal	A javaslat megjelenítése	Javaslat megjelenítése	Show proposal
general.yml	layouts.dashboard.proposal_totals.preview_proposal	Előzetes javaslat	Javaslat előnézete	Preview proposal
general.yml	layouts.dashboard.proposal_totals.supports.one	1 támogatás	1 Támogatás	1 Support
general.yml	layouts.dashboard.proposal_totals.supports.other	Támogatások	Támogatja	Supports
general.yml	layouts.header.officing	Szavazati tisztviselők	Szavazó tisztek	Polling officers
general.yml	layouts.header.notification_item.new_notifications.one	Új értesítésed van.	Új értesítése van	You have a new notification
general.yml	layouts.header.notification_item.new_notifications.other	Igen. %{count} új értesítések	Új értesítései vannak %{count}	You have %{count} new notifications
general.yml	layouts.header.notification_item.new_notifications.zero	Nincs új értesítésed.	Nincsenek új értesítései	You don't have new notifications
general.yml	notifications.index.empty_notifications	Nincs új értesítésed.	Nincsenek új értesítései.	You don't have new notifications.
general.yml	notifications.index.mark_all_as_read	Jelölje be olvasottnak	Az összes megjelölése olvasottként	Mark all as read
general.yml	notifications.index.read	Olvassa el	Olvas	Read
general.yml	notifications.index.unread	Olvasatlan	Nem olvasott	Unread
general.yml	notifications.notification.action.comments_on.one	Valaki megjegyezte:	Valaki hozzászólt	Someone commented on
general.yml	notifications.notification.action.comments_on.other	Vannak %{count} új megjegyzések	%{count} új megjegyzés érkezett	There are %{count} new comments on
general.yml	notifications.notification.action.proposal_notification.one	Van egy új bejelentés a	Egy új értesítés érkezett	There is one new notification on
general.yml	notifications.notification.action.proposal_notification.other	Vannak %{count} új értesítések	%{count} új értesítések vannak bekapcsolva	There are %{count} new notifications on
general.yml	notifications.notification.action.replies_to.one	Valaki válaszolt a megjegyzésedre.	Valaki válaszolt a megjegyzésére	Someone replied to your comment on
general.yml	notifications.notification.action.replies_to.other	Vannak %{count} új válaszok az Ön észrevételeit	%{count} új válasz érkezett az Ön megjegyzésére	There are %{count} new replies to your comment on
general.yml	notifications.notification.mark_as_read	Jelölje olvasottnak	Megjelölés olvasottként	Mark as read
general.yml	notifications.notification.mark_as_unread	Jelölje olvasatlannak	Megjelölés olvasatlanként	Mark as unread
general.yml	notifications.notification.notifiable_hidden	Ez az erőforrás már nem áll rendelkezésre.	Ez az erőforrás már nem érhető el.	This resource is not available anymore.
general.yml	map.title	Digitális	kerületek	Districts
general.yml	map.proposal_for_district	Indíts egy javaslatot a körzetednek.	Tegyen javaslatot a kerületére	Start a proposal for your district
general.yml	map.start_proposal	Javaslat létrehozása	Hozzon létre egy ajánlatot	Create a proposal
general.yml	omniauth.facebook.sign_in	Jelentkezz be Facebookkal	Jelentkezz be a Facebookon	Sign in with Facebook
general.yml	omniauth.facebook.sign_up	Feliratkozás Facebookra	Regisztrálj a Facebookon	Sign up with Facebook
general.yml	omniauth.finish_signup.username_warning	"A közösségi hálózatokkal való kapcsolattartás módjának megváltozása miatt lehetséges, hogy a felhasználóneve ""már használatban van"". Ha ez az ön esete, válasszon egy másik felhasználónevet."	A közösségi hálózatokkal való interakcióban bekövetkezett változás miatt előfordulhat, hogy felhasználóneve „már használatban”ként jelenik meg. Ha ez az Ön esete, válasszon másik felhasználónevet.	Due to a change in the way we interact with social networks, it is possible that your username now appears as 'already in use'. If that is your case, please choose a different username.
general.yml	omniauth.google_oauth2.sign_in	Jelentkezzen be a Google	Jelentkezzen be a Google-lal	Sign in with Google
general.yml	omniauth.google_oauth2.sign_up	Jelölje be a Google	Regisztráljon a Google-lal	Sign up with Google
general.yml	omniauth.wordpress_oauth2.sign_in	Jelentkezzen be Wordpress	Jelentkezzen be a Wordpress segítségével	Sign in with Wordpress
general.yml	omniauth.wordpress_oauth2.sign_up	Regisztráljon Wordpress	Regisztráljon a Wordpress segítségével	Sign up with Wordpress
general.yml	omniauth.twitter.sign_up	Iratkozz fel a Twitterre	Regisztráljon a Twitteren	Sign up with Twitter
general.yml	omniauth.info.sign_in	Jelölje be:	Bejelentkezés a következővel:	Sign in with:
general.yml	omniauth.info.sign_up	Feliratkozás:	Regisztráljon a következővel:	Sign up with:
general.yml	omniauth.saml.sign_in	Jelölje be SAML-lel	Jelentkezzen be SAML-lel	Sign in with SAML
general.yml	omniauth.saml.sign_up	Jelölje be SAML-lel	Regisztráljon SAML-lel	Sign up with SAML
general.yml	omniauth.saml.name	MINTA	SAML	SAML
general.yml	omniauth.oidc.sign_in	Bejelentkezés OIDC-vel	Jelentkezzen be az OIDC-vel	Sign in with OIDC
general.yml	omniauth.oidc.sign_up	Feliratkozás OIDC-vel	Regisztráljon az OIDC-vel	Sign up with OIDC
general.yml	omniauth.or_fill	Vagy töltse ki a következő űrlapot:	Vagy töltse ki az alábbi űrlapot:	Or fill the following form:
general.yml	proposals.create.form.submit_button	Javaslat létrehozása	Készítsen ajánlatot	Create proposal
general.yml	proposals.created.title	Gratulálok! Megtetted az első lépést.	Gratulálok! Ön megtette az első lépést.	Congratulations! You have taken the first step.
general.yml	proposals.created.motivation	Fontos előkészíteni a kampányt, hogy az Ön javaslata sikeres legyen. Az első néhány nap döntő fontosságú.	Fontos, hogy előkészítse az indító kampányt, hogy javaslata sikeres legyen. Az első napok döntőek.	It is important to prepare the launch campaign for your proposal to be successful. The first few days are decisive.
general.yml	proposals.created.motivation_2	<strong>Ha azt szeretné, hogy a kiadvány elkészítésére vonatkozó ajánlások tervezetként hagyják el javaslatukat, és mi vezetjük Önöket.</strong>	<strong>Ha javaslatokat szeretne a közzététel előkészítéséhez, hagyja meg javaslatát vázlatként, mi pedig útmutatást adunk.</strong>	<strong>If you want recommendations to prepare the publishing leave your proposal as a draft and we will guide you.</strong>
general.yml	proposals.created.publish	Nem, közzé akarom tenni a javaslatot.	Nem, szeretném közzétenni a javaslatot	No, I want to publish the proposal
general.yml	proposals.created.dashboard	Igen, segítséget kérek, és később publikálok.	Igen, segítséget szeretnék kérni, és később közzéteszem	Yes, I want help and I'll publish later
general.yml	proposals.created.preview_title	Így fog kinézni az ajánlata, amikor közzéteszi.	Így fog kinézni az ajánlata, amikor közzéteszi	This is how your proposal will look when you publish it
general.yml	proposals.share.improve_it	Javítsa a kampányát, és kapjon több támogatást.	Javítsa kampányát, és szerezzen több támogatást.	Improve your campaign and get more support.
general.yml	proposals.share.dashboard	További információk	További információk megtekintése	See more information
general.yml	proposals.share.message	javaslat támogatása. %{title} in %{handle}Ha érdekel, javaslat támogatása!	Támogattam az %{title} javaslatot az %{handle}-ben. Ha érdekel, támogass te is!	I supported the proposal %{title} in %{handle}. If you're interested, support it too!
general.yml	proposals.edit.editing	A javaslat módosítása	Javaslat szerkesztése	Edit proposal
general.yml	proposals.edit.form.submit_button	Változások mentése	Módosítások mentése	Save changes
general.yml	proposals.edit.show_link	A javaslat megtekintése	Ajánlat megtekintése	View proposal
general.yml	proposals.retire_form.warning	Ha visszavonja a javaslatot, akkor továbbra is elfogadja a javaslat támogatása	Ha visszavonja az ajánlatot, továbbra is elfogadja a támogatásokat, de eltávolítja a fő listáról, és minden felhasználó számára megjelenik egy üzenet, amely szerint a szerző szerint a javaslatot nem kellene többé támogatni	If you withdraw the proposal it will still accept supports, but will be removed from the main list and a message will be visible to all users stating that the author considers the proposal should not be supported anymore
general.yml	proposals.retire_form.retired_reason_blank	Válasszon egy opciót	Válasszon egy lehetőséget	Choose an option
general.yml	proposals.retire_form.retired_explanation_placeholder	Rövidesen fejtse ki, miért gondolja úgy, hogy ez a javaslat nem kaphat több javaslat támogatása	Röviden indokolja meg, hogy Ön szerint miért ne kapjon több támogatást ez a javaslat	Explain shortly why you think this proposal should not receive more supports
general.yml	proposals.retire_options.duplicated	Duplikált	Megkettőzött	Duplicated
general.yml	proposals.retire_options.started	Már folyamatban van.	Már folyamatban van	Already underway
general.yml	proposals.retire_options.unfeasible	Nem megvalósítható	Megvalósíthatatlan	Unfeasible
general.yml	proposals.retire_options.done	Kész.	Kész	Done
general.yml	proposals.retire_options.other	Egyéb	Más	Other
general.yml	proposals.form.proposal_responsible_name_note	(egyénileg vagy a kollektíva képviselőjeként; nem jelenik meg nyilvánosan)	(egyénileg vagy kollektíva képviselőjeként; nyilvánosan nem jelenik meg)	(individually or as representative of a collective; will not be displayed publically)
general.yml	proposals.form.proposal_summary_note	(legfeljebb 200 karakter)	(maximum 200 karakter)	(maximum 200 characters)
general.yml	proposals.form.proposal_video_url_note	A YouTube-ra vagy a Vimeo-ra linket adhatsz	Hozzáadhat egy linket a YouTube-hoz vagy a Vimeóhoz	You may add a link to YouTube or Vimeo
general.yml	proposals.form.tags_instructions	Jelölje be ezt a javaslatot. Választhat a javasolt kategóriák közül vagy hozzáadhatja a saját	Jelölje meg ezt az ajánlatot. Választhat a javasolt kategóriák közül, vagy hozzáadhat sajátot	Tag this proposal. You can choose from proposed categories or add your own
general.yml	proposals.form.tags_placeholder	"Adja meg a használni kívánt címkét, vesszővel elválasztva ("","")"	Adja meg a használni kívánt címkéket, vesszővel (',') elválasztva.	Enter the tags you would like to use, separated by commas (',')
general.yml	proposals.form.map_location	A térkép helye	Térképes hely	Map location
general.yml	proposals.form.map_location_instructions	Távolítsa el a térképet és helyezze el a jelölőt.	Navigáljon a térképen a kívánt helyre, és helyezze el a jelölőt.	Navigate the map to the location and place the marker.
general.yml	proposals.form.map_marker_coordinates	Földrajzi szélesség: %{latitude}Hosszúság: %{longitude}	Szélesség: %{latitude}. Hosszúság: %{longitude}	Latitude: %{latitude}. Longitude: %{longitude}
general.yml	proposals.form.map_remove_marker	A térképjelző eltávolítása	Távolítsa el a térképjelzőt	Remove map marker
general.yml	proposals.index.orders.confidence_score	legnagyobb névleges	legmagasabb minősítésű	highest rated
general.yml	proposals.index.orders.most_commented	a legtöbb megjegyzés	legtöbbször kommentáltak	most commented
general.yml	proposals.index.orders.relevance	relevancia	relevanciáját	relevance
general.yml	proposals.index.orders.archival_date	archivált	archiválva	archived
general.yml	proposals.index.orders.recommendations	ajánlások	ajánlásokat	recommendations
general.yml	proposals.index.recommendations.without_results	Az ön érdekeivel kapcsolatban nincsenek javaslatok.	Nincsenek az Ön érdeklődési köréhez kapcsolódó ajánlatok	There are not proposals related to your interests
general.yml	proposals.index.recommendations.without_interests	Kövesse a javaslatokat, hogy ajánlásokat tehessünk.	Kövesse a javaslatokat, hogy javaslatokat tudjunk adni	Follow proposals so we can give you recommendations
general.yml	proposals.index.recommendations.disable	A javaslatokra vonatkozó ajánlások nem mutatnak többet, ha elutasítják azokat. Újra engedélyezheted őket a 'Számlám' oldalon	"Az ajánlatokra vonatkozó ajánlások nem jelennek meg, ha elutasítja őket. A ""Fiókom"" oldalon ismét engedélyezheti őket"	Recommendations for proposals will stop showing if you dismiss them. You can enable them again in 'My account' page
general.yml	proposals.index.recommendations.actions.success	Az ajánlattételre vonatkozó ajánlások jelenleg nem szerepelnek a számlán.	Az ajánlatokra vonatkozó ajánlások le vannak tiltva ennél a fióknál	Recommendations for proposals are now disabled for this account
general.yml	proposals.index.recommendations.actions.error	Hiba történt. Kérjük, látogasson el a 'Számlám' oldalra, hogy manuálisan letiltsa a javaslatokat	"Hiba történt. Kérjük, lépjen a ""Fiókom"" oldalra az ajánlati javaslatok manuális letiltásához"	An error has occured. Please go to 'My account' page to manually disable recommendations for proposals
general.yml	proposals.index.retired_proposals	A visszavont javaslatok	Visszavont javaslatok	Withdrawn proposals
general.yml	proposals.index.retired_proposals_link	A szerző visszavont javaslatai	A szerző által visszavont javaslatok	Proposals withdrawn by the author
general.yml	proposals.index.selected_proposals	Kiválasztott javaslatok	Válogatott ajánlatok	Selected proposals
general.yml	proposals.index.selected_proposals_link	A kiválasztott javaslatok megtekintése	A kiválasztott ajánlatok megtekintése	View selected proposals
general.yml	proposals.index.archived_proposals	Archivált javaslatok	Archivált ajánlatok	Archived proposals
general.yml	proposals.index.retired_links.all	Valamennyi	Minden	All
general.yml	proposals.index.retired_links.duplicated	Duplikált	Megkettőzött	Duplicated
general.yml	proposals.index.retired_links.started	Felfelé	Folyamatban	Underway
general.yml	proposals.index.retired_links.unfeasible	Nem megvalósítható	Megvalósíthatatlan	Unfeasible
general.yml	proposals.index.retired_links.done	Kész.	Kész	Done
general.yml	proposals.index.retired_links.other	Egyéb	Más	Other
general.yml	proposals.index.search_form.placeholder	Keresés...	Ajánlatok keresése...	Search proposals...
general.yml	proposals.index.search_results.one	 a kifejezést <strong>'%{search_term}'</strong>	"az <strong>""%{search_term}""</strong> kifejezést tartalmazza"	 containing the term <strong>'%{search_term}'</strong>
general.yml	proposals.index.search_results.other	 a kifejezést <strong>'%{search_term}'</strong>	"az <strong>""%{search_term}""</strong> kifejezést tartalmazza"	 containing the term <strong>'%{search_term}'</strong>
general.yml	proposals.index.select_order_long	Ön megtekintheti a javaslatokat az alábbiak szerint:	A következőképpen tekinti meg az ajánlatokat:	You are viewing proposals according to:
general.yml	proposals.index.start_proposal	Javaslat létrehozása	Hozzon létre egy ajánlatot	Create a proposal
general.yml	proposals.index.top_link_proposals	A leginkább javaslat támogatása	A legtöbbet támogatott javaslatok kategóriánként	The most supported proposals by category
general.yml	proposals.index.section_header.icon_alt	Javaslatok ikon	Javaslatok ikonra	Proposals icon
general.yml	proposals.index.section_header.help	A javaslatok kidolgozása	Segítség javaslatokkal	Help with proposals
general.yml	proposals.index.section_footer.title	A javaslatok kidolgozása	Segítség javaslatokkal	Help with proposals
general.yml	proposals.index.section_footer.description	A polgárok javaslatai lehetőséget adnak a szomszédoknak és a kollektíváknak arra, hogy közvetlenül döntsenek arról, hogyan kívánják elérni városukat, miután megfelelő javaslat támogatása.	A polgárok javaslatai lehetőséget adnak a szomszédok és a kollektívák számára, hogy közvetlenül eldöntsék, milyennek szeretnék városukat, miután elegendő támogatást kaptak és polgári szavazásra bocsátották őket.	Citizens' proposals are an opportunity for neighbours and collectives to decide directly how they want their city to be, after getting sufficient support and submitting to a citizens' vote.
general.yml	proposals.new.form.submit_button	Javaslat létrehozása	Készítsen ajánlatot	Create proposal
general.yml	proposals.new.more_info	Hogyan működnek a polgárok javaslatai?	Hogyan működnek a polgári javaslatok?	How do citizen proposals work?
general.yml	proposals.new.recommendation_one	Ne használj nagybetűket a pályázat címében vagy egész mondataiban. Az interneten ezt kiáltásnak tekintik. És senki sem szereti, ha kiabálnak.	Ne használjon nagybetűt az ajánlat címében vagy egész mondatokban. Az interneten ez kiabálásnak számít. És senki sem szereti, ha kiabálnak.	Do not use capital letters for the proposal title or for whole sentences. On the internet, this is considered shouting. And nobody likes being shouted at.
general.yml	proposals.new.recommendation_three	Élvezze ezt a helyet és a hangokat, amik megtöltik. A tiéd is.	Élvezze ezt a teret és az azt betöltő hangokat. Ez is hozzád tartozik.	Enjoy this space and the voices that fill it. It belongs to you too.
general.yml	proposals.new.recommendation_two	Minden olyan javaslatot vagy észrevételt, amely jogellenes cselekvésre utal, törölni kell, valamint azokat, akik a vitateret kívánják szabotálni. Minden más megengedett.	Törölni fognak minden olyan javaslatot vagy megjegyzést, amely jogellenes cselekvésre utal, valamint azokat, amelyek a vitatereket szabotálni szándékoznak. Minden más megengedett.	Any proposal or comment suggesting illegal action will be deleted, as well as those intending to sabotage the debate spaces. Anything else is allowed.
general.yml	proposals.new.recommendations_title	Ajánlások a javaslat elkészítéséhez	Javaslatok az ajánlat elkészítéséhez	Recommendations for creating a proposal
general.yml	proposals.new.start_new	Új javaslat létrehozása	Új ajánlat létrehozása	Create new proposal
general.yml	proposals.notice.retired	A javaslatot visszavonták.	A javaslatot visszavonták	The proposal has been withdrawn
general.yml	proposals.proposal.created	Megalapítottad az ajánlatot!	Létrehozott egy ajánlatot!	You've created a proposal!
general.yml	proposals.proposal.share.guide	Most megoszthatod, hogy az emberek támogathassanak.	Most megoszthatod, hogy az emberek elkezdhessék támogatni.	Now you can share it so people can start supporting.
general.yml	proposals.proposal.share.edit	Mielőtt megosztják, megváltoztathatja a szöveget, ahogy akarja.	Mielőtt megosztaná, tetszés szerint módosíthatja a szöveget.	Before it gets shared you'll be able to change the text as you like.
general.yml	proposals.proposal.share.view_proposal	Ne most, menj az ajánlatomra.	Ne most, menjen az én javaslatomra	Not now, go to my proposal
general.yml	proposals.proposal.support_label	%{proposal} támogatása	Támogatás %{proposal}	Support %{proposal}
general.yml	proposals.proposal.support_title	Javaslat támogatása	Támogassa ezt a javaslatot	Support this proposal
general.yml	proposals.proposal.supports.other	%{count} támaszok	%{count} támogatja	%{count} supports
general.yml	proposals.proposal.votes.zero	Nincs szavazás	Nincs szavazat	No votes
general.yml	proposals.proposal.supports_necessary	%{number} szükséges támogatás	%{number} támogatás szükséges	%{number} supports needed
general.yml	proposals.proposal.archived	Ezt a javaslatot archiválták, és nem tud támogatást gyűjteni.	Ezt az ajánlatot archiválták, és nem gyűjthet támogatást.	This proposal has been archived and can't collect supports.
general.yml	proposals.proposal.successful	Ez a javaslat elérte a szükséges támogatást.	Ez a javaslat elérte a szükséges támogatottságot.	This proposal has reached the required supports.
general.yml	proposals.proposal.selected	Kiválasztott javaslat	Kiválasztott ajánlat	Selected proposal
general.yml	proposals.show.code	Javaslatkód:	Ajánlat kódja:	Proposal code:
general.yml	proposals.show.dashboard_proposal_link	Hajódeszka	Műszerfal	Dashboard
general.yml	proposals.show.flag	Ezt a javaslatot több felhasználó is helytelennek minősítette.	Ezt a javaslatot több felhasználó nem megfelelőként jelölte meg.	This proposal has been flagged as inappropriate by several users.
general.yml	proposals.show.retired_warning	A szerző szerint ez a javaslat nem részesülhet több támogatásban.	A szerző szerint ez a javaslat nem kaphat több támogatást.	The author considers this proposal should not receive more supports.
general.yml	proposals.show.retired_warning_link_to_explanation	Olvassa el a magyarázatot, mielőtt szavazna rá.	Mielőtt rá szavazna, olvassa el a magyarázatot.	Read the explanation before voting for it.
general.yml	proposals.show.retired	A szerző visszavonta a javaslatot	A javaslatot a szerző visszavonta	Proposal withdrawn by the author
general.yml	proposals.show.share	Megosztás	Részesedés	Share
general.yml	proposals.show.embed_video_title	Videó %{proposal}	Videó az %{proposal}-on	Video on %{proposal}
general.yml	proposals.show.draft	A javaslat tervezete. Még nem kaphatunk javaslat támogatása.	Javaslat tervezetben. Még nem kaphat támogatást, és nem is szerepel a javaslatok között.	Proposal in draft. Cannot yet get supports, nor does it appear in the list of proposals.
general.yml	proposals.update.form.submit_button	Változások mentése	Módosítások mentése	Save changes
general.yml	dashboard.menu.my_proposal	A javaslatom módosítása	Szerkessze az ajánlatomat	Edit my proposal
general.yml	dashboard.menu.progress	Előrehaladás	Előrehalad	Progress
general.yml	dashboard.menu.resources	Erőforrások	Erőforrás	Resources
general.yml	dashboard.menu.mailing	E-mail	Email	E-mail
general.yml	dashboard.menu.poster	Plakát	Poszter	Poster
general.yml	dashboard.menu.recommended_actions	Ajánlott intézkedések	Javasolt műveletek	Recommended actions
general.yml	dashboard.form.request	Kérelem	Kér	Request
general.yml	dashboard.create_request.success	A kérést sikeresen elküldtük. Amint lehet, kapcsolatba lépünk Önnel, hogy tájékoztassuk.	A kérést sikeresen elküldtük. A lehető leghamarabb felvesszük Önnel a kapcsolatot, hogy tájékoztassuk erről.	The request has been successfully sent. We will contact you as soon as possible to inform you about it.
general.yml	dashboard.create_request.archived	Ez a javaslat archivált, és nem kérhet forrásokat.	Ez az ajánlat archiválva van, és nem igényelhet erőforrásokat.	This proposal is archived and can not request resources.
general.yml	dashboard.progress.title	Grafikai	Grafikus	Graphic
general.yml	dashboard.progress.group_by_week	Hetente	Heti	Weekly
general.yml	dashboard.progress.progress	táblázat	Halmozott haladás	Accumulated progress
general.yml	dashboard.progress.supports	Támogatások	Támogatja	Supports
general.yml	dashboard.progress.success	Ideális előrelépés	Ideális haladás	Ideal progress
general.yml	dashboard.index.edit_proposal_link	A javaslat módosítása	Javaslat szerkesztése	Edit proposal
general.yml	dashboard.index.publish	A javaslat közzététele	Javaslat közzététele	Publish proposal
general.yml	dashboard.resources.available_resources	A rendelkezésre álló források	Rendelkezésre álló források	Available resources
general.yml	dashboard.resource.required_supports	%{supports} szükséges támaszok	%{supports} támogatás szükséges	%{supports} supports required
general.yml	dashboard.resource.view_resource	Lásd az erőforrást	Lásd a forrást	See resource
general.yml	dashboard.resource.resource_requested	A már igényelt források	Az erőforrás már kérve	Resource already requested
general.yml	dashboard.resource.request_resource	Kért forrás	Erőforrás kérése	Request resource
general.yml	dashboard.resource.resource_locked	Erőforrás lezárva	Erőforrás zárolva	Resource locked
general.yml	dashboard.recommended_actions.title	Ajánlott intézkedések	Javasolt műveletek	Recommended actions
general.yml	dashboard.recommended_actions.goto_proposed_actions	A javasolt intézkedések	Lépjen a javasolt műveletekhez	Go to recommended actions
general.yml	dashboard.recommended_actions.see_proposed_actions	Az ajánlott intézkedések ellenőrzése	Tekintse meg a javasolt műveleteket	Check out recommended actions
general.yml	dashboard.recommended_actions.hide_proposed_actions	Az ajánlott intézkedések elrejtése	Javasolt műveletek elrejtése	Hide recommended actions
general.yml	dashboard.recommended_actions.pending_title	Függőben	Függőben levő	Pending
general.yml	dashboard.recommended_actions.execute	Jelölés %{name} ahogy megtörtént	Jelölje meg %{name} késznek	Mark %{name} as done
general.yml	dashboard.recommended_actions.unexecute	Jelölje ki %{name} ahogy megtörtént	Törölje az %{name} késznek jelölését	Unmark %{name} as done
general.yml	dashboard.recommended_actions.without_pending_actions	Nem javasolt intézkedések függőben	Nincs függőben javasolt művelet	No recommended actions pending
general.yml	dashboard.recommended_actions.done_title	Kész.	Kész	Done
general.yml	dashboard.recommended_actions.without_done_actions	Nem javasolt intézkedések	Nem történt javasolt művelet	No recommended actions done
general.yml	dashboard.next_goal.see_complete_course	Nézze meg a teljes tanfolyam	Tekintse meg a teljes tanfolyamot	Check out the complete course
general.yml	dashboard.next_goal.hide_course	A pálya elrejtése	Kurzus elrejtése	Hide course
general.yml	dashboard.goal.target_supports.one	Menj! %{count} az Ön javaslatának javaslat támogatása	Kérjen %{count} támogatást az ajánlatához	Get %{count} support for your proposal
general.yml	dashboard.goal.target_supports.other	Menj! %{count} az Ön javaslatának javaslat támogatása	Szerezzen %{count} támogatást az ajánlatához	Get %{count} supports for your proposal
general.yml	dashboard.goal.locked_resource	Erőforrás lezárva	Erőforrás zárolva	Resource locked
general.yml	dashboard.community.access_community	A közösséghez való hozzáférés	Hozzáférés a közösséghez	Access the community
general.yml	dashboard.community.participants	A résztvevők	Résztvevők	Participants
general.yml	dashboard.community.latest_comments	Utolsó üzenetek	Legújabb üzenetek	Latest messages
general.yml	dashboard.messages.send_notification	Értesítés küldése a javaslatkövetőknek	Értesítés küldése az ajánlat követőinek	Send notification to proposal followers
general.yml	dashboard.polls.index.create	A felmérés létrehozása	Szavazás létrehozása	Create poll
general.yml	dashboard.polls.index.count.one	Te teremtettél. %{count} A közvélemény-kutatás.	Létrehozta az %{count} szavazást.	You have created %{count} poll.
general.yml	dashboard.polls.index.count.other	Te teremtettél. %{count} közvélemény-kutatások.	Létrehozott %{count} szavazást.	You have created %{count} polls.
general.yml	dashboard.polls.new.title	Új felmérés	Új szavazás	New poll
general.yml	dashboard.polls.new.submit	A felmérés létrehozása	Szavazás létrehozása	Create poll
general.yml	dashboard.polls.edit.submit	A felmérés frissítése	Szavazás frissítése	Update poll
general.yml	dashboard.polls.poll.edit_poll	A felmérés szerkesztése	Kérdőív szerkesztése	Edit survey
general.yml	dashboard.polls.poll.show_results_help	Ha bejelöli ezt a mezőt, az eredmények nyilvánosak lesznek, és minden felhasználó láthatja őket.	Ha bejelöli ezt a négyzetet, az eredmények nyilvánosak lesznek, és minden felhasználó láthatja őket	If you check this box the results will be public and all users will be able to see them
general.yml	dashboard.polls.poll.delete	A felmérés törlése	Kérdőív törlése	Delete survey
general.yml	dashboard.polls.poll.alert_notice	Ez az intézkedés megszünteti a felmérést és annak valamennyi kapcsolódó kérdését.	Ez a művelet eltávolítja a felmérést és az összes kapcsolódó kérdést.	This action will remove the survey and all its associated questions.
general.yml	dashboard.polls.poll.success_notice	A felmérés sikeresen törlődött	A felmérés sikeresen törölve	Survey deleted successfully
general.yml	dashboard.polls.poll.unable_notice	Nem pusztíthatsz el egy felmérést, aminek vannak válaszai.	Nem semmisítheti meg a válaszokat tartalmazó felmérést	You cannot destroy a survey that has responses
general.yml	dashboard.polls.form.name	A felmérés címe	Felmérés címe	Survey title
general.yml	dashboard.polls.question_fields.remove_question	A kérdés törlése	Kérdés eltávolítása	Remove question
general.yml	dashboard.poster.index.title	Plakát előnézete	Plakát előnézet	Poster preview
general.yml	dashboard.poster.index.poster_title	Ne keresd tovább.	Ne keresd tovább,	Do not keep looking,
general.yml	dashboard.poster.index.poster_subtitle	Hátrébb!	támogass engem! ;)	back me up! ;)
general.yml	dashboard.poster.index.intro_text	<strong>Részt veszek a %{org}</strong> a saját polgári javaslatommal, és csak az Ön javaslat támogatása.	<strong>Saját állampolgári javaslatommal veszek részt az %{org}</strong>-ben, és csak az Ön támogatásával tudjuk olyan várost kialakítani, amilyenre mindannyian vágyunk	<strong>I am participating in %{org}</strong> with my own citizen proposal and only with your support can we make the city we all want
general.yml	dashboard.poster.index.proposal_code	A javaslat kódja: %{code}	Az ajánlat kódja: %{code}	Code of the proposal: %{code}
general.yml	dashboard.poster.index.support	javaslat támogatása.	Támogassa javaslatomat	Support my proposal
general.yml	dashboard.poster.index.footer	<strong>Látogatás %{link} és javaslat támogatása.</strong> Minél több, annál jobb. Tegyük a dolgunkat. Köszönöm!	<strong>Látogassa meg az %{link} oldalt, és támogassa ezt a javaslatot.</strong> Minél több, annál jobb. Tegyük meg a magunk részét. Köszönöm!	<strong>Visit %{link} and support this proposal.</strong> The more, the better. Let's do our bit. Thank you!
general.yml	dashboard.poster.new.title	Javaslatának posztere	Az ajánlat plakátja	Poster of your proposal
general.yml	dashboard.mailing.new.title	E-mail modell megosztása	E-mail modell a megosztáshoz	E-mail model to share
general.yml	dashboard.mailing.mailing_options.send	Küldés %{address}	Küldés ide: %{address}	Send to %{address}
general.yml	dashboard.mailing.create.sent	Az e-mail elküldve	Az e-mailt elküldtük	The email has been sent
general.yml	dashboard.mailer.forward.subtitle	Ha támogatsz, <br>el fogjuk érni.	Ha támogatsz, <br>el fogunk érni.	If you support me, <br>we will achieve it.
general.yml	dashboard.mailer.forward.support_button	Javaslat támogatása	Támogassa ezt a javaslatot	Support this proposal
general.yml	dashboard.mailer.forward.share_in	Részesedés	Oszd meg	Share in
general.yml	dashboard.mailer.forward.introduction	Azért írok, hogy tudassam veled, %{org}Eldönthetjük, melyik várost akarjuk. És ezért létrehoztam a saját polgári javaslatomat, és most szükségem lesz a javaslat támogatása! De ne aggódj, mert Nagyon egyszerű.	Azért írok, hogy tájékoztassam, hogy részt veszek az %{org}-ban, azon a platformon, amelyen eldönthetjük, melyik várost szeretnénk. Ehhez pedig megalkottam a saját állampolgári javaslatomat, és most szükségem lesz az Ön támogatására! De ne aggódj, mert ez nagyon egyszerű.	I am writing to let you know that I am participating in %{org}, the platform we can decide which city we want. And for that, I created my own citizen proposal and now, I'm going to need your support! But do not worry because It is very simple.
general.yml	dashboard.mailer.forward.support	"Csak rá kell kattintani a gombra, hogy látni fogja az alábbi ""javaslat támogatása. Csak a maximális javaslat támogatása!"	Csak rá kell kattintania a „Támogatja ezt a javaslatot” alatt látható gombra, és tájékozódhat arról, mielőtt hirdetné. Csak a maximális támogatást elérő javaslatokat hajtja végre a Városi Képviselő-testület, és úgy gondoltam, hogy Önök, biztos vagyok benne, hogy Önök is segítik ezt elérni!	You just have to click on the button that you will see below 'Support this proposal' and you can inform yourself about before promoting it. Only the proposals that achieve the maximum support will be carried out by the City Council, and I thought that you, I'm sure you help me achieve it!
general.yml	dashboard.mailer.forward.share	És ha azt is megtennéd, hogy megosztod a javaslatomat a barátaiddal, a családoddal és a kapcsolataiddal, az tökéletes lenne!	És ha megteszed nekem azt a nagy szívességet, hogy megosztod ajánlatomat barátaiddal, családoddal és ismerőseiddel, az tökéletes lenne!	And if you also do me the great favor of sharing my proposal with your friends, family and contacts, it would be perfect!
general.yml	polls.dates	A %{open_at} - %{closed_at}	%{open_at}-től %{closed_at}-ig	From %{open_at} to %{closed_at}
general.yml	polls.final_date	Végleges adatok / eredmények	Végső beszámolók/Eredmények	Final recounts/Results
general.yml	polls.form.maximum_exceeded	kiválasztottad %{given} Válaszok, de a maximális kiválasztható %{maximum}	kiválasztottál %{given} választ, de a maximum %{maximum}	you've selected %{given} answers, but the maximum you can select is %{maximum}
general.yml	polls.index.filters.current	Megnyitás	Nyitott	Open
general.yml	polls.index.participate_button	Részt venni ebben a szavazásban	Vegyen részt ebben a szavazásban	Participate in this poll
general.yml	polls.index.participate_button_expired	Vége a szavazásnak	A szavazás véget ért	Poll ended
general.yml	polls.index.no_geozone_restricted	Minden város	Az egész város	All city
general.yml	polls.index.geozone_restricted	Digitális	kerületek	Districts
general.yml	polls.index.geozone_info	Kizárólag a következő területeken tartózkodó személyek vehetnek részt: 	Csak az alábbi területek lakosai vehetnek részt:	Only residents in the following areas can participate: 
general.yml	polls.index.already_answer	Már részt vett a szavazáson.	Ön már részt vett ebben a szavazásban	You already have participated in this poll
general.yml	polls.index.not_logged_in	Be kell jelentkezned, vagy jelentkezned kell a részvételre.	A részvételhez be kell jelentkeznie vagy regisztrálnia kell	You must sign in or sign up to participate
general.yml	polls.index.unverified	Ellenőriznie kell a fiókját a részvételhez	A részvételhez igazolnia kell fiókját	You must verify your account to participate
general.yml	polls.index.cant_answer	Ez a felmérés nem érhető el a geozone	Ez a szavazás nem érhető el az Ön geozónájában	This poll is not available on your geozone
general.yml	polls.index.section_header.icon_alt	Szavazati ikon	Szavazás ikonra	Voting icon
general.yml	polls.index.section_header.help	A szavazás segítése	Segítség a szavazáshoz	Help with voting
general.yml	polls.index.section_footer.title	A szavazás segítése	Segítség a szavazáshoz	Help with voting
general.yml	polls.index.section_footer.description	A polgárok közvélemény-kutatása olyan részvételi mechanizmus, amellyel a szavazati joggal rendelkező polgárok közvetlen döntéseket hozhatnak	A polgári szavazások olyan részvételi mechanizmusok, amelyek révén a szavazati joggal rendelkező polgárok közvetlen döntéseket hozhatnak	Citizens' polls are a participatory mechanism by which citizens with voting rights can make direct decisions
general.yml	polls.index.no_polls	Nincsenek nyílt szavazatok.	Nincsenek nyílt szavazások.	There are no open votings.
general.yml	polls.show.already_voted_in_booth	Már részt vett egy fizikai fülkében. Nem vehet részt újra.	Ön már részt vett egy fizikai standon. Nem vehetsz részt újra.	You have already participated in a physical booth. You can not participate again.
general.yml	polls.show.already_voted_in_web	Már részt vett a felmérésen. Ha újra szavaznak, felülírják.	Ön már részt vett ebben a szavazásban. Ha újra szavaz, az felül lesz írva.	You have already participated in this poll. If you vote again it will be overwritten.
general.yml	polls.show.already_voted_blank_in_web	Ön már részt vett ebben a felmérésben, egy üres szavazással. Ha újra szavaznak, felülírják.	Ön már részt vett ebben a szavazásban egy üres szavazat leadásával. Ha újra szavaz, az felül lesz írva.	You have already participated in this poll by casting a blank vote. If you vote again it will be overwritten.
general.yml	polls.show.cant_answer_not_logged_in	Muszáj. %{signin} vagy %{signup} részt venni.	A részvételhez %{signin} vagy %{signup} szükséges.	You must %{signin} or %{signup} to participate.
general.yml	polls.show.cant_answer_verify	Muszáj. %{verify_link} Hogy válaszoljak.	A válaszhoz %{verify_link} kell.	You must %{verify_link} in order to answer.
general.yml	polls.show.verify_link	ellenőrzi fiókját	ellenőrizze fiókját	verify your account
general.yml	polls.show.cant_answer_expired	Ennek a felmérésnek vége.	Ez a szavazás véget ért.	This poll has finished.
general.yml	polls.show.cant_answer_wrong_geozone	Ez a kérdés nem érhető el a geozonján.	Ez a kérdés nem érhető el az Ön geozónáján.	This question is not available on your geozone.
general.yml	polls.show.more_info_title	További információk	További információ	More information
general.yml	polls.show.zoom_plus	A kép kibontása	Kép kibontása	Expand image
general.yml	polls.show.read_more	Bővebben a (z) %{answer}	További információ az %{answer}-ról	Read more about %{answer}
general.yml	polls.show.read_less	Kevésbé olvasd el %{answer}	Olvasson kevesebbet az %{answer}-ról	Read less about %{answer}
general.yml	polls.show.info_menu	Tájékoztatás	Információ	Information
general.yml	polls.show.results_menu	Poll eredmények	Szavazás eredményei	Poll results
general.yml	polls.show.stats.total_votes	Az adott szavazatok teljes összege	A leadott szavazatok összértéke	Total amount of given votes
general.yml	polls.show.stats.votes	Szavak	SZAVAZATOK	VOTES
general.yml	polls.show.stats.web	Web	WEB	WEB
general.yml	polls.show.stats.mail	E-mail	FELAD	MAIL
general.yml	polls.show.stats.booth	Szavazóhelyiség	BÓDÉ	BOOTH
general.yml	polls.show.stats.total	ÖSSZESEN	TELJES	TOTAL
general.yml	polls.show.results.most_voted_answer	A legtöbb szavazott válasz: 	A legtöbb szavazatot kapott válasz:	Most voted answer: 
general.yml	polls.poll_header.back_to_proposal	Vissza a javaslathoz	Vissza az ajánlathoz	Back to proposal
general.yml	poll_questions.description.multiple	Maximum %{maximum} Válaszok.	Maximum %{maximum} választ választhat ki.	You can select a maximum of %{maximum} answers.
general.yml	poll_questions.read_more_about	További információk:	Bővebben:	Read more about:
general.yml	proposal_notifications.new.info_about_receivers	Ezt az értesítést <strong>%{count} emberek</strong> és látható lesz a %{proposal_page}.<br> A bejelentéseket nem küldik el azonnal, a felhasználók rendszeresen kapnak egy e-mailt az összes pályázati értesítést.	Ezt az értesítést elküldjük <strong>%{count} személyeknek</strong>, és látható lesz az %{proposal_page}-ban.<br> Az értesítéseket nem küldjük el azonnal, a felhasználók rendszeresen kapnak egy e-mailt az ajánlatokról szóló értesítésekkel.	This notification will be sent to <strong>%{count} people</strong> and it will be visible in %{proposal_page}.<br> Notifications are not sent immediately, users will periodically receive an email with all proposal notifications.
general.yml	proposal_notifications.new.proposal_page	a javaslat oldala	az ajánlat oldala	the proposal's page
general.yml	proposal_notifications.show.back	Menj vissza a tartalmamhoz.	Menj vissza a tartalmamhoz	Go back to my content
general.yml	shared.actions.label	%{action}  %{name}	%{action} %{name}	%{action} %{name}
general.yml	shared.save	Mentés	Megtakarítás	Save
general.yml	shared.delete	Törlés	Töröl	Delete
general.yml	shared.yes	Igen.	Igen	Yes
general.yml	shared.no	Nem.	Nem	No
general.yml	shared.search_results	Keresés eredményei	Keresési eredmények	Search results
general.yml	shared.advanced_search.date	Időpont	Dátum szerint	By date
general.yml	shared.advanced_search.date_placeholder	ÉÉÉÉ / HH / NN	NN/HH/ÉÉÉÉ	DD/MM/YYYY
general.yml	shared.advanced_search.date_range_blank	Dátum kiválasztása	Válassz egy dátumot	Choose a date
general.yml	shared.advanced_search.date_1	Az elmúlt 24 órában	Az elmúlt 24 óra	Last 24 hours
general.yml	shared.advanced_search.date_5	Egyedi	Testreszabott	Customized
general.yml	shared.advanced_search.from	A	Tól	From
general.yml	shared.advanced_search.general	A szöveg	A szöveggel	With the text
general.yml	shared.advanced_search.goal	SDG	Az SDG által	By SDG
general.yml	shared.advanced_search.goal_blank	A cél kiválasztása	Válasszon ki egy célt	Select a goal
general.yml	shared.advanced_search.target	Célpont szerint	Cél szerint	By target
general.yml	shared.advanced_search.target_blank	A cél kiválasztása	Válasszon ki egy célt	Select a target
general.yml	shared.advanced_search.to	A	To	To
general.yml	shared.back	Menj vissza!	Menj vissza	Go back
general.yml	shared.check_all	Válassza ki mindet	Válassza ki az összeset	Select all
general.yml	shared.check_none	Nincs kijelölve	Válasszon egyet sem	Select none
general.yml	shared.flag	A megjelölés nem megfelelő	Megjelölés nem megfelelőként	Flag as inappropriate
general.yml	shared.follow	Kövesse	Kövesd	Follow
general.yml	shared.followable.budget_investment.create.notice	Most már követi ezt a beruházási projektet! <br> Értesítjük önöket a változásokról, hogy frissek legyenek.	Ön most követi ezt a beruházási projektet! <br> Értesítjük Önt a változásokról, amint azok bekövetkeznek, hogy naprakészek legyenek.	You are now following this investment project! <br> We will notify you of changes as they occur so that you are up-to-date.
general.yml	shared.followable.budget_investment.destroy.notice	Abbahagytad a beruházást! <br> A továbbiakban nem kap a projekttel kapcsolatos értesítéseket.	Leállította ennek a beruházási projektnek a követését! <br> A továbbiakban nem kap értesítéseket ezzel a projekttel kapcsolatban.	You have stopped following this investment project! <br> You will no longer receive notifications related to this project.
general.yml	shared.followable.proposal.create.notice	Most már követed ezt a polgári javaslatot! <br> Értesítjük önöket a változásokról, hogy frissek legyenek.	Most követed ezt a polgári javaslatot! <br> Értesítjük Önt a változásokról, amint azok bekövetkeznek, hogy naprakészek legyenek.	Now you are following this citizen proposal! <br> We will notify you of changes as they occur so that you are up-to-date.
general.yml	shared.followable.proposal.destroy.notice	Már nem követed ezt a polgári javaslatot! <br> A javaslathoz kapcsolódó értesítéseket a továbbiakban nem kapja meg.	Ön nem követi ezt a polgári javaslatot! <br> A továbbiakban nem kap értesítéseket ezzel az ajánlattal kapcsolatban.	You have stopped following this citizen proposal! <br> You will no longer receive notifications related to this proposal.
general.yml	shared.show	Megjelenítés	Megmutat	Show
general.yml	shared.suggest.debate.found.one	"Vita van a ""%{query}', akkor részt vesz benne ahelyett, hogy nyit egy újat."	Az „%{query}” kifejezéssel vita folyik, ahelyett, hogy újat nyitna, részt vehet benne.	There is a debate with the term '%{query}', you can participate in it instead of opening a new one.
general.yml	shared.suggest.debate.found.other	"Viták folynak a kifejezéssel ""%{query}', akkor részt vesz bennük, ahelyett, hogy nyit egy újat."	Vannak viták az „%{query}” kifejezéssel, amelyekben részt vehet ahelyett, hogy újat nyitna.	There are debates with the term '%{query}', you can participate in them instead of opening a new one.
general.yml	shared.suggest.debate.message	"Látod? %{limit} II. %{count} a kifejezést tartalmazó viták ""%{query}'"	Az %{count} viták közül %{limit}, amely tartalmazza az „%{query}” kifejezést	You are seeing %{limit} of %{count} debates containing the term '%{query}'
general.yml	shared.suggest.debate.see_all	Lásd az összes	Az összes megtekintése	See all
general.yml	shared.suggest.budget_investment.found.one	"Van egy befektetés a kifejezés ""%{query}', akkor részt vesz benne ahelyett, hogy nyit egy újat."	Létezik egy befektetés „%{query}” kifejezéssel, új befektetés helyett részt vehet benne.	There is an investment with the term '%{query}', you can participate in it instead of opening a new one.
general.yml	shared.suggest.budget_investment.found.other	"Vannak beruházások a kifejezés ""%{query}', akkor részt vesz bennük, ahelyett, hogy nyit egy újat."	Vannak „%{query}” kifejezéssel ellátott befektetések, amelyekben új befektetés helyett részt vehet.	There are investments with the term '%{query}', you can participate in them instead of opening a new one.
general.yml	shared.suggest.budget_investment.message	"Látod? %{limit} II. %{count} a kifejezést tartalmazó beruházások ""%{query}'"	Az %{count} befektetések közül %{limit}, amely tartalmazza a „%{query}” kifejezést	You are seeing %{limit} of %{count} investments containing the term '%{query}'
general.yml	shared.suggest.budget_investment.see_all	Lásd az összes	Az összes megtekintése	See all
general.yml	shared.suggest.proposal.found.one	"Van egy javaslat a kifejezéssel ""%{query}', akkor hozzájárulhat hozzá ahelyett, hogy egy új"	Van egy javaslat a következővel: „%{query}”, amelyhez hozzájárulhat ahelyett, hogy újat hozna létre.	There is a proposal with the term '%{query}', you can contribute to it instead of creating a new
general.yml	shared.suggest.proposal.found.other	"Vannak javaslatok a kifejezéssel ""%{query}', akkor járuljon hozzá, ahelyett, hogy egy új"	Vannak „%{query}” kifejezéssel ellátott ajánlatok, amelyekhez hozzájárulhat ahelyett, hogy újat hozna létre.	There are proposals with the term '%{query}', you can contribute to them instead of creating a new
general.yml	shared.suggest.proposal.message	"Látod? %{limit} II. %{count} a kifejezést tartalmazó javaslatok ""%{query}'"	Az %{count}-ajánlatok közül %{limit} látható, amely tartalmazza az „%{query}” kifejezést	You are seeing %{limit} of %{count} proposals containing the term '%{query}'
general.yml	shared.suggest.proposal.see_all	Lásd az összes	Az összes megtekintése	See all
general.yml	shared.tags_cloud.tags	Feszítés	Felkapott	Trending
general.yml	shared.tags_cloud.districts	Digitális	kerületek	Districts
general.yml	shared.tags_cloud.districts_list	Diplomációs lista	A körzetek listája	Districts list
general.yml	shared.target_blank	Új ablakban nyílik meg a link	A link új ablakban nyílik meg	Link opens in new window
general.yml	shared.you_are_in	Benne vagy.	Benne vagy	You are in
general.yml	shared.unflag	Jelöletlen	Lobogózás	Unflag
general.yml	shared.unfollow_entity	Nem követi %{entity}	Követés megszüntetése %{entity}	Unfollow %{entity}
general.yml	shared.go_to_page	Ugrás a 	Ugrás a(z) oldalára	Go to page of 
general.yml	shared.share	Megosztás	Részesedés	Share
general.yml	shared.orbit.previous_slide	Előző csúszás	Előző dia	Previous Slide
general.yml	shared.view_mode.title	Nézési mód	Nézet mód	View mode
general.yml	shared.recommended_index.see_more	További ajánlások	További ajánlások megtekintése	See more recommendations
general.yml	shared.recommended_index.hide	Ajánlások elrejtése	Javaslatok elrejtése	Hide recommendations
general.yml	shared.translations.languages_in_use.zero	0 használt nyelv	0 nyelv van használatban	0 languages in use
general.yml	shared.translations.languages_in_use.other	%{count} használatban lévő nyelvek	%{count} nyelvek használatban	%{count} languages in use
general.yml	shared.optional	Választható mezők	Nem kötelező mezők	Optional fields
general.yml	shared.comments.other	%{count} megjegyzések	%{count} megjegyzései	%{count} comments
general.yml	social.telegram	%{org} Telegram	%{org} Távirat	%{org} Telegram
general.yml	ip_denied_handler.unauthorized	Hozzáférés megtagadva. Az IP-címe nem megengedett.	Hozzáférés megtagadva. Az Ön IP-címe nem engedélyezett.	Access denied. Your IP address is not allowed.
general.yml	unauthorized.default	Nincs engedélye hozzáférni ehhez az oldalhoz.	Nincs engedélye az oldal eléréséhez.	You do not have permission to access this page.
general.yml	unauthorized.manage.all	Nincs engedélyed végrehajtani az akciót.%{action}'on %{subject}.	Nincs engedélye a „%{action}” művelet végrehajtására a %{subject}-on.	You do not have permission to carry out the action '%{action}' on %{subject}.
general.yml	users.login_to_comment	Muszáj. %{signin} vagy %{signup} Hagyni egy megjegyzést.	Megjegyzés írásához %{signin} vagy %{signup} szükséges.	You must %{signin} or %{signup} to leave a comment.
general.yml	users.login_to_continue	Muszáj. %{signin} vagy %{signup} Folytatni.	A folytatáshoz %{signin} vagy %{signup} szükséges.	You must %{signin} or %{signup} to continue.
general.yml	users.signin	bejelentkezés	jelentkezz be	sign in
general.yml	users.signup	jelentkezés	iratkozz fel	sign up
general.yml	users.verify_account	ellenőrzi fiókját	ellenőrizze fiókját	verify your account
general.yml	users.direct_messages.new.direct_messages_bloqued	Ez a felhasználó úgy döntött, hogy nem kap közvetlen üzeneteket	Ez a felhasználó úgy döntött, hogy nem fogad közvetlen üzeneteket	This user has decided not to receive direct messages
general.yml	users.direct_messages.new.title	Magánüzenet küldése %{receiver}	Privát üzenet küldése a következőnek: %{receiver}	Send private message to %{receiver}
general.yml	users.direct_messages.new.verified_only	Személyes üzenet küldése %{verify_account}	Privát üzenet küldése %{verify_account}	To send a private message %{verify_account}
general.yml	users.direct_messages.show.receiver	Üzenet küldése %{receiver}	Üzenet elküldve a következő címre: %{receiver}	Message sent to %{receiver}
general.yml	users.show.deleted	Törölt	Törölve	Deleted
general.yml	users.show.deleted_debate	Ezt a vitát törölték.	Ezt a vitát törölték	This debate has been deleted
general.yml	users.show.deleted_budget_investment	Ezt a beruházási projektet törölték	Ez a beruházási projekt törölve lett	This investment project has been deleted
general.yml	users.show.actions	Intézkedések	Akciók	Actions
general.yml	users.show.filters.comments.one	1 Megjegyzés	1 megjegyzés	1 Comment
general.yml	users.show.filters.debates.other	%{count} Vita	%{count} Viták	%{count} Debates
general.yml	users.show.filters.budget_investments.other	%{count} Beruházások	%{count} Befektetések	%{count} Investments
general.yml	users.show.filters.follows.one	1	1 Következő	1 Following
general.yml	users.show.filters.follows.other	%{count} Következő	%{count} Következik	%{count} Following
general.yml	users.show.private_activity	Ez a felhasználó úgy döntött, hogy titokban tartja a tevékenységlistát.	Ez a felhasználó úgy döntött, hogy privátnak tartja a tevékenységlistát.	This user decided to keep the activity list private.
general.yml	users.show.send_private_message	Privát üzenet küldése	Küldj privát üzenetet	Send private message
general.yml	users.show.delete_alert	Biztosan törölni akarja a beruházási projektjét? Ezt az akciót nem lehet visszacsinálni.	Biztos benne, hogy törölni kívánja beruházási projektjét? Ez a művelet nem vonható vissza	Are you sure you want to delete your investment project? This action can't be undone
general.yml	users.proposals.retired	A visszavont javaslat	Visszavont javaslat	Withdrawn proposal
general.yml	users.proposals.draft	Táblázat	Piszkozat	Draft
general.yml	users.proposals.published	Megjelent	Közzétett	Published
general.yml	users.proposals.actions	Intézkedések	Akciók	Actions
general.yml	users.proposals.retired_help_text	A műszerfal nem áll rendelkezésre visszavont pályázatok esetén	Az irányítópult nem áll rendelkezésre a visszavont ajánlatokhoz	Dashboard not available for withdrawn proposals
general.yml	votes.agree	Egyetértek.	egyetértek	I agree
general.yml	votes.anonymous	Túl sok anonim szavazat a szavazáshoz %{verify_account}.	Túl sok névtelen szavazat a szavazáshoz %{verify_account}.	Too many anonymous votes to admit vote %{verify_account}.
general.yml	votes.disagree	Nem értek egyet.	nem értek egyet	I disagree
general.yml	votes.supports	Támogatások	Támogatja	Supports
general.yml	votes.verified_only	Csak ellenőrzött felhasználók szavazhatnak a javaslatokról; %{verify_account}.	Csak ellenőrzött felhasználók szavazhatnak az ajánlatokra; %{verify_account}.	Only verified users can vote on proposals; %{verify_account}.
general.yml	votes.budget_investments.not_verified	Csak ellenőrzött felhasználók szavazhatnak beruházási projektekről; %{verify_account}.	Csak ellenőrzött felhasználók szavazhatnak beruházási projektekre; %{verify_account}.	Only verified users can vote on investment projects; %{verify_account}.
general.yml	votes.budget_investments.unfeasible	Nem támogatható megvalósíthatatlan beruházási projektek	Megvalósíthatatlan beruházási projektek nem támogathatók	Unfeasible investment projects can not be supported
general.yml	votes.budget_investments.not_voting_allowed	A szavazási szakasz lezárult.	A szavazási szakasz lezárult	Voting phase is closed
general.yml	votes.budget_investments.different_heading_assigned.one	Csak olyan beruházási projekteket támogathat, %{count} kerület. Ön már támogatott beruházásokat %{supported_headings}.	Beruházási projekteket csak az %{count} kerületben támogathat. Már támogatott befektetéseket a %{supported_headings} területén.	You can only support investment projects in %{count} district. You have already supported investments in %{supported_headings}.
general.yml	votes.budget_investments.different_heading_assigned.other	Csak olyan beruházási projekteket támogathat, %{count} Körzetek. Ön már támogatott beruházásokat %{supported_headings}.	Csak az %{count} kerületekben támogathat beruházási projekteket. Már támogatott befektetéseket a %{supported_headings} területén.	You can only support investment projects in %{count} districts. You have already supported investments in %{supported_headings}.
general.yml	welcome.feed.most_active.debates	Legaktívabb viták	A legaktívabb viták	Most active debates
general.yml	welcome.feed.most_active.proposals	Legaktívabb javaslatok	A legaktívabb javaslatok	Most active proposals
general.yml	welcome.feed.most_active.processes	Nyílt eljárások	Nyitott folyamatok	Open processes
general.yml	welcome.feed.see_all.debates	Lásd az összes vitát	Az összes vita megtekintése	See all debates
general.yml	welcome.feed.see_all.proposals	Lásd az összes javaslatot	Tekintse meg az összes ajánlatot	See all proposals
general.yml	welcome.feed.no_items.debates	Most nincs vita.	Jelenleg nincsenek viták	There are no debates right now
general.yml	welcome.feed.no_items.proposals	Jelenleg nincsenek javaslatok.	Jelenleg nincsenek javaslatok	There are no proposals right now
general.yml	welcome.feed.no_items.processes	Jelenleg nincsenek nyílt folyamatok.	Jelenleg nincsenek nyitott folyamatok	There are no open processes right now
general.yml	welcome.feed.see_process	Lásd az eljárást	Lásd a folyamatot	See process
general.yml	welcome.recommended.title	Ajánlások, amelyek érdekelhetik Önt	Ajánlások, amelyek érdekelhetik	Recommendations that may interest you
general.yml	welcome.recommended.help	Ezeket az ajánlásokat az Önök által követett viták és javaslatok címkék alkotják.	Ezeket az ajánlásokat az Ön által követett viták és javaslatok címkéi generálják.	These recommendations are generated by the tags of the debates and proposals you are following.
general.yml	welcome.recommended.debates.title	Javasolt viták	Ajánlott viták	Recommended debates
general.yml	welcome.recommended.debates.btn_text_link	Valamennyi javasolt vita	Minden ajánlott vita	All recommended debates
general.yml	welcome.recommended.proposals.title	Javasolt javaslatok	Ajánlott javaslatok	Recommended proposals
general.yml	welcome.recommended.proposals.btn_text_link	Valamennyi javasolt javaslat	Minden ajánlott javaslat	All recommended proposals
general.yml	welcome.recommended.budget_investments.title	Ajánlott beruházások	Ajánlott befektetések	Recommended investments
general.yml	welcome.welcome.go_to_index	Ne most, menj az index oldalra	Most nem, menj az indexoldalra	Not now, go to index page
general.yml	welcome.welcome.title	Részvétel	Részt vesz	Participate
general.yml	welcome.welcome.user_permission_info	A számlájával...	Fiókjával...	With your account you can...
general.yml	welcome.welcome.user_permission_verify	A következő tevékenységek elvégzése ellenőrzi fiókját.	A következő műveletek végrehajtásához ellenőrizze fiókját.	To perform the following actions verify your account.
general.yml	welcome.welcome.user_permission_verify_my_account	Ellenőrizzétek a számlámat!	Ellenőrizze a fiókomat	Verify my account
general.yml	invisible_captcha.sentence_for_humans	Ha ember vagy, ne vedd figyelembe ezt a mezőt.	Ha ember vagy, hagyd figyelmen kívül ezt a mezőt	If you are human, ignore this field
general.yml	invisible_captcha.timestamp_error_message	Bocsi, ez túl gyors volt! Kérem, adja vissza.	Elnézést, túl gyors volt! Kérjük, küldje be újra.	Sorry, that was too quick! Please resubmit.
general.yml	related_content.add	A kapcsolódó tartalom hozzáadása	Kapcsolódó tartalom hozzáadása	Add related content
general.yml	related_content.label	Kapcsolat a kapcsolódó tartalmakkal	Kapcsolódó tartalomra mutató hivatkozás	Link to related content
general.yml	related_content.help	A linkek hozzáadása %{models} belül %{org}.	Az %{models} hivatkozásait hozzáadhatja az %{org}-hez.	You can add links of %{models} inside of %{org}.
general.yml	related_content.error	A link érvénytelen. Ne felejtsd el kezdeni a %{url}.	A link érvénytelen. Ne felejtse el az %{url} karakterrel kezdeni.	Link not valid. Remember to start with %{url}.
general.yml	related_content.error_duplicate	A hozzá tartozó tartalom már létezik.	Az Ön által hozzáadott kapcsolódó tartalom már létezik.	The related content you are adding already exists.
general.yml	related_content.error_itself	A link érvénytelen. Egy tartalmat nem lehet magához kapcsolni.	A link érvénytelen. A tartalmat nem lehet önmagához kapcsolni.	Link not valid. You cannot relate a content to itself.
general.yml	related_content.success	Hozzáadott egy új kapcsolódó tartalmat	Új kapcsolódó tartalmat adott hozzá	You added a new related content
general.yml	related_content.is_related	Ez kapcsolódó tartalom?	Kapcsolódó tartalom?	Is it related content?
general.yml	related_content.score_positive	Igen.	Igen	Yes
general.yml	related_content.score_negative	Nem.	Nem	No
general.yml	admin/widget.header.title	Alkalmazás	Adminisztráció	Administration
general.yml	annotator.help.alt	Válassza ki a megjegyzést, és nyomja meg a gombot a ceruzával.	Válassza ki a kommentálni kívánt szöveget, és nyomja meg a ceruzával a gombot.	Select the text you want to comment and press the button with the pencil.
general.yml	annotator.help.text	A dokumentum megjegyzéséhez meg kell %{sign_in} vagy %{sign_up}Ezután válassza ki a megjegyzést, és nyomja meg a gombot a ceruzával.	A dokumentum megjegyzéséhez %{sign_in} vagy %{sign_up} szükséges. Ezután válassza ki a kommentálni kívánt szöveget, és nyomja meg a ceruzával a gombot.	To comment this document you must %{sign_in} or %{sign_up}. Then select the text you want to comment and press the button with the pencil.
general.yml	annotator.help.title	Hogyan fogalmazhatom meg ezt a dokumentumot?	Hogyan kommentálhatom ezt a dokumentumot?	How can I comment this document?
general.yml	links.form.delete_button	Törlés	Töröl	Delete
general.yml	links.form.cancel_button	Törlés	Mégsem	Cancel
general.yml	links.nested_links.note	Az érdeklődésre számot tartó linkek hozzáadása	Adja hozzá az érdekes linkeket	Add the links that are of interest
general.yml	communities.show.surveys	Vizsgálatok	Felmérések	Surveys
general.yml	communities.show.complete_survey	A felmérés befejezése	Töltse ki a felmérést	Complete the survey
general.yml	communities.subnav.surveys	Vizsgálatok	Felmérések	Surveys
general.yml	communities.poll.take_part	Take part from %{from} - %{to}	Vegyen részt %{from}-tól %{to}-ig	Take part from %{from} to %{to}
general.yml	remote_translations.text	Az oldal eredeti tartalma nem érhető el az Ön nyelvén. Szeretnéd lefordítani?	Az oldal eredeti tartalma nem érhető el az Ön nyelvén. Szeretné lefordítani?	The original content of this page is not available in your language. Would you like to translate it?
general.yml	remote_translations.all_remote_translations_enqueued_text	Kérjük várjon 5 másodpercet, és frissítse a weboldalt a lefordított tartalom megjelenítéséhez.	Kérjük, várjon 5 másodpercet, és frissítse a webhelyet, hogy megjelenjen a lefordított tartalom.	Please wait 5 seconds and refresh the website for translated content to be displayed.
general.yml	remote_translations.button	Fordítás	Oldal fordítása	Translate page
general.yml	tags.list.filter.more.one	Még egy címke.	Még egy címke	One more tag
general.yml	tags.list.filter.more.other	%{count} több címke	%{count} további címkék	%{count} more tags
general.yml	machine_learning.comments_summary	Megjegyzések összefoglalása	Megjegyzések összefoglalója	Comments summary
general.yml	machine_learning.info_text	Az MI / gépi tanulás által generált tartalom	Az AI / Machine Learning által generált tartalom	Content generated by AI / Machine Learning
general.yml	cookies_consent.accept_all_cookies	Fogadj el mindent.	Mindent elfogad	Accept all
general.yml	cookies_consent.accept_essential_cookies	Az alapvető sütik elfogadása	Elfogadja az alapvető sütiket	Accept essential cookies
general.yml	cookies_consent.message	A sütik segítenek a szolgáltatásainknak. Szolgáltatásaink használatával beleegyezik a sütik használatába.	A sütik segítenek szolgáltatásaink nyújtásában. Szolgáltatásaink használatával Ön hozzájárul a cookie-k használatához.	Cookies help us deliver our services. By using our services, you agree to our use of cookies.
general.yml	cookies_consent.more_info_link	További információk a sütikről	További információ a cookie-król	More information about cookies
general.yml	cookies_consent.management	Sütik kezelése	Cookie-k kezelése	Manage cookies
general.yml	cookies_consent.title	Süti politika	Cookie-kra vonatkozó szabályzat	Cookies policy
general.yml	cookies_management.title	Sütik kezelése	Cookie-kezelés	Cookies management
general.yml	cookies_management.description	Ez a weboldal saját és harmadik fél cookie-kat használ a megfelelő működéséhez. Ha rákattint az Elfogadni minden gombot, beleegyezik, hogy használja ezeket a technológiákat, és az adatok feldolgozását ezekre a célokra.	Ez a weboldal saját és harmadik féltől származó cookie-kat használ a megfelelő működéséhez. Az Elfogad mindent gombra kattintva Ön hozzájárul ezen technológiák használatához és adatainak e célból történő kezeléséhez.	This website uses own and third party cookies for its proper functioning. By clicking the Accept all button, you agree to the use of these technologies and the processing of your data for these purposes.
general.yml	cookies_management.essentials.title	Alapvető sütik	Nélkülözhetetlen sütik	Essential cookies
general.yml	cookies_management.essentials.description	Ezeket számos különböző célra használják, mint például az Ön mint felhasználó elismerése, a nyelv kiválasztása vagy a tartalom megjelenítésének testreszabása.	Különböző célokra használják őket, például az Ön felhasználóként való felismerésére, a nyelv kiválasztására vagy a tartalom megjelenítési módjának testreszabására.	They are used for many different purposes, such as recognising you as a user, choosing the language or customising the way in which content is displayed.
general.yml	cookies_management.essentials.hint	Ezek nélkül az alapvető navigációs funkciók károsodnak, így mindig aktívnak kell lenniük.	Ezek nélkül az alapvető navigációs funkciók sérülnek, ezért mindig aktívnak kell lenniük.	Without these, basic navigation functions will be impaired, so they should always be active.
general.yml	cookies_management.third_party.title	Harmadik féltől származó süti	Harmadik féltől származó cookie-k	Third party cookies
general.yml	cookies_management.third_party.description	Ez a weboldal a harmadik fél sütiket használja. Ezek a cookie-k javítják a funkcionalitást, vagy információkat gyűjtenek, hogy javítsák a felhasználói élményt.	Ez a weboldal harmadik féltől származó sütiket használ. Ezek a sütik javíthatják a funkcionalitást vagy információkat gyűjthetnek a felhasználói élmény javítása érdekében.	This website use third-party cookies. These cookies can enhance functionality or collect information to improve your user experience.
general.yml	cookies_management.save_preferences	A beállítások mentése	Mentse el a beállításokat	Save preferences
activemodel.yml	activemodel.models.local_census_records/import.one	Helyi népszámlálási nyilvántartás importja	Helyi népszámlálási rekord importálása	Local census record import
activemodel.yml	activemodel.models.local_census_records/import.other	Helyi népszámlálási adatok importja	A helyi népszámlálás rögzíti az importot	Local census records imports
activemodel.yml	activemodel.attributes.verification.email.recipient	E-mail	Email	Email
activemodel.yml	activemodel.attributes.verification/letter.email	E-mail	Email	Email
activemodel.yml	activemodel.attributes.verification/letter.verification_code	A kódot levélben kapta.	A levélben kapott kód	Code you received in letter
activemodel.yml	activemodel.attributes.verification/management/document.document_type	A dokumentum típusa:	Dokumentum típusa:	Document type:
activemodel.yml	activemodel.attributes.verification/management/document.document_number	Dokumentumszám	Iratszám	Document number
activemodel.yml	activemodel.attributes.officing/residence.document_type	Dokumentumtípus	Dokumentum típusa	Document type
activemodel.yml	activemodel.attributes.officing/residence.document_number	Dokumentum száma (betűkkel együtt)	Iratszám (beleértve a betűket is)	Document number (including letters)
activemodel.yml	activemodel.attributes.officing/residence.year_of_birth	Született év	Születési év	Year born
activemodel.yml	activemodel.errors.models.local_census_records/import.attributes.file.extension	A fájl formátuma hibás. Az engedélyezett fájlformátum:%{valid_extensions}.	A megadott fájlformátum rossz. Az engedélyezett fájlformátum: %{valid_extensions}.	Given file format is wrong. The allowed file format is: %{valid_extensions}.
activemodel.yml	activemodel.errors.models.local_census_records/import.attributes.file.headers	Mivel a fejlécek tévednek. A fájlfejléceknek a következő nevekkel kell rendelkezniük:%{required_headers}.	Az adott fájlfejlécek hibásak. A fájlfejléceknek a következő nevekkel kell rendelkezniük: %{required_headers}.	Given file headers are wrong. The file headers must have the following names: %{required_headers}.
community.yml	community.sidebar.description.proposal	Részt vesz a javaslat felhasználói közösségében.	Vegyen részt a javaslat felhasználói közösségében.	Participate in the user community of this proposal.
community.yml	community.sidebar.description.investment	Részt venni ennek a beruházásnak a felhasználói közösségében.	Vegyen részt a befektetés felhasználói közösségében.	Participate in the user community of this investment.
community.yml	community.sidebar.button_to_access	A közösséghez való hozzáférés	Hozzáférés a közösséghez	Access the community
community.yml	community.show.title.proposal	Javaslatközösség	Javaslat közösség	Proposal community
community.yml	community.show.title.investment	Költségvetési beruházási közösség	Költségvetési befektetési közösség	Budget Investment community
community.yml	community.show.description.proposal	Részt venni a javaslat közösségében. Egy aktív közösség hozzájárulhat a javaslat tartalmának javításához és terjesztésének fokozásához, hogy több javaslat támogatása.	Vegyen részt ennek a javaslatnak a közösségében. Egy aktív közösség segíthet a javaslat tartalmának javításában, és elősegítheti annak terjesztését, hogy nagyobb támogatást kapjon.	Participate in the community of this proposal. An active community can help to improve the content of the proposal and boost its dissemination to get more support.
community.yml	community.show.description.investment	Részt venni ennek a költségvetési beruházásnak a közösségében. Egy aktív közösség hozzájárulhat a költségvetési beruházások tartalmának javításához és terjesztésének ösztönzéséhez, hogy több támogatást kapjon.	Vegyen részt ennek a költségvetési beruházásnak a közösségében. Egy aktív közösség segíthet a költségvetési beruházás tartalmi fejlesztésében, és elősegítheti annak elterjedését a nagyobb támogatás érdekében.	Participate in the community of this budget investment. An active community can help to improve the content of the budget investment and boost its dissemination to get more support.
community.yml	community.show.create_first_community_topic.first_theme_not_logged_in	Nincs probléma elérhető, részt venni az első létrehozásában.	Nincs elérhető probléma, vegyen részt az első létrehozásában.	No issue available, participate creating the first one.
community.yml	community.show.create_first_community_topic.first_theme	Az első közösségi téma létrehozása	Hozd létre az első közösségi témát	Create the first community topic
community.yml	community.show.create_first_community_topic.sub_first_theme	Egy téma létrehozásához meg kell %{sign_in} vagy %{sign_up}.	Téma létrehozásához %{sign_in} vagy %{sign_up} szükséges.	To create a theme you must %{sign_in} or %{sign_up}.
community.yml	community.show.tab.participants	A résztvevők	Résztvevők	Participants
community.yml	community.show.sidebar.participate	Részvétel	Részt vesz	Participate
community.yml	community.show.topic.destroy	A téma törlése	Téma törlése	Delete topic
community.yml	community.show.back	Vissza a %{community}  %{proposal}	Vissza az %{community} %{proposal}	Back to %{community} %{proposal}
community.yml	community.topic.create	Téma létrehozása	Hozzon létre egy témát	Create a topic
community.yml	community.topic.form.update.submit_button	A téma frissítése	Téma frissítése	Update topic
community.yml	community.topic.sidebar.recommendations_title	Ajánlások egy téma létrehozására	Javaslatok téma létrehozásához	Recommendations to create a topic
community.yml	community.topic.sidebar.recommendation_one	Ne írd a téma címét vagy egész mondatokat nagybetűkkel. Az interneten, amit kiabálásnak tekintenek. És senki sem szereti, ha kiabálnak vele.	Ne írja nagybetűvel a téma címét vagy egész mondatait. Az interneten kiabálásnak számít. És senki sem szereti, ha kiabálnak vele.	Do not write the topic title or whole sentences in capital letters. On the internet that is considered shouting. And no one likes to be yelled at.
community.yml	community.topic.sidebar.recommendation_two	Minden olyan téma vagy megjegyzés, amely jogellenes cselekvéssel jár, megszűnik, még azok is, akik szabotálni kívánják a téma tereit, minden más megengedett.	Minden olyan témát vagy megjegyzést, amely illegális cselekvésre utal, ki kell zárni, azokat is, amelyek az alany tereit szabotálni kívánják, minden más megengedett.	Any topic or comment that implies an illegal action will be eliminated, also those that intend to sabotage the spaces of the subject, everything else is allowed.
community.yml	community.topic.sidebar.recommendation_three	Élvezd ezt a helyet, a hangokat, amik betöltik, a tiéd is.	Élvezze ezt a teret, az azt betöltő hangokat, ez a tiéd is.	Enjoy this space, the voices that fill it, it's yours too.
documents.yml	documents.max_documents_allowed_reached	Elérte a megengedett maximális számú dokumentumot! <strong>Ki kell törölnöd egyet, mielőtt feltöltenél egy másikat.</strong>	Elérte a dokumentumok megengedett maximális számát! <strong>Törölnie kell egyet, mielőtt feltölthetne egy másikat.</strong>	You have reached the maximum number of documents allowed! <strong>You have to delete one before you can upload another.</strong>
documents.yml	documents.form.delete_button	A dokumentum eltávolítása	Távolítsa el a dokumentumot	Remove document
documents.yml	documents.form.cancel_button	Törlés	Mégsem	Cancel
documents.yml	documents.form.note	Feltölthető maximum %{max_documents_allowed} a következő tartalomtípusokat tartalmazó dokumentumok: %{accepted_content_types}, egészen %{max_file_size} MB fájlonként.	Legfeljebb %{max_documents_allowed} dokumentumot tölthet fel a következő tartalomtípusokból: %{accepted_content_types}, fájlonként legfeljebb %{max_file_size} MB.	You can upload up to a maximum of %{max_documents_allowed} documents of following content types: %{accepted_content_types}, up to %{max_file_size} MB per file.
documents.yml	documents.actions.destroy.notice	A dokumentumot sikeresen törölték.	A dokumentum sikeresen törölve.	Document was deleted successfully.
documents.yml	documents.actions.destroy.alert	Nem sikerült törölni a dokumentumot.	A dokumentum nem törölhető.	Cannot delete document.
documents.yml	documents.actions.destroy.confirm	Biztosan törölni akarja a dokumentumot? Ezt nem lehet visszacsinálni!	Biztosan törli a dokumentumot? Ez a művelet nem vonható vissza!	Are you sure you want to delete the document? This action cannot be undone!
documents.yml	documents.buttons.destroy_document	A dokumentum törlése	Dokumentum törlése	Delete document
documents.yml	documents.errors.messages.in_between	között kell lennie %{min} és %{max}	%{min} és %{max} között kell lennie	must be in between %{min} and %{max}
documents.yml	documents.errors.messages.wrong_content_type	tartalomtípus %{content_type} nem felel meg egyik elfogadott tartalomtípusnak sem %{accepted_content_types}	az %{content_type} tartalomtípus nem egyezik az elfogadott tartalomtípusok egyikével sem %{accepted_content_types}	content type %{content_type} does not match any of accepted content types %{accepted_content_types}
images.yml	images.remove_image	Képek eltávolítása	Kép eltávolítása	Remove image
images.yml	images.form.delete_button	Képek eltávolítása	Kép eltávolítása	Remove image
images.yml	images.form.note	Feltölthetsz egy képet a következő tartalomtípusokról: %{accepted_content_types}, egészen %{max_file_size} MB.	A következő tartalomtípusokból tölthet fel egy képet: %{accepted_content_types}, legfeljebb %{max_file_size} MB.	You can upload one image of following content types: %{accepted_content_types}, up to %{max_file_size} MB.
images.yml	images.form.add_new_image	Képek hozzáadása	Kép hozzáadása	Add image
images.yml	images.form.suggest_image_with_ai	Javasoljon képet MI-vel	Javasoljon egy képet AI-val	Suggest an image with AI
images.yml	images.form.attach_suggested_image	A javasolt kép csatolása	Javasolt kép csatolása	Attach suggested image
images.yml	images.form.attach_suggested_image_aria_label	A javasolt kép csatolása %{index} II. %{count}	Mellékelje az %{count} képét %{index}	Attach suggested image %{index} of %{count}
images.yml	images.form.pick_an_image	Válasszon ki egy képet az alábbi javaslatokból:	Válasszon egy képet az alábbi javaslatok közül:	Select an image from the suggestions below:
images.yml	images.form.no_images_found	Nem volt javaslat.	Nem találhatók javaslatok.	No suggestions could be found.
images.yml	images.actions.destroy.notice	A képet sikeresen törölték.	A kép sikeresen törölve.	Image was deleted successfully.
images.yml	images.actions.destroy.alert	Nem sikerült törölni a képet.	A kép nem törölhető.	Cannot delete image.
images.yml	images.errors.messages.title_and_description_required	Hogy képeket javasoljon, először írjon egy címet és leírást.	Ha képeket szeretne javasolni, először írjon egy címet és leírást.	To suggest images, please write a title and description first.
images.yml	images.errors.messages.llm_not_configured	Az LLM nincs megfelelően beállítva. Kérjük, lépjen kapcsolatba az adminisztrátorral.	Az LLM nincs megfelelően konfigurálva. Kérjük, forduljon egy rendszergazdához.	LLM is not properly configured. Please contact an administrator.
images.yml	images.errors.messages.in_between	között kell lennie %{min} és %{max}	%{min} és %{max} között kell lennie	must be in between %{min} and %{max}
images.yml	images.errors.messages.wrong_content_type	tartalomtípus %{content_type} nem felel meg egyik elfogadott tartalomtípusnak sem %{accepted_content_types}	az %{content_type} tartalomtípus nem egyezik az elfogadott tartalomtípusok egyikével sem %{accepted_content_types}	content type %{content_type} does not match any of accepted content types %{accepted_content_types}
kaminari.yml	helpers.page_entries_info.entry.other	Bejegyzés	Bejegyzések	Entries
kaminari.yml	helpers.page_entries_info.entry.zero	Bejegyzés	Bejegyzések	Entries
kaminari.yml	helpers.page_entries_info.more_pages.display_entries	Megjelenítés <strong>%{first}& nbsp; - & nbsp;%{last}</strong> II. <strong>%{total}  %{entry_name}</strong>	<strong>%{first} - %{last}</strong> / <strong>%{total} %{entry_name}</strong>	Displaying <strong>%{first}&nbsp;-&nbsp;%{last}</strong> of <strong>%{total} %{entry_name}</strong>
kaminari.yml	helpers.page_entries_info.one_page.display_entries.other	Vannak <strong>%{count}  %{entry_name}</strong>	Vannak <strong>%{count} %{entry_name}</strong>	There are <strong>%{count} %{entry_name}</strong>
kaminari.yml	views.pagination.current	You 're on page	Az oldalon vagy	You're on page
kaminari.yml	views.pagination.truncate	& hellip;	…	&hellip;
legislation.yml	legislation.annotations.comments.see_all	Lásd az összes	Az összes megtekintése	See all
legislation.yml	legislation.annotations.comments.see_complete	Teljes	Lásd teljes	See complete
legislation.yml	legislation.annotations.comments.replies_count.other	%{count} válaszok	%{count} válaszol	%{count} replies
legislation.yml	legislation.annotations.comments.cancel	Törlés	Mégsem	Cancel
legislation.yml	legislation.annotations.comments.publish_comment	Megjegyzés	Megjegyzés közzététele	Publish Comment
legislation.yml	legislation.annotations.form.phase_not_open	Ez a szakasz még nincs nyitva.	Ez a fázis nem nyitott	This phase is not open
legislation.yml	legislation.annotations.index.comments_about	Megjegyzések	Hozzászólások kb	Comments about
legislation.yml	legislation.annotations.index.see_in_context	Lásd az összefüggésben	Lásd összefüggésben	See in context
legislation.yml	legislation.annotations.version_chooser.seeing_version	Fordítás	Megjegyzések a verzióhoz	Commments for version
legislation.yml	legislation.draft_versions.changes.seeing_changelog_version	Felülvizsgálati módosítások összefoglalása	Változásmódosítások összefoglalója	Revision changes summary
legislation.yml	legislation.draft_versions.show.loading_comments	Hozzászólások betöltése	Megjegyzések betöltése	Loading comments
legislation.yml	legislation.draft_versions.show.seeing_version	A vázlatot látod.	Piszkozat verziót lát	You're seeing draft version
legislation.yml	legislation.draft_versions.show.select_draft_version	A vázlat kiválasztása	Válassza ki a piszkozatot	Select draft
legislation.yml	legislation.draft_versions.show.see_changes	lásd a változások összefoglalását	lásd a változások összefoglalóját	see changes summary
legislation.yml	legislation.draft_versions.show.see_comments	Lásd az összes megjegyzést	Az összes megjegyzés megtekintése	See all comments
legislation.yml	legislation.processes.header.more_info	További információk és háttér	További információ és kontextus	More information and context
legislation.yml	legislation.processes.proposals.empty_proposals	Nincsenek javaslatok.	Nincsenek javaslatok	There are no proposals
legislation.yml	legislation.processes.proposals.filters.random	Véletlenszerű	Véletlen	Random
legislation.yml	legislation.processes.debate.empty_questions	Nincs kérdés.	Nincsenek kérdések	There aren't any questions
legislation.yml	legislation.processes.index.filters.open	Nyílt eljárások	Nyitott folyamatok	Open processes
legislation.yml	legislation.processes.index.filters.past	Előző	Elmúlt	Past
legislation.yml	legislation.processes.index.no_open_processes	Nincsenek nyílt folyamatok.	Nincsenek nyitott folyamatok	There aren't open processes
legislation.yml	legislation.processes.index.no_past_processes	Nincsenek korábbi folyamatok.	Nincsenek múltbeli folyamatok	There aren't past processes
legislation.yml	legislation.processes.index.section_header.icon_alt	Együttműködő jogi ikon	Együttműködési jogszabályok ikonra	Collaborative legislation icon
legislation.yml	legislation.processes.index.section_header.title	Együttműködés	Együttműködési jogszabályok	Collaborative legislation
legislation.yml	legislation.processes.index.section_header.help	Segítségnyújtás az együttműködésen alapuló jogalkotásban	Segítség az együttműködésen alapuló törvényhozásban	Help with collaborative legislation
legislation.yml	legislation.processes.index.section_footer.title	Segítségnyújtás az együttműködésen alapuló jogalkotásban	Segítség az együttműködésen alapuló törvényhozásban	Help with collaborative legislation
legislation.yml	legislation.processes.index.section_footer.description	Az új rendeletek vagy stratégiák jóváhagyását megelőzően vegyenek részt a vitákban és folyamatokban. Megfontoljuk a véleményét.	Vegyen részt az új szabályozások vagy stratégiák jóváhagyását megelőző vitákban és folyamatokban. Az Ön véleményét figyelembe vesszük.	Participate in the debates and processes prior to the approval of new regulations or strategies. Your opinion will be considered.
legislation.yml	legislation.processes.phase_not_open.not_open	Ez a szakasz még nem nyitott.	Ez a fázis még nem nyitott	This phase is not open yet
legislation.yml	legislation.processes.phase_empty.empty	Még nem jelent meg.	Még semmi sem jelent meg	Nothing published yet
legislation.yml	legislation.processes.process.see_latest_comments	Lásd a legfrissebb észrevételeket.	Lásd a legújabb megjegyzéseket	See latest comments
legislation.yml	legislation.processes.process.see_latest_comments_title	Megjegyzés erről a folyamatról	Írjon megjegyzést ehhez a folyamathoz	Comment on this process
legislation.yml	legislation.processes.shared.homepage	Honlap	Kezdőlap	Homepage
legislation.yml	legislation.processes.shared.result_publication_date	Végleges eredmény közzététel	A végeredmény publikálása	Final result publication
legislation.yml	legislation.questions.comments.comment_button	Kiadói válasz	Válasz közzététele	Publish answer
legislation.yml	legislation.questions.comments.comments_title	Válaszok megnyitása	Nyitott válaszok	Open answers
legislation.yml	legislation.questions.comments.form.leave_comment	Hagyd meg a válaszod.	Hagyja a választ	Leave your answer
legislation.yml	legislation.questions.show.answer_question	Válasz benyújtása	Válasz elküldése	Submit answer
legislation.yml	legislation.questions.show.share	Megosztás	Részesedés	Share
legislation.yml	legislation.questions.show.title	Együttható jogalkotási eljárás	Együttműködő jogalkotási folyamat	Collaborative legislation process
legislation.yml	legislation.questions.participation.phase_not_open	Ez a szakasz még nincs nyitva.	Ez a fázis nem nyitott	This phase is not open
legislation.yml	legislation.questions.participation.organizations	A vitában nem vehetnek részt szervezetek	Szervezetek nem vehetnek részt a vitában	Organisations are not permitted to participate in the debate
legislation.yml	legislation.questions.participation.unauthenticated	Muszáj. %{signin} vagy %{signup} részt venni.	A részvételhez %{signin} vagy %{signup} szükséges.	You must %{signin} or %{signup} to participate.
legislation.yml	legislation.questions.participation.debate_phase_not_open	A vita befejeződött, és a válaszokat már nem fogadják el.	A vitafázis véget ért, és a válaszokat már nem fogadják el	Debate phase has finished and answers are not accepted anymore
legislation.yml	legislation.shared.share	Megosztás	Részesedés	Share
legislation.yml	legislation.shared.share_comment	Megjegyzés %{version_name} a folyamattervezetből %{process_name}	Megjegyzés az %{version_name}-hez az %{process_name} folyamattervezetből	Comment on %{version_name} from process draft %{process_name}
legislation.yml	legislation.proposals.not_verified	Szavazati javaslatok %{verify_account}.	Szavazási javaslatokhoz %{verify_account}.	For vote proposals %{verify_account}.
legislation.yml	legislation.proposals.process_title	Együttható jogalkotási eljárás	Együttműködő jogalkotási folyamat	Collaborative legislation process
legislation.yml	legislation.summary.title	Összefoglaló	Összegzés	Summary
legislation.yml	legislation.summary.votes.one	%{count} szavazás	%{count} szavazat	%{count} vote
legislation.yml	legislation.summary.debate_phase	Vitaszakasz	Vita fázis	Debate phase
legislation.yml	legislation.summary.proposals_phase	Javaslatok	Javaslatok szakasza	Proposals phase
legislation.yml	legislation.summary.allegations_phase	Hozzászólási szakasz	Megjegyzések szakasz	Comments phase
legislation.yml	legislation.summary.debates.zero	Nincs vita	Nincsenek viták	No debates
legislation.yml	legislation.summary.proposals.zero	Nincs javaslat	Nincsenek javaslatok	No proposals
legislation.yml	legislation.summary.top_comments.other	Főbb megjegyzések	Legjobb megjegyzések	Top comments
legislation.yml	legislation.summary.most_voted_comments	A legtöbb szavazott megjegyzés	A legtöbb szavazatot kapott hozzászólás	Most voted comments
legislation.yml	legislation.summary.no_allegation	Nincs megjegyzés.	Nincsenek megjegyzések	There are no comments
legislation.yml	legislation.summary.process_empty	Ennek a folyamatnak nem voltak részvételi fázisai.	Ennek a folyamatnak nem volt részvételi fázisa	This process didn't have any participation phases
mailers.yml	mailers.no_reply	Ezt az üzenetet olyan e-mail címről küldték, amely nem fogadja el a válaszokat.	Ezt az üzenetet olyan e-mail címről küldték, amely nem fogad válaszokat.	This message was sent from an email address that does not accept replies.
mailers.yml	mailers.already_confirmed.info	Kaptunk egy kérést, hogy küldjünk utasításokat a fiókjának megerősítésére. Azonban a fiókja már meg van erősítve, így nem kell újra megtennie.	Kaptunk egy kérést, hogy küldjünk útmutatást fiókja megerősítéséhez. Fiókja azonban már meg van erősítve, így nem szükséges újra megtenni.	We've received a request to send you instructions to confirm your account. However, your account is already confirmed, so there's no need to do so again.
mailers.yml	mailers.already_confirmed.new_password	Ha elfelejtetted a jelszavadat, a következő linken állíthatod vissza:	Ha elfelejtette jelszavát, az alábbi linken állíthatja vissza:	If you've forgotten your password, you can reset it at the following link:
mailers.yml	mailers.already_confirmed.subject	A fiókját már megerősítették.	Fiókja már visszaigazolva	Your account is already confirmed
mailers.yml	mailers.comment.hi	Szia.	Szia	Hi
mailers.yml	mailers.comment.new_comment_by	Van egy új megjegyzés a <strong>%{commenter}</strong>	Új megjegyzés érkezett a következőtől: <strong>%{commenter}</strong>	There is a new comment from <strong>%{commenter}</strong>
mailers.yml	mailers.comment.subject	Valaki kommentálta a %{commentable}	Valaki megjegyzést fűzött a %{commentable}	Someone has commented on your %{commentable}
mailers.yml	mailers.config.unsubscribe_text	"Az e-mailek törléséhez látogasson el %{notifications} és leellenőrzöm ""%{notification}""."	Ha le szeretne iratkozni ezekről az e-mailekről, látogasson el a %{notifications} oldalra, és törölje az „%{notification} jelét”.	"To unsubscribe from these emails, visit %{notifications} and uncheck ""%{notification}""."
mailers.yml	mailers.email_verification.click_here_to_verify	Ez a link	ezt a linket	this link
mailers.yml	mailers.email_verification.instructions_2	Ez az e-mail ellenőrzi a fiókot <b>%{document_type}  %{document_number}</b>. Ha ezek nem tartoznak az Ön, kérjük, ne kattintson az előző linkre, és figyelmen kívül hagyja ezt az e-mailt.	Ez az e-mail igazolja fiókját a következővel: <b>%{document_type} %{document_number}</b>. Ha ezek nem az Öné, kérjük, ne kattintson az előző linkre, és hagyja figyelmen kívül ezt az e-mailt.	This email will verify your account with <b>%{document_type} %{document_number}</b>. If these don't belong to you, please don't click on the previous link and ignore this email.
mailers.yml	mailers.email_verification.instructions	A felhasználói fiókja ellenőrzésének befejezéséhez kattintson ide %{verification_link}.	A felhasználói fiók ellenőrzésének befejezéséhez kattintson az %{verification_link} gombra.	To complete the verification of your user account you must click %{verification_link}.
mailers.yml	mailers.email_verification.subject	Erősítse meg e-mailjét	Erősítse meg e-mail címét	Confirm your email
mailers.yml	mailers.email_verification.title	Erősítse meg e-mailjét	Erősítse meg e-mail címét	Confirm your email
mailers.yml	mailers.email_verification.text	A fiókot a következő linkkel erősítse meg.	Erősítse meg fiókját a következő link segítségével.	Confirm your account using the following link.
mailers.yml	mailers.reply.hi	Szia.	Szia	Hi
mailers.yml	mailers.reply.new_reply_by	Van egy új válasz <strong>%{commenter}</strong> az Ön észrevételeit	Új választ érkezett <strong>%{commenter}</strong> a következőhöz fűzött megjegyzésedre:	There is a new response from <strong>%{commenter}</strong> to your comment on
mailers.yml	mailers.reply.subject	Valaki válaszolt az észrevételedre.	Valaki válaszolt a megjegyzésére	Someone has responded to your comment
mailers.yml	mailers.reply.title	Új válasz a hozzászólására	Új válasz a hozzászólásodra	New response to your comment
mailers.yml	mailers.proposal_notification_digest.info	Itt vannak az új bejelentések, amelyeket az Ön által támogatott javaslatok szerzői tettek közzé %{org_name}.	Itt vannak azok az új értesítések, amelyeket az %{org_name}-ben támogatott javaslatok szerzői tettek közzé.	Here are the new notifications that have been published by authors of the proposals that you have supported in %{org_name}.
mailers.yml	mailers.proposal_notification_digest.title	A javaslatról szóló értesítések: %{org_name}	Ajánlatértesítések %{org_name}	Proposal notifications in %{org_name}
mailers.yml	mailers.proposal_notification_digest.share	A javaslat megosztása	Ossza meg az ajánlatot	Share proposal
mailers.yml	mailers.proposal_notification_digest.comment	Megjegyzés	Megjegyzés javaslat	Comment proposal
mailers.yml	mailers.proposal_notification_digest.unsubscribe_text	"Ha nem szeretné megkapni a pályázati értesítéseket, látogasson el %{notifications} ""A pályázati felhívások összefoglalását kapja""."	Ha nem szeretne értesítést kapni az ajánlatokról, látogasson el az %{notifications} oldalra, és törölje a jelölést az „Ajánlati értesítések összefoglalójának fogadása” jelölőnégyzetből.	If you don't want to receive any proposal notifications, visit %{notifications} and uncheck 'Receive a summary of proposal notifications'.
mailers.yml	mailers.proposal_notification_digest.unfollow	Látogassa meg ezt a javaslatot, és ne kövesse, hogy ne kapja meg az értesítéseket.	Látogassa meg ezt az ajánlatot, és hagyja abba a követését, ha nem szeretne értesítéseket kapni.	Visit this proposal and unfollow it to stop receiving notifications.
mailers.yml	mailers.direct_message_for_receiver.subject	Kapott egy új privát üzenetet.	Új privát üzenet érkezett	You have received a new private message
mailers.yml	mailers.direct_message_for_receiver.reply	Válasz %{sender}	Válasz erre: %{sender}	Reply to %{sender}
mailers.yml	mailers.direct_message_for_receiver.unsubscribe_text	"Ha nem akarsz közvetlen üzeneteket kapni, látogasd meg %{notifications} és törli ""Fogadja e-maileket a közvetlen üzenetek""."	Ha nem szeretne közvetlen üzeneteket kapni, látogasson el az %{notifications} oldalra, és törölje a jelet az „E-mailek fogadása a közvetlen üzenetekről” jelölőnégyzetből.	If you don't want to receive direct messages, visit %{notifications} and uncheck 'Receive emails about direct messages'.
mailers.yml	mailers.direct_message_for_sender.subject	Ön küldött egy új privát üzenetet.	Új privát üzenetet küldött	You have sent a new private message
mailers.yml	mailers.direct_message_for_sender.title	Ön küldött egy új privát üzenetet.	Új privát üzenetet küldött	You have sent a new private message
mailers.yml	mailers.direct_message_for_sender.text	Küldött egy új privát üzenetet <strong>%{receiver}</strong> a következőkkel:	Új privát üzenetet küldött a <strong>%{receiver}</strong> címre a következő tartalommal:	You have sent a new private message to <strong>%{receiver}</strong> with the content:
mailers.yml	mailers.user_invite.ignore	Ha nem kérte ezt a meghívást, ne aggódjon, figyelmen kívül hagyhatja ezt az e-mailt.	Ha nem kérte ezt a meghívót, ne aggódjon, figyelmen kívül hagyhatja ezt az e-mailt.	If you have not requested this invitation don't worry, you can ignore this email.
mailers.yml	mailers.user_invite.text	Köszönöm, hogy jelentkeztél. %{org}! Másodpercek alatt elkezdhet részt venni, csak töltse ki az alábbi űrlapot:	Köszönjük, hogy jelentkezett az %{org} csoportba! Másodperceken belül részt vehet, csak töltse ki az alábbi űrlapot:	Thank you for applying to join %{org}! In seconds you can start to participate, just fill the form below:
mailers.yml	mailers.user_invite.title	Üdv a %{org}	Üdvözli az %{org}	Welcome to %{org}
mailers.yml	mailers.budget_investment_created.subject	Köszönöm, hogy befektetett!	Köszönjük a befektetést!	Thank you for creating an investment!
mailers.yml	mailers.budget_investment_created.title	Köszönöm, hogy befektetett!	Köszönjük a befektetést!	Thank you for creating an investment!
mailers.yml	mailers.budget_investment_created.intro	Szia. <strong>%{author}</strong>,	Szia <strong>%{author}</strong>!	Hi <strong>%{author}</strong>,
mailers.yml	mailers.budget_investment_created.text	Köszönöm, hogy létrehoztad a befektetésed. <strong>%{investment}</strong> részt vevő költségvetésekhez <strong>%{budget}</strong>.	Köszönjük, hogy létrehozta <strong>%{investment}</strong> befektetését a közösségi költségvetéshez <strong>%{budget}</strong>.	Thank you for creating your investment <strong>%{investment}</strong> for Participatory Budgets <strong>%{budget}</strong>.
mailers.yml	mailers.budget_investment_created.follow	Tájékoztatjuk Önt arról, hogyan halad a folyamat, amelyet Ön is nyomon követhet <strong>%{link}</strong>.	Tájékoztatjuk Önt a folyamat előrehaladásáról, amit az <strong>%{link}</strong> oldalon is követhet.	We will inform you about how the process progresses, which you can also follow on <strong>%{link}</strong>.
mailers.yml	mailers.budget_investment_created.follow_link	Részvételi költségvetés	közösségi költségvetések	Participatory Budgets
mailers.yml	mailers.budget_investment_created.sincerely	Tisztelettel,	Őszintén,	Sincerely,
mailers.yml	mailers.budget_investment_created.share	A projekt megosztása	Ossza meg projektjét	Share your project
mailers.yml	mailers.budget_investment_unfeasible.title	Az Ön beruházási projektje megvalósíthatatlannak bizonyult.	Beruházási projektjét megvalósíthatatlanként jelölték meg	Your investment project has been marked as unfeasible
mailers.yml	mailers.budget_investment_unfeasible.new	Mindezekre, kérjük, hogy dolgozzon ki egy <strong>új beruházások</strong> a folyamat körülményeihez igazodik. Ezt a linket követheti: %{url}.	Mindezekhez egy <strong>új beruházás</strong> kidolgozására kérjük, amely alkalmazkodik ennek a folyamatnak a feltételeihez. Ezt a következő linken teheti meg: %{url}.	For all these, we invite you to elaborate a <strong>new investment</strong> that adjusts to the conditions of this process. You can do it following this link: %{url}.
mailers.yml	mailers.budget_investment_unfeasible.sincerely	Tisztelettel	Őszintén	Sincerely
mailers.yml	mailers.budget_investment_unfeasible.sorry	Elnézést a kellemetlenségért, és ismét köszönjük a felbecsülhetetlen értékű részvételt.	Elnézést kérünk a kellemetlenségért, és még egyszer köszönjük a felbecsülhetetlen értékű részvételt.	Sorry for the inconvenience and we again thank you for your invaluable participation.
mailers.yml	mailers.budget_investment_unfeasible.subject	"Az Ön beruházási projektje ""%{code}""megvalósíthatatlannak minősítették"	Az Ön „%{code}” beruházási projektjét megvalósíthatatlanként jelölték meg	Your investment project '%{code}' has been marked as unfeasible
mailers.yml	mailers.budget_investment_selected.subject	"Az Ön beruházási projektje ""%{code}""kiválasztották"	Az Ön „%{code}” beruházási projektje kiválasztásra került	Your investment project '%{code}' has been selected
mailers.yml	mailers.budget_investment_selected.title	Az Ön beruházási projektje kiválasztásra került	Beruházási projektjét kiválasztottuk	Your investment project has been selected
mailers.yml	mailers.budget_investment_selected.share	Kezdjen el szavazni, ossza meg beruházási projektjét a közösségi hálózatokkal. A megosztás elengedhetetlen ahhoz, hogy valósággá váljon.	Kezdjen el szavazatokat szerezni, ossza meg befektetési projektjét a közösségi hálózatokon. A megosztás elengedhetetlen ahhoz, hogy ez valósággá váljon.	Start to get votes, share your investment project on social networks. Share is essential to make it a reality.
mailers.yml	mailers.budget_investment_selected.share_button	A beruházási projekt megosztása	Ossza meg beruházási projektjét	Share your investment project
mailers.yml	mailers.budget_investment_selected.sincerely	Tisztelettel	Őszintén	Sincerely
mailers.yml	mailers.budget_investment_unselected.subject	"Az Ön beruházási projektje ""%{code}""nem lett kiválasztva"	Az Ön „%{code}” beruházási projektje nincs kiválasztva	Your investment project '%{code}' has not been selected
mailers.yml	mailers.budget_investment_unselected.title	Az Ön beruházási projektje nem került kiválasztásra	Beruházási projektjét nem választották ki	Your investment project has not been selected
mailers.yml	mailers.budget_investment_unselected.sincerely	Tisztelettel	Őszintén	Sincerely
mailers.yml	mailers.evaluation_comment.title	Új értékelési észrevételek %{investment}	Új értékelési megjegyzés a következőhöz: %{investment}	New evaluation comment for %{investment}
mailers.yml	mailers.evaluation_comment.hi	Szia.	Szia	Hi
mailers.yml	mailers.evaluation_comment.new_comment_by	Egy új értékelési észrevétel érkezett <strong>%{commenter}</strong> a költségvetési beruházáshoz %{investment}	Új értékelési megjegyzés érkezett az <strong>%{commenter}</strong> költségvetési beruházáshoz %{investment}	There is a new evaluation comment from <strong>%{commenter}</strong> to the budget investment %{investment}
mailers.yml	mailers.machine_learning_error.link	Gépi tanulás panel megtekintése	Látogassa meg a Machine Learning panelt	Visit Machine Learning panel
mailers.yml	mailers.machine_learning_error.subject	Gépi tanulás - Hiba történt a szkript futtatása közben	Gépi tanulás – Hiba történt a szkript futtatásakor	Machine Learning - An error has occurred running the script
mailers.yml	mailers.machine_learning_error.text	Hiba történt a gépi tanulás forgatókönyvében.	Hiba történt a Machine Learning parancsfájl futtatásakor.	An error has occurred running the Machine Learning script.
mailers.yml	mailers.machine_learning_error.title	Gépi tanulás szkript	Gépi tanulási szkript	Machine Learning script
mailers.yml	mailers.machine_learning_success.link	Gépi tanulás panel megtekintése	Látogassa meg a Machine Learning panelt	Visit Machine Learning panel
mailers.yml	mailers.machine_learning_success.subject	Gépi tanulás - A tartalom sikeresen keletkezett	Gépi tanulás – A tartalom létrehozása sikeresen megtörtént	Machine Learning - Content has been generated successfully
mailers.yml	mailers.machine_learning_success.text	A tartalom sikeresen keletkezett.	A tartalom létrehozása sikeresen megtörtént.	Content has been generated successfully.
mailers.yml	mailers.machine_learning_success.title	Gépi tanulás szkript	Gépi tanulási szkript	Machine Learning script
mailers.yml	mailers.new_actions_notification_on_create.subject	Az Ön polgári javaslattervezete megszületett.	Az állampolgári javaslattervezet elkészült	Your draft citizen proposal is created
mailers.yml	mailers.new_actions_notification_on_create.hi	Szia. %{name}!	Szia %{name}!	Hi %{name}!
mailers.yml	mailers.new_actions_notification_on_create.introduction	A %{title} A javaslat sikeresen megszületett.	Az Ön %{title} ajánlata sikeresen létrejött.	Your %{title} proposal has been successfully created.
mailers.yml	mailers.new_actions_notification_on_create.text_1	Használja ki, hogy a javaslat még nem nyilvános, és készüljön fel, hogy kapcsolatba sok ember.	Használja ki, hogy ajánlata még nem nyilvános, és készüljön fel arra, hogy sok emberrel kapcsolatba lépjen.	Take advantage that your proposal is not public yet and get ready to contact a lot of people.
mailers.yml	mailers.new_actions_notification_on_create.text_2	Ha készen áll, tegye közzé a polgári javaslatot ebből <a href='%{link}'>kapcsolat</a>.	Ha készen áll, tegye közzé állampolgári javaslatát erről az <a href='%{link}'>linkről</a>.	When you are ready publish your citizen proposal from this <a href='%{link}'>link</a>.
mailers.yml	mailers.new_actions_notification_on_create.text_3	Tudjuk, hogy egy kampós javaslat létrehozása és a szükséges támogatás megszerzése bonyolultnak tűnhet. De ne aggódj, mert segíteni fogunk!	Tudjuk, hogy az ajánlat megalkotása és a szükséges támogatás megszerzése bonyolultnak tűnhet. De ne aggódj, mert mi segítünk neked!	We know that creating a proposal with a hook and getting the necessary support can seem complicated. But don't worry because we are going to help you!
mailers.yml	mailers.new_actions_notification_on_create.text_4	Van egy eszköz, ami lesz az új legjobb szövetségesed: A Polgári Javaslatok Panel.	Van egy eszköze, amely az új legjobb szövetségese lesz: az Állampolgári javaslatok panel.	You have a tool that will be your new best ally: The Citizen Proposals panel.
mailers.yml	mailers.new_actions_notification_on_create.list_1	Írja be minden nap a panel a javaslatot, hogy használja a tippeket és erőforrásokat, hogy meg fogjuk osztani Önnel.	Írjon be minden nap az ajánlat panelbe, hogy felhasználja azokat a tippeket és forrásokat, amelyeket megosztunk Önnel.	Enter every day in the panel of your proposal to use the tips and resources that we will share with you.
mailers.yml	mailers.new_actions_notification_on_create.list_2	Ezek a tippek, cselekvések és erőforrások ad ötleteket és gyakorlati megoldásokat, hogy több támogatást és egy szélesebb közösség. Ne felejtsd el őket!	Ezek a tippek, intézkedések és források ötleteket és gyakorlati megoldásokat adnak, hogy több támogatást és szélesebb közösséget szerezzenek. Ne felejtsd el őket!	These tips, actions and resources will give you ideas and also practical solutions to get more support and a wider community. Dont forget them!
mailers.yml	mailers.new_actions_notification_on_create.list_3	Ahogy egyre több támogatást, akkor felszabadítja az új és jobb erőforrások. Jelenleg van egy e-mail sablonod, hogy masszívan küldd el minden kapcsolatodnak, egy poszter nyomtatni, többek között funkciók és jutalmak, hogy meg fogja találni. Ne hagyja abba a támogatást, és mi nem hagyja abba a jutalmazás és segít!	Ahogy egyre több támogatásra tesz szert, új és jobb erőforrásokat szabadít fel. Jelenleg van egy e-mail-sablonja, amelyet tömegesen elküldhet az összes kapcsolattartójának, egy poszter, amelyet kinyomtathat, többek között olyan funkciók és jutalmak, amelyeket felfedezhet. Ne hagyja abba a támogatás hozzáadását, és mi nem hagyjuk abba a jutalmazást és a segítést!	As you gain more support, you will unlock new and better resources. At the moment, you have an e-mail template to send massively to all your contacts, a poster to print, among other features and rewards that you will discover. Dont stop adding support and we will not stop rewarding and helping you!
mailers.yml	mailers.new_actions_notification_on_create.list_4	Igen. %{max_month} hónapok óta, mióta közzétette a javaslatot, hogy kap %{max_votes} a támogatás és a javaslatod valósággá válhat. De az első napok a legfontosabbak. Ez egy kihívás. Készülj!	%{max_month} hónapja van az ajánlat közzététele óta, hogy %{max_votes} támogatást kapjon, és ajánlata valósággá válhat. De az első napok a legfontosabbak. Ez egy kihívás. Készülj fel!	You have %{max_month} months since you publish the proposal to get %{max_votes} support and your proposal can become a reality. But the first days are the most important. It is a challenge. Get ready!
mailers.yml	mailers.new_actions_notification_on_create.text_5	És hogy a motivációval kezdje,	És hogy minden motivációval kezdje,	And for you to start with all the motivation,
mailers.yml	mailers.new_actions_notification_on_create.text_6	Itt van több forrás és egy egész lista tippek, hogy jön hozzád minden nap, hogy előkészítse az adás!	itt számos forrás és tippek listája található, amelyek minden nap eljönnek Önhöz az adás előkészítéséhez!	here you have several resources and a whole list of tips that will come to you every day to prepare the broadcast!
mailers.yml	mailers.new_actions_notification_on_create.dashboard_button	Rajta, fedezd fel őket!	Hajrá, fedezd fel őket!	Go ahead, discover them!
mailers.yml	mailers.new_actions_notification_on_published.subject	A polgári javaslatod már megjelent. Ne hagyd abba a terjedést!	Az Ön állampolgári javaslata már megjelent. Ne hagyd abba a terjedést!	Your citizen proposal is already published. Don't stop spreading!
mailers.yml	mailers.new_actions_notification_on_published.hi	Gratulálok. %{name}Az ajánlatod. %{title} sikeresen létrehozták.	Gratulálunk %{name}! Az Ön %{title} ajánlata sikeresen létrejött.	Congratulations %{name}! Your proposal %{title} has been created successfully.
mailers.yml	mailers.new_actions_notification_on_published.text_1	És most az első 100 támaszod!	És most szerezze meg az első 100 támogatást!	And now, go for your first 100 supports!
mailers.yml	mailers.new_actions_notification_on_published.text_3	Tapasztalataink szerint az első nap alapvető. Mert amellett, hogy megvan az energiája ahhoz, hogy valami újat indítson, mivel ez egy újonnan közzétett javaslat, fontos láthatósága lesz annak, hogy az új javaslatok között szerepeljen.	Tapasztalataink azt mutatják, hogy az első nap alapvető. Mert amellett, hogy van energiája valami új elindítására, mivel egy újonnan megjelent javaslat, fontos láthatósága lesz, hogy az új javaslatok között szerepel.	Our experience tells us that the first day is fundamental. Because in addition to having the energy to launch something new, being a newly published proposal, you will have the important visibility of being among the new proposals highlighted.
mailers.yml	mailers.new_actions_notification_on_published.text_4	Szerezz 100 támogatást az első napon, és lesz egy első közösséged, aki támogat.	Szerezzen 100 támogatást az első napon, és egy első közösség áll rendelkezésére.	Get 100 supports on the first day, and you will have a first community to back you up.
mailers.yml	mailers.new_actions_notification_on_published.text_5	Ezért hívunk ki, hogy megkapd, de nem sok segítség nélkül!	Ezért kihívjuk Önt, hogy szerezze meg, de nem sok segítség nélkül!	That is why we challenge you to get it, but not without a lot of help!
mailers.yml	mailers.new_actions_notification_on_published.text_6	Ne feledje, hogy a Javaslat Paneljében új források állnak rendelkezésre, és ajánlások terjesztésére.	Ne feledje, hogy a pályázati panelen új források állnak rendelkezésre, és ajánlások állnak rendelkezésre a terjesztési tevékenységekhez.	Remember that in your Proposal Panel you have new resources available and recommendations for dissemination actions.
mailers.yml	mailers.new_actions_notification_on_published.list_1	Gyere be minden nap, hogy lásd a haladást, és használja a tippeket és erőforrásokat fogunk megosztani veled. Ezek ötletek és gyakorlati megoldások, hogy a szükséges támogatást.	Jöjjön be minden nap, hogy lássa a fejlődését, és használja a tippeket és forrásokat, amelyeket megosztunk Önnel. Ezek ötletek és gyakorlati megoldások is a szükséges támogatás megszerzéséhez.	Come in every day to see your progress and use the tips and resources we will share with you. They are ideas and also practical solutions to get the support you need.
mailers.yml	mailers.new_actions_notification_on_published.list_2	Ahogy több támogatást kap, új és jobb forrásokat szabadít fel. Ne hagyja abba a támogatást, és mi nem hagyja abba a díjazás és segít!	Amint több támogatást kap, új és jobb erőforrásokat szabadít fel. Ne hagyja abba a támogatás hozzáadását, és mi nem hagyjuk abba a jutalmazást és a segítést!	As you get more support, you will unlock new and better resources. Do not stop adding support and we will not stop rewarding and helping you!
mailers.yml	mailers.new_actions_notification_on_published.text_7	És hogy teljes sebességgel kezdje...	És hogy teljes sebességgel indulj...	And for you to start at full speed...
mailers.yml	mailers.new_actions_notification_on_published.text_8	Itt egy nagy erőforrás áll rendelkezésedre!	Itt egy nagyszerű forrás áll az Ön rendelkezésére!	Here is a great resource at your disposal!
mailers.yml	mailers.new_actions_notification_on_published.text_9	Meg fogja találni ezt az új ajánlott terjesztési akció...	Ezt az új ajánlott terjesztési akciót is megtalálja...	You will also find this new recommended dissemination action...
mailers.yml	mailers.new_actions_notification_on_published.text_10	Biztosan több erőforrást kell használnod!	Biztosan több felhasználható forrásod van!	You sure have more resources to use!
mailers.yml	mailers.new_actions_notification_on_published.dashboard_button	Rajta, fedezd fel őket!	Hajrá, fedezd fel őket!	Go ahead, discover them!
activerecord.yml	attributes.geozone_id	Hatály	Működési kör	Scope of operation
activerecord.yml	attributes.stats_enabled	Statok megjelenítése	Statisztikák megjelenítése	Show stats
activerecord.yml	attributes.email	E-mail	Email	Email
activerecord.yml	attributes.related_sdg_list	Célok és célkitűzések	Célok és célok	Goals and Targets
activerecord.yml	activerecord.models.activity.one	aktivitás	tevékenység	activity
activerecord.yml	activerecord.models.activity.other	tevékenységek	tevékenységeket	activities
activerecord.yml	activerecord.models.budget.other	Költségvetési tételek	Költségvetések	Budgets
activerecord.yml	activerecord.models.budget/investment.one	Beruházások	Beruházás	Investment
activerecord.yml	activerecord.models.milestone/status.one	Milestone status	Mérföldkő állapota	Milestone Status
activerecord.yml	activerecord.models.milestone/status.other	Mérföldkő állapotai	Mérföldkő állapotok	Milestone Statuses
activerecord.yml	activerecord.models.progress_bar.one	Előrehaladási sáv	Folyamat sáv	Progress bar
activerecord.yml	activerecord.models.progress_bar.other	Haladási sávok	Haladásjelző sávok	Progress bars
activerecord.yml	activerecord.models.administrator.one	Felelős	Adminisztrátor	Administrator
activerecord.yml	activerecord.models.administrator.other	Igazgatók	Rendszergazdák	Administrators
activerecord.yml	activerecord.models.valuator.one	Értékesítő	Értékbecslő	Valuator
activerecord.yml	activerecord.models.valuator.other	Értékesítők	Értékbecslők	Valuators
activerecord.yml	activerecord.models.valuator_group.one	Értékesítő csoport	Értékelő csoport	Valuator group
activerecord.yml	activerecord.models.manager.one	Vezető	Menedzser	Manager
activerecord.yml	activerecord.models.manager.other	Kezelők	Menedzserek	Managers
activerecord.yml	activerecord.models.vote.other	Szavazások	Szavazatok	Votes
activerecord.yml	activerecord.models.poll/booth.one	stand	bódé	booth
activerecord.yml	activerecord.models.poll/officer.one	tiszt	tisztviselő	officer
activerecord.yml	activerecord.models.poll/ballot_sheet.one	Ballot lap	Szavazólap	Ballot sheet
activerecord.yml	activerecord.models.poll/ballot_sheet.other	Ballasztlemez	Szavazólapok	Ballot sheets
activerecord.yml	activerecord.models.sdg/goal.other	célok	célokat	goals
activerecord.yml	activerecord.models.sdg/local_target.one	helyi cél	helyi célpont	local target
activerecord.yml	activerecord.models.sdg/local_target.other	helyi célkitűzések	helyi célpontok	local targets
activerecord.yml	activerecord.models.sdg/manager.one	SDG-kezelő	SDG menedzser	SDG manager
activerecord.yml	activerecord.models.sdg/manager.other	SDG-vezetők	SDG menedzserek	SDG managers
activerecord.yml	activerecord.models.sdg/target.other	célok	célpontok	targets
activerecord.yml	activerecord.models.site_customization/page.one	Egyéni oldal	Egyedi oldal	Custom page
activerecord.yml	activerecord.models.site_customization/image.one	Egyéni kép	Egyedi kép	Custom image
activerecord.yml	activerecord.models.site_customization/image.other	Egyéni képek	Egyedi képek	Custom images
activerecord.yml	activerecord.models.site_customization/content_block.one	Egyéni tartalom blokk	Egyedi tartalomblokk	Custom content block
activerecord.yml	activerecord.models.legislation/draft_versions.one	Változattervezet	Vázlatos verzió	Draft version
activerecord.yml	activerecord.models.legislation/draft_versions.other	Verziók	Vázlatos változatok	Draft versions
activerecord.yml	activerecord.models.legislation/question_options.one	Kérdés lehetősége	Kérdés opció	Question option
activerecord.yml	activerecord.models.legislation/question_options.other	Kérdések	Kérdés opciók	Question options
activerecord.yml	activerecord.models.topic.other	Téma	Témák	Topics
activerecord.yml	activerecord.models.proposal_notification.one	A javaslatról szóló értesítés	Javaslat értesítés	Proposal notification
activerecord.yml	activerecord.models.proposal_notification.other	A javaslatról szóló értesítések	Ajánlatértesítések	Proposal notifications
activerecord.yml	activerecord.models.dashboard/action.one	Javaslat műszerfal-cselekvésre	Javaslat irányítópult-művelete	Proposal dashboard action
activerecord.yml	activerecord.models.dashboard/action.other	Javaslat műszerfal-cselekvések	Javaslat irányítópult-műveletei	Proposal dashboard actions
activerecord.yml	activerecord.models.link.one	Kapcsolat	Link	Link
activerecord.yml	activerecord.models.local_census_record.one	Helyi népszámlálási nyilvántartás	Helyi népszámlálási jegyzőkönyv	Local census record
activerecord.yml	activerecord.models.local_census_record.other	Helyi népszámlálási adatok	Helyi népszámlálási jegyzőkönyvek	Local census records
activerecord.yml	activerecord.models.votation_type.one	Votáció típusa	Szavazás típusa	Votation type
activerecord.yml	activerecord.models.votation_type.other	Votációs típusok	Szavazás típusai	Votation types
activerecord.yml	activerecord.models.cookies/vendor.one	Sütiárus	süti eladó	cookie vendor
activerecord.yml	activerecord.models.cookies/vendor.other	Sütiárusok	süti árusok	cookie vendors
activerecord.yml	activerecord.attributes.budget.description_selecting	Leírás a kijelölési szakaszban	Leírás a kiválasztási fázis során	Description during Selecting phase
activerecord.yml	activerecord.attributes.budget.description_valuating	Az értékelési szakasz leírása	Leírás az értékelési szakaszban	Description during Valuating phase
activerecord.yml	activerecord.attributes.budget.description_balloting	Leírás a ballózási szakaszban	Leírás a szavazási szakaszban	Description during Balloting phase
activerecord.yml	activerecord.attributes.budget.description_reviewing_ballots	Leírás a szavazási szakasz felülvizsgálata során	Leírás a szavazólapok felülvizsgálati szakaszában	Description during Reviewing Ballots phase
activerecord.yml	activerecord.attributes.budget.description_finished	Leírás a költségvetés befejezésekor	Leírás, amikor a költségvetés elkészült	Description when the budget is finished
activerecord.yml	activerecord.attributes.budget.currency_symbol	Pénznem	Valuta	Currency
activerecord.yml	activerecord.attributes.budget.voting_style	Végső szavazási stílus	A végső szavazás stílusa	Final voting style
activerecord.yml	activerecord.attributes.budget.voting_style_knapsack	Gombzsák	Hátizsák	Knapsack
activerecord.yml	activerecord.attributes.budget.hide_money	A költségvetés pénzének elrejtése	Pénzösszeg elrejtése ehhez a költségvetéshez	Hide money amount for this budget
activerecord.yml	activerecord.attributes.budget/translation.main_link_text	Szöveg a linkre	Szöveg a linken	Text on the link
activerecord.yml	activerecord.attributes.budget/translation.main_link_url	A link elviszi (hozzá egy link)	A link ide visz (link hozzáadása)	The link takes you to (add a link)
activerecord.yml	activerecord.attributes.budget/investment.heading_id	Címsor	Cím	Heading
activerecord.yml	activerecord.attributes.budget/investment.external_url	További dokumentáció	Link a kiegészítő dokumentációhoz	Link to additional documentation
activerecord.yml	activerecord.attributes.budget/investment.administrator_id	Felelős	Adminisztrátor	Administrator
activerecord.yml	activerecord.attributes.budget/investment.location	További információk helye	Hely további információ	Location additional info
activerecord.yml	activerecord.attributes.budget/investment.organization_name	Ha egy kollektív / szervezet nevében vagy több ember nevében kéri, írja le a nevét.	Ha egy kollektíva/szervezet nevében, vagy több személy nevében tesz ajánlatot, írja be a nevét	If you are proposing in the name of a collective/organization, or on behalf of more people, write its name
activerecord.yml	activerecord.attributes.budget/investment.image	Javaslatleíró kép	Javaslat leíró kép	Proposal descriptive image
activerecord.yml	activerecord.attributes.budget/investment.image_title	A kép címe	Kép címe	Image title
activerecord.yml	activerecord.attributes.budget/investment.duration	Időkör	Időtartam	Time scope
activerecord.yml	activerecord.attributes.budget/investment.feasibility_undecided	Nem definiált	Undefined	Undefined
activerecord.yml	activerecord.attributes.budget/investment.feasibility_unfeasible	Nem megvalósítható	Megvalósíthatatlan	Unfeasible
activerecord.yml	activerecord.attributes.budget/investment.incompatible	Nem kompatibilis	Megjelölés összeférhetetlenként	Mark as incompatible
activerecord.yml	activerecord.attributes.budget/investment.milestone_tag_list	Mérföldkőcímkék	Mérföldkő címkék	Milestone tags
activerecord.yml	activerecord.attributes.budget/investment.price_explanation	Az ár magyarázata	Ár magyarázat	Price explanation
activerecord.yml	activerecord.attributes.budget/investment.selected	Jelölje be a kijelölést	Jelölje meg kiválasztottként	Mark as selected
activerecord.yml	activerecord.attributes.budget/investment.selected_false	Nem kijelölt	Nincs kiválasztva	Not selected
activerecord.yml	activerecord.attributes.budget/investment.valuation_finished	Értékelés befejezve	Értékelés befejeződött	Valuation finished
activerecord.yml	activerecord.attributes.geozone.color	Szín (nem kötelező)	Szín (opcionális)	Color (optional)
activerecord.yml	activerecord.attributes.geozone.geojson	GeoJSON adatok (nem kötelező)	GeoJSON-adatok (opcionális)	GeoJSON data (optional)
activerecord.yml	activerecord.attributes.geozone.html_map_coordinates	HTML<map>Koordináták (nem kötelező)	HTML <map> Koordináták (opcionális)	HTML <map> Coordinates (optional)
activerecord.yml	activerecord.attributes.milestone.status_id	Jelenlegi állapot (nem kötelező)	Jelenlegi állapot (opcionális)	Current status (optional)
activerecord.yml	activerecord.attributes.milestone.description	Leírás (nem kötelező, ha van hozzárendelt státus)	Leírás (nem kötelező, ha állapot van hozzárendelve)	Description (optional if there's an status assigned)
activerecord.yml	activerecord.attributes.milestone.publication_date	Időpont	Dátum	Date
activerecord.yml	activerecord.attributes.progress_bar.kind	Típus	Írja be	Type
activerecord.yml	activerecord.attributes.progress_bar.percentage	A jelenlegi előrehaladás	Jelenlegi haladás	Current progress
activerecord.yml	activerecord.attributes.budget/group.max_votable_headings	Azon címek maximális száma, amelyekben a felhasználó projekteket választhat	A címsorok maximális száma, amelyben a felhasználó kiválaszthat projekteket	Maximum number of headings in which a user can select projects
activerecord.yml	activerecord.attributes.budget/group/translation.name	Csoportnév	Csoport neve	Group name
activerecord.yml	activerecord.attributes.budget/heading.latitude	Földrajzi szélesség (nem kötelező)	Latitude (opcionális)	Latitude (optional)
activerecord.yml	activerecord.attributes.budget/heading.longitude	Hosszúság (választható)	Hosszúság (nem kötelező)	Longitude (optional)
activerecord.yml	activerecord.attributes.budget/heading.name	Címsor	Címsor neve	Heading name
activerecord.yml	activerecord.attributes.budget/heading.max_ballot_lines	Szavazás megengedett	Szavazatok engedélyezettek	Votes allowed
activerecord.yml	activerecord.attributes.budget/heading/translation.name	Címsor	Címsor neve	Heading name
activerecord.yml	activerecord.attributes.budget/phase.starts_at	Kezdő dátum	Kezdés dátuma	Start date
activerecord.yml	activerecord.attributes.budget/phase/translation.summary	Összefoglaló	Összegzés	Summary
activerecord.yml	activerecord.attributes.budget/phase/translation.main_link_text	Szöveg a linkre	Szöveg a linken	Text on the link
activerecord.yml	activerecord.attributes.budget/phase/translation.main_link_url	A link elviszi (hozzá egy link)	A link ide visz (link hozzáadása)	The link takes you to (add a link)
activerecord.yml	activerecord.attributes.debate.tag_list	Téma	Témák	Topics
activerecord.yml	activerecord.attributes.debate/translation.title	Vitacím	Vita címe	Debate title
activerecord.yml	activerecord.attributes.debate/translation.description	A vita első szövege	Kezdeti vita szövege	Initial debate text
activerecord.yml	activerecord.attributes.proposal.responsible_name	A javaslatot benyújtó személy teljes neve	Az ajánlatot benyújtó személy teljes neve	Full name of the person submitting the proposal
activerecord.yml	activerecord.attributes.proposal.selected	Jelölje be a kijelölést	Jelölje meg kiválasztottként	Mark as selected
activerecord.yml	activerecord.attributes.proposal.video_url	Külső videó URL	Külső videó URL-je	External video URL
activerecord.yml	activerecord.attributes.proposal/translation.title	A javaslat címe	Javaslat címe	Proposal title
activerecord.yml	activerecord.attributes.proposal/translation.description	A javaslat szövege	Javaslat szövege	Proposal text
activerecord.yml	activerecord.attributes.proposal/translation.summary	A javaslat összefoglalása	Javaslat összefoglalója	Proposal summary
activerecord.yml	activerecord.attributes.user.email	E-mail	Email	Email
activerecord.yml	activerecord.attributes.user.password_confirmation	Jelszó megerősítés	Jelszó megerősítése	Password confirmation
activerecord.yml	activerecord.attributes.user.email_digest	A javaslatról szóló értesítések összefoglalása	Összefoglalót kaphat az ajánlatokról szóló értesítésekről	Receive a summary of proposal notifications
activerecord.yml	activerecord.attributes.user.email_on_comment	Értesítsen e-mailben, ha valaki kommentálja a tartalmamat	Értesítsen e-mailben, ha valaki megjegyzést fűz a tartalmaimhoz	Notify me by email when someone comments on my contents
activerecord.yml	activerecord.attributes.user.newsletter	A vonatkozó információk e-mailben történő fogadása	Kapjon releváns információkat e-mailben	Receive relevant information by email
activerecord.yml	activerecord.attributes.user.official_position_badge	A hivatalos helyzetjelzés megjelenítése	Mutasd a hivatalos pozíció jelvényt	Show official position badge
activerecord.yml	activerecord.attributes.user.public_activity	Tevékenységeim listája legyen nyilvános	Tartsa nyilvánosan a tevékenységek listáját	Keep my list of activities public
activerecord.yml	activerecord.attributes.user.public_interests	Tartsa az elemeket követem nyilvánosan	Az általam követett elemek nyilvánosak legyenek	Keep the elements I follow public
activerecord.yml	activerecord.attributes.user.recommended_debates	Ajánlja a vitákat.	Ajánlj nekem vitákat	Recommend debates to me
activerecord.yml	activerecord.attributes.user.recommended_proposals	Javasoljon nekem javaslatokat	Ajánljatok nekem javaslatokat	Recommend proposals to me
activerecord.yml	activerecord.attributes.poll.ends_at	Záró dátum	Zárás dátuma	Closing Date
activerecord.yml	activerecord.attributes.poll.geozone_restricted	Gozone által korlátozva	Geozone által korlátozott	Restricted by geozone
activerecord.yml	activerecord.attributes.poll.summary	Összefoglaló	Összegzés	Summary
activerecord.yml	activerecord.attributes.poll/booth.location	Hely	Elhelyezkedés	Location
activerecord.yml	activerecord.attributes.poll/translation.summary	Összefoglaló	Összegzés	Summary
activerecord.yml	activerecord.attributes.poll/question.summary	Összefoglaló	Összegzés	Summary
activerecord.yml	activerecord.attributes.poll/question.external_url	További dokumentáció	Link a kiegészítő dokumentációhoz	Link to additional documentation
activerecord.yml	activerecord.attributes.poll/ballot_sheet.data	CSV-adatok	CSV adatok	CSV data
activerecord.yml	activerecord.attributes.poll/ballot_sheet.officer_assignment_id	Tiszti megbízatás	Tiszti megbízás	Officer assignment
activerecord.yml	activerecord.attributes.signature_sheet.signable_id	Jelölhető azonosító	Aláírható azonosító	Signable ID
activerecord.yml	activerecord.attributes.signature_sheet.document_numbers	Dokumentumok száma	Dokumentumok számai	Documents numbers
activerecord.yml	activerecord.attributes.sdg/phase/kind.sensitization	Érzékenység	Szenzibilizáció	Sensitization
activerecord.yml	activerecord.attributes.sdg/phase/kind.monitoring	Ellenőrzés	Monitoring	Monitoring
activerecord.yml	activerecord.attributes.site_customization/page.slug	Keresőbarát azonosító	Meztelen csiga	Slug
activerecord.yml	activerecord.attributes.site_customization/page.status_draft	Táblázat	Piszkozat	Draft
activerecord.yml	activerecord.attributes.site_customization/page.status_published	Megjelent	Közzétett	Published
activerecord.yml	activerecord.attributes.site_customization/page.more_info_flag	A help oldal megjelenítése	Megjelenítés a súgó oldalon	Show in help page
activerecord.yml	activerecord.attributes.site_customization/page.print_content_flag	A tartalom nyomása	Tartalom nyomtatása gomb	Print content button
activerecord.yml	activerecord.attributes.site_customization/content_block.locale	lokál	locale	locale
activerecord.yml	activerecord.attributes.tag.name	A téma neve	Írja be a téma nevét	Type the name of the topic
activerecord.yml	activerecord.attributes.tenant.domain	Terület	Domain	Domain
activerecord.yml	activerecord.attributes.tenant.schema	Terület / Alterület	Domain / Aldomain	Domain / Subdomain
activerecord.yml	activerecord.attributes.tenant.subdomain	Alterület	Aldomain	Subdomain
activerecord.yml	activerecord.attributes.topic.description	Első szöveg	Kezdő szöveg	Initial text
activerecord.yml	activerecord.attributes.banner.background_color	Háttér színe	Háttérszín	Background color
activerecord.yml	activerecord.attributes.banner.post_ended_at	A bejegyzés vége:	A bejegyzés ekkor ért véget	Post ended at
activerecord.yml	activerecord.attributes.banner.target_url	Kapcsolat	Link	Link
activerecord.yml	activerecord.attributes.legislation/process.title	A folyamat címe	Folyamat címe	Process Title
activerecord.yml	activerecord.attributes.legislation/process.summary	Összefoglaló	Összegzés	Summary
activerecord.yml	activerecord.attributes.legislation/process.additional_info	További információk	További információ	Additional info
activerecord.yml	activerecord.attributes.legislation/process.start_date	Kezdés	Indul	Start
activerecord.yml	activerecord.attributes.legislation/process.debate_start_date	Kezdés	Indul	Start
activerecord.yml	activerecord.attributes.legislation/process.draft_start_date	Kezdés	Indul	Start
activerecord.yml	activerecord.attributes.legislation/process.draft_publication_date	A közzététel tervezete	Tervezet megjelenési dátuma	Draft publication date
activerecord.yml	activerecord.attributes.legislation/process.allegations_start_date	Kezdés	Indul	Start
activerecord.yml	activerecord.attributes.legislation/process.proposals_phase_start_date	Kezdés	Indul	Start
activerecord.yml	activerecord.attributes.legislation/process.result_publication_date	A végeredmény közzétételének időpontja	A végeredmény közzétételének dátuma	Final result publication date
activerecord.yml	activerecord.attributes.legislation/process.background_color	Háttér színe	Háttérszín	Background color
activerecord.yml	activerecord.attributes.legislation/process/translation.title	A folyamat címe	Folyamat címe	Process Title
activerecord.yml	activerecord.attributes.legislation/process/translation.summary	Összefoglaló	Összegzés	Summary
activerecord.yml	activerecord.attributes.legislation/process/translation.additional_info	További információk	További információ	Additional info
activerecord.yml	activerecord.attributes.legislation/process/translation.milestones_summary	Összefoglaló	Összegzés	Summary
activerecord.yml	activerecord.attributes.legislation/proposal.description	A javaslat szövege	Javaslat szövege	Proposal text
activerecord.yml	activerecord.attributes.legislation/proposal.summary	A javaslat összefoglalása	Javaslat összefoglalója	Proposal summary
activerecord.yml	activerecord.attributes.legislation/proposal.title	A javaslat címe	Javaslat címe	Proposal title
activerecord.yml	activerecord.attributes.legislation/proposal.video_url	Külső videó linkje	Link külső videóhoz	Link to external video
activerecord.yml	activerecord.attributes.legislation/draft_version.status_draft	Táblázat	Piszkozat	Draft
activerecord.yml	activerecord.attributes.legislation/draft_version.status_published	Megjelent	Közzétett	Published
activerecord.yml	activerecord.attributes.legislation/draft_version.final_version	Végleges változat	Végső változat	Final version
activerecord.yml	activerecord.attributes.document.attachment	A dokumentum kiválasztása	Válassza ki a dokumentumot	Choose document
activerecord.yml	activerecord.attributes.image.attachment	Képek kiválasztása	Válasszon képet	Choose image
activerecord.yml	activerecord.attributes.newsletter.segment_recipient	Címzett	Címzettek	Recipients
activerecord.yml	activerecord.attributes.newsletter.subject	Tárgy	Téma	Subject
activerecord.yml	activerecord.attributes.newsletter.from	E-mail cím, amely megjelenik, mint küldő hírlevél	E-mail cím, amely a hírlevél küldésére fog megjelenni	E-mail address that will appear as sending the newsletter
activerecord.yml	activerecord.attributes.admin_notification.segment_recipient	Címzett	Címzettek	Recipients
activerecord.yml	activerecord.attributes.admin_notification.link	Kapcsolat	Link	Link
activerecord.yml	activerecord.attributes.widget/card.link_text	A link szövege	Link szövege	Link text
activerecord.yml	activerecord.attributes.widget/card.link_url	URL kapcsolat	Link URL	Link URL
activerecord.yml	activerecord.attributes.widget/card.columns	Az oszlopok száma	Oszlopok száma	Number of columns
activerecord.yml	activerecord.attributes.widget/card/translation.link_text	A link szövege	Link szövege	Link text
activerecord.yml	activerecord.attributes.widget/feed.limit	A tételek száma	Darabszám	Number of items
activerecord.yml	activerecord.attributes.dashboard/action.link	Külső kapcsolat	Külső link	External link
activerecord.yml	activerecord.attributes.dashboard/action.request_to_administrators	Tartalmaz az erőforrás egy gombot kérni az erőforrás adminisztrátorok	Helyezzen el egy gombot az erőforráshoz, amellyel lekérheti az erőforrást a rendszergazdáktól	Include in the resource a button to request the resource from administrators
activerecord.yml	activerecord.attributes.dashboard/action.day_offset	Hány nappal a javaslat születése után szeretné aktiválni?	Hány nappal az ajánlat létrehozása után szeretné aktiválni?	How many days after the creation of the proposal do you want it to be activated?
activerecord.yml	activerecord.attributes.dashboard/action.required_supports	Mennyi javaslat támogatása?	Mennyi támogatást kell elérnie a javaslatnak ahhoz, hogy aktiválódjon?	How much supports does the proposal have to get in order to be activated?
activerecord.yml	activerecord.attributes.dashboard/action.order	Beírhatja azt a pozíciót, ahol ez a művelet megjelenik a felhasználónak a cselekvések listájában	A műveletek listájában megadhatja azt a pozíciót, ahol ez a művelet megjelenik a felhasználó számára	You can enter the position where this action will be shown to the user in the list of actions
activerecord.yml	activerecord.attributes.dashboard/action.action_type	Típus	Írja be	Type
activerecord.yml	activerecord.attributes.dashboard/action.action_type_resource	Erőforrás	Forrás	Resource
activerecord.yml	activerecord.attributes.dashboard/administrator_task.user	Végrehajtotta:	Végrehajtotta	Executed by
activerecord.yml	activerecord.attributes.valuator.valuator_group_id	Értékesítő csoport	Értékelő csoport	Valuator group
activerecord.yml	activerecord.attributes.valuator.can_comment	Hozzászólások létrehozása	Megjegyzéseket hozhat létre	Can create comments
activerecord.yml	activerecord.attributes.valuator.can_edit_dossier	A dossziék szerkesztése	Szerkesztheti a dossziékat	Can edit dossiers
activerecord.yml	activerecord.attributes.valuator_group.name	Csoportnév	Csoport neve	Group name
activerecord.yml	activerecord.attributes.local_census_record.document_type	Dokumentumtípus	Dokumentum típusa	Document type
activerecord.yml	activerecord.attributes.local_census_record.document_number	Dokumentumszám	Iratszám	Document number
activerecord.yml	activerecord.attributes.votation_type.max_votes	A szavazatok maximális száma	Szavazatok maximális száma	Maximum number of votes
activerecord.yml	activerecord.attributes.votation_type.vote_type	Votáció típusa	Szavazás típusa	Votation type
activerecord.yml	activerecord.attributes.votation_type/vote_type.open	Megnyitás	Nyílt végű	Open-ended
activerecord.yml	activerecord.attributes.votation_type/vote_type.multiple	Több válasz	Többféle válasz	Multiple answers
activerecord.yml	activerecord.attributes.cookies/vendor.name	Vendor neve	Eladó neve	Vendor name
activerecord.yml	activerecord.attributes.cookies/vendor.cookie	Süti neve	Cookie név	Cookie name
activerecord.yml	activerecord.attributes.cookies/vendor.script	Javascript- kód	Javascript kód	Javascript code
activerecord.yml	activerecord.errors.models.debate.attributes.tag_list.less_than_or_equal_to	a címkék száma legfeljebb%{count}	a címkéknek kisebbnek vagy egyenlőnek kell lenniük %{count}	tags must be less than or equal to %{count}
activerecord.yml	activerecord.errors.models.direct_message.attributes.max_per_day.invalid	Ön elérte a maximális számú privát üzenetek naponta	Elérte a napi privát üzenetek maximális számát	You have reached the maximum number of private messages per day
activerecord.yml	activerecord.errors.models.geozone.attributes.geojson.invalid	A GeoJSON nem követi a megfelelő formátumot. Az RFC 7946 szabványformátumot kell követnie.	A megadott GeoJSON nem a megfelelő formátumot követi. Követnie kell az RFC 7946 szabvány formátumát	The GeoJSON provided does not follow the correct format. It must follow the RFC 7946 standard format
activerecord.yml	activerecord.errors.models.geozone.attributes.geojson.invalid_coordinates	"A megadott GeoJSON érvénytelen koordinátákat tartalmaz; a koordinátáknak a szükséges ""Hosszúság, szélesség"" formátumban kell lenniük, és követniük kell az RFC 7946 szabványformátumot."	"A megadott GeoJSON érvénytelen koordinátákat tartalmaz; a koordinátáknak a szükséges ""hosszúság, szélesség"" formátumban kell lenniük, és követniük kell az RFC 7946 szabvány formátumát"	"The GeoJSON provided contains invalid coordinates; the coordinates must be in the required ""Longitude, Latitude"" format and follow the RFC 7946 standard format"
activerecord.yml	activerecord.errors.models.image.attributes.attachment.min_image_width	Kép szélessége legalább%{required_min_width}px	A kép szélességének legalább %{required_min_width} képpontnak kell lennie	Image Width must be at least %{required_min_width}px
activerecord.yml	activerecord.errors.models.image.attributes.attachment.min_image_height	A képmagasságnak legalább%{required_min_height}px	A kép magasságának legalább %{required_min_height} képpontnak kell lennie	Image Height must be at least %{required_min_height}px
activerecord.yml	activerecord.errors.models.newsletter.attributes.segment_recipient.invalid	A felhasználó átvevői szegmens érvénytelen	A felhasználói címzettek szegmens érvénytelen	The user recipients segment is invalid
activerecord.yml	activerecord.errors.models.admin_notification.attributes.segment_recipient.invalid	A felhasználó átvevői szegmens érvénytelen	A felhasználói címzettek szegmens érvénytelen	The user recipients segment is invalid
activerecord.yml	activerecord.errors.models.poll/voter.attributes.document_number.not_in_census	Nem népszámlálási dokumentum	A dokumentum nem szerepel a népszámláláson	Document not in census
activerecord.yml	activerecord.errors.models.legislation/process.attributes.end_date.invalid_date_range	a kezdési időpontban vagy azt követően kell lennie	a kezdő dátumon vagy azt követően kell lennie	must be on or after the start date
activerecord.yml	activerecord.errors.models.legislation/process.attributes.debate_end_date.invalid_date_range	a vita megkezdésének napján vagy azt követően	a vita kezdő dátumán vagy azt követően kell lennie	must be on or after the debate start date
activerecord.yml	activerecord.errors.models.legislation/process.attributes.draft_end_date.invalid_date_range	a tervezet kezdetének napján vagy után kell lennie	a kezdő dátum vázlatán vagy azt követően kell lennie	must be on or after the draft start date
activerecord.yml	activerecord.errors.models.legislation/process.attributes.allegations_end_date.invalid_date_range	a megjegyzések kezdetének napján vagy után kell lennie	a megjegyzés kezdő dátumán vagy azt követően kell lennie	must be on or after the comments start date
activerecord.yml	activerecord.errors.models.local_census_record.attributes.document_type.inclusion	nem szerepel a listán, megengedett értéke 1 a DNI, 2 az útlevél és 3 a tartózkodási kártya.	nem szerepel a listán, megengedett értékek: 1 a DNI, 2 az útlevél és 3 a lakcímkártya.	is not included in the list, allowed values are 1 for DNI, 2 for passport and 3 for residence card.
activerecord.yml	activerecord.errors.models.proposal.attributes.tag_list.less_than_or_equal_to	a címkék száma legfeljebb%{count}	a címkéknek kisebbnek vagy egyenlőnek kell lenniük %{count}	tags must be less than or equal to %{count}
activerecord.yml	activerecord.errors.models.budget/investment.attributes.tag_list.less_than_or_equal_to	a címkék száma legfeljebb%{count}	a címkéknek kisebbnek vagy egyenlőnek kell lenniük %{count}	tags must be less than or equal to %{count}
activerecord.yml	activerecord.errors.models.proposal_notification.attributes.minimum_interval.invalid	Meg kell várni a minimum%{interval}értesítések közötti napok	Az értesítések között legalább %{interval} napot kell várnia	You have to wait a minimum of %{interval} days between notifications
activerecord.yml	activerecord.errors.models.signature.attributes.document_number.not_in_census	A Census által nem ellenőrzött	Népszámlálás által nem igazolt	Not verified by Census
activerecord.yml	activerecord.errors.models.signature.attributes.document_number.already_voted	A javaslatot már megszavazták.	Ezt a javaslatot már megszavazták	Already voted this proposal
activerecord.yml	activerecord.errors.models.site_customization/page.attributes.slug.slug_format	Biztos betűk, számok, és...	betűk, számok, _ és -	must be letters, numbers, _ and -
activerecord.yml	activerecord.errors.models.site_customization/image.attributes.image.image_width	Szélesnek kell lennie.%{required_width}px	A szélességnek %{required_width} képpontnak kell lennie	Width must be %{required_width}px
activerecord.yml	activerecord.errors.models.site_customization/image.attributes.image.image_height	Magasnak kell lennie.%{required_height}px	A magasságnak %{required_height} képpontnak kell lennie	Height must be %{required_height}px
activerecord.yml	activerecord.errors.models.comment.attributes.valuation.cannot_comment_valuation	Nem nyilatkozhatsz az értékelésről.	Értékelést nem lehet kommentálni	You cannot comment a valuation
activerecord.yml	activerecord.errors.models.remote_translation.attributes.locale.already_translated	Már lefordított erőforrás	Már lefordított forrás	Already translated resource
activerecord.yml	activerecord.errors.models.sdg/local_target.attributes.code.invalid	ugyanazzal a kóddal kell kezdenie, mint a célnak, majd egy ponttal, és egy számmal.	Ugyanazzal a kóddal kell kezdődnie, mint a cél, amelyet egy pont követ, és egy számmal kell végződnie	must start with the same code as its target followed by a dot and end with a number
activerecord.yml	activerecord.errors.models.votation_type.attributes.vote_type.cannot_change_to_open_ended	nem válthat nyitott végű típusra, mert már meghatározta a lehetséges válaszokat erre a kérdésre	nem változtatható nyílt végű típusra, mert már megadta a lehetséges érvényes válaszokat erre a kérdésre	can't change to open-ended type because you've already defined possible valid answers for this question
activerecord.yml	activerecord.errors.messages.translations_too_short	Kötelező legalább egy fordítást benyújtani	Legalább egy fordítást kötelező biztosítani	Is mandatory to provide one translation at least
activerecord.yml	activerecord.errors.messages.record_invalid	A hitelesítés nem sikerült:%{errors}	Az érvényesítés sikertelen: %{errors}	Validation failed: %{errors}
activerecord.yml	activerecord.errors.messages.another_poll_active	Egy másik felmérés is aktív az adott időszakban.	Egy másik szavazás is aktív az adott időszakban	There is another poll active for the given period
activerecord.yml	activerecord.errors.messages.restrict_dependent_destroy.has_one	Nem sikerült törölni a rekordot, mert egy függő%{record}létezik	A rekord nem törölhető, mert létezik egy függő %{record}	Cannot delete record because a dependent %{record} exists
activerecord.yml	activerecord.errors.messages.restrict_dependent_destroy.has_many	Nem sikerült törölni a rekordot, mert függő%{record}létezik	A rekord nem törölhető, mert létezik függő %{record}	Cannot delete record because dependent %{record} exist
milestones.yml	milestones.index.no_milestones	Nem definiált mérföldkövek	Nincsenek meghatározott mérföldkövek	Don't have defined milestones
milestones.yml	milestones.index.progress	Előrehaladás	Előrehalad	Progress
milestones.yml	milestones.show.publication_date	Megjelent %{publication_date}	Közzétéve %{publication_date}	Published %{publication_date}
milestones.yml	milestones.show.status_changed	Állapot megváltozott	Az állapot a következőre módosult:	Status changed to
management.yml	management.account.menu.reset_password_email	Jelszó újraindítása e-mailben	Jelszó visszaállítása e-mailben	Reset password via email
management.yml	management.account.menu.reset_password_manually	Jelszó beállítása manuálisan	Állítsa vissza a jelszót manuálisan	Reset password manually
management.yml	management.account.alert.unverified_user	Még nem jelentkezett be hitelesített felhasználó	Még nem jelentkezett be ellenőrzött felhasználó	No verified user logged in yet
management.yml	management.account.edit.title	Felhasználói fiók szerkesztése: jelszó újraindítása	Felhasználói fiók szerkesztése: Jelszó visszaállítása	Edit user account: Reset password
management.yml	management.account.edit.password.send_email	A jelszó újraindítása	Jelszó-visszaállítási e-mail küldése	Send reset password email
management.yml	management.account.edit.password.reset_email_send	E-mail helyesen elküldve.	Az e-mail helyesen elküldve.	Email correctly sent.
management.yml	management.account.edit.password.reseted	A jelszót sikeresen továbbították	A jelszó sikeresen visszaállítva	Password reseted successfully
management.yml	management.account.edit.password.random	Véletlenszerű jelszó létrehozása	Véletlenszerű jelszó generálása	Generate random password
management.yml	management.account.edit.password.print	Jelszó kinyomtatása	Jelszó nyomtatása	Print password
management.yml	management.account.edit.password.print_help	Képesek lesznek kinyomtatni a jelszót, ha elmentettük.	A jelszót a mentés után tudja kinyomtatni.	You will be able to print the password when it is saved.
management.yml	management.account_info.change_user	A felhasználó megváltoztatása	Felhasználó módosítása	Change user
management.yml	management.account_info.document_number_label	A dokumentum száma:	Iratszám:	Document number:
management.yml	management.account_info.document_type_label	A dokumentum típusa:	Dokumentum típusa:	Document type:
management.yml	management.account_info.email_label	E-mail:	Email:	Email:
management.yml	management.check	A dokumentum ellenőrzése	Ellenőrizze a dokumentumot	Check document
management.yml	management.dashboard.index.title	Kezelés	Menedzsment	Management
management.yml	management.dashboard.index.info	Itt kezelheti a felhasználókat a bal oldali menüben felsorolt összes műveleten keresztül.	Itt kezelheti a felhasználókat a bal oldali menüben felsorolt ​​összes művelettel.	Here you can manage users through all actions listed in the left menu.
management.yml	management.document_verifications.already_verified	Ezt a felhasználói fiókot már ellenőriztük.	Ez a felhasználói fiók már ellenőrizve van.	This user account is already verified.
management.yml	management.document_verifications.has_no_account	"Annak érdekében, hogy hozzon létre egy fiókot, menj %{link} és kattintson a <b>""Regisztrálás""</b> a képernyő bal felső részében."	"Fiók létrehozásához lépjen az %{link} oldalra, és kattintson a <b>""Regisztráció"" </b> elemre a képernyő bal felső részén."	"In order to create an account, go to %{link} and click in <b>""Register""</b> in the upper-left part of the screen."
management.yml	management.document_verifications.link	FOGYASZTOTT DEMOKRÁCIA	KONZUL DEMOKRÁCIA	CONSUL DEMOCRACY
management.yml	management.document_verifications.in_census_has_following_permissions	Ez a felhasználó a következő jogosultságokkal vehet részt a honlapon:	Ez a felhasználó az alábbi engedélyekkel vehet részt a weboldalon:	This user can participate in the website with the following permissions:
management.yml	management.document_verifications.not_in_census_info	A népszámlálásban nem szereplő polgárok a következő jogosultságokkal vehetnek részt a honlapon:	A Népszámláláson nem szereplő állampolgárok az alábbi engedélyekkel vehetnek részt a weboldalon:	Citizens not in the Census can participate in the website with the following permissions:
management.yml	management.document_verifications.please_check_account_data	Ellenőrizze, hogy a fenti fiókadatok helyesek-e.	Kérjük, ellenőrizze, hogy a fenti fiókadatok helyesek-e.	Please check that the account data above are correct.
management.yml	management.document_verifications.under_age	Nincs annyi ideje, hogy ellenőrizze a fiókját.	Nincs meg a fiók igazolásához szükséges életkor.	You don't have the required age to verify your account.
management.yml	management.document_verifications.verify	Ellenőrzés	Ellenőrizze	Verify
management.yml	management.email_verifications.already_verified	Ezt a felhasználói fiókot már ellenőriztük.	Ez a felhasználói fiók már ellenőrizve van.	This user account is already verified.
management.yml	management.email_verifications.choose_options	Válasszon az alábbi lehetőségek közül:	Kérjük, válasszon az alábbi lehetőségek közül:	Please choose one of the following options:
management.yml	management.email_verifications.document_found_in_census	Ez a dokumentum megtalálható a népszámlálásban, de nincs hozzá felhasználói fiókja.	Ezt a dokumentumot megtalálták a népszámlálás során, de nem tartozik hozzá felhasználói fiók.	This document was found in the census, but it has no user account associated to it.
management.yml	management.email_verifications.document_mismatch	Ez az e-mail egy olyan felhasználóhoz tartozik, akinek már van hozzá kapcsolódó azonosítója: %{document_number}(%{document_type})	Ez az e-mail egy olyan felhasználóhoz tartozik, akinek már van társított azonosítója: %{document_number}(%{document_type})	This email belongs to a user which already has an associated id: %{document_number}(%{document_type})
management.yml	management.email_verifications.email_sent_instructions	Annak érdekében, hogy teljes mértékben ellenőrizze ezt a felhasználót, szükséges, hogy a felhasználó kattintson egy linkre, amelyet elküldtünk a fenti e-mail címre. Erre a lépésre azért van szükség, hogy megerősítsük, a cím az övé.	A felhasználó teljes körű ellenőrzéséhez szükséges, hogy a felhasználó egy linkre kattintson, amelyet a fenti e-mail címre küldtünk. Erre a lépésre azért van szükség, hogy megbizonyosodjon arról, hogy a cím az övé.	In order to completely verify this user, it is necessary that the user clicks on a link which we have sent to the email address above. This step is needed in order to confirm that the address belongs to him.
management.yml	management.email_verifications.if_existing_account	Ha a személy már létrehozott egy felhasználói fiókot a honlapon,	Ha a személy már rendelkezik felhasználói fiókkal a weboldalon,	If the person has already a user account created in the website,
management.yml	management.email_verifications.introduce_email	Kérjük, mutassa be a számlán használt e-mailt:	Kérjük, mutassa be a fiókhoz használt e-mail címet:	Please introduce the email used on the account:
management.yml	management.email_verifications.send_email	Hitelesítő e-mail küldése	Ellenőrző e-mail küldése	Send verification email
management.yml	management.menu.create_proposal	Javaslat létrehozása	Készítsen ajánlatot	Create proposal
management.yml	management.menu.print_proposals	Javaslatok kinyomtatása	Javaslatok nyomtatása	Print proposals
management.yml	management.menu.support_proposals	Támogatási javaslatok	Javaslatok támogatása	Support proposals
management.yml	management.menu.create_budget_investment	Költségvetési beruházások létrehozása	Költségvetési beruházás létrehozása	Create budget investment
management.yml	management.menu.print_budget_investments	Költségvetési beruházások kinyomtatása	Költségvetési beruházások nyomtatása	Print budget investments
management.yml	management.menu.support_budget_investments	Támogató költségvetési beruházások	Költségvetési beruházások támogatása	Support budget investments
management.yml	management.menu.user_invites	Meghívások küldése	Meghívók küldése	Send invitations
management.yml	management.menu.select_user	A felhasználó kiválasztása	Felhasználó kiválasztása	Select user
management.yml	management.print.proposals_info	Javaslatának kidolgozása a következő témában: http://url.consul	Hozza létre ajánlatát a http://url.consul oldalon	Create your proposal on http://url.consul
management.yml	management.print.budget_investments_info	Részvétel a http://url.consul	Részvétel az http://url.consul	Participate at http://url.consul
management.yml	management.proposals.alert.unverified_user	A felhasználó nincs hitelesítve	A felhasználó nincs ellenőrizve	User is not verified
management.yml	management.proposals.create_proposal	Javaslat létrehozása	Készítsen ajánlatot	Create proposal
management.yml	management.proposals.index.title	Támogatási javaslatok	Javaslatok támogatása	Support proposals
management.yml	management.budgets.create_new_investment	Költségvetési beruházások létrehozása	Költségvetési beruházás létrehozása	Create budget investment
management.yml	management.budgets.print_investments	Költségvetési beruházások kinyomtatása	Költségvetési beruházások nyomtatása	Print budget investments
management.yml	management.budgets.support_investments	Támogató költségvetési beruházások	Költségvetési beruházások támogatása	Support budget investments
management.yml	management.budgets.table_actions	Intézkedések	Akciók	Actions
management.yml	management.budgets.no_budgets	Nincs aktív részvételi költségvetés.	Nincsenek aktív közösségi költségvetések.	There are no active participatory budgets.
management.yml	management.budget_investments.alert.unverified_user	A felhasználó nincs hitelesítve	A felhasználó nincs ellenőrizve	User is not verified
management.yml	management.budget_investments.create	Költségvetési beruházás létrehozása	Hozzon létre egy költségvetési befektetést	Create a budget investment
management.yml	management.budget_investments.edit	Költségvetési beruházások szerkesztése	Költségvetési beruházás szerkesztése	Edit budget investment
management.yml	management.budget_investments.filters.heading	Fogalom	Koncepció	Concept
management.yml	management.budget_investments.filters.unfeasible	Nem megvalósítható beruházás	Megvalósíthatatlan befektetés	Unfeasible investment
management.yml	management.budget_investments.search.label	Keresési beruházások	Befektetések keresése	Search investments
management.yml	management.budget_investments.search_results.one	" amely a kifejezést tartalmazza ""%{search_term}'"	amely tartalmazza a „%{search_term}” kifejezést	 containing the term '%{search_term}'
management.yml	management.budget_investments.search_results.other	" amely a kifejezést tartalmazza ""%{search_term}'"	amely tartalmazza a „%{search_term}” kifejezést	 containing the term '%{search_term}'
management.yml	management.sessions.need_managed_user	Ehhez a művelethez ki kell választani egy felhasználót	A művelet végrehajtásához ki kell választania egy felhasználót	To perform this action you must select a user
management.yml	management.sessions.signed_out	Sikeresen aláírták.	Sikeresen kijelentkezett.	Signed out successfully.
management.yml	management.sessions.signed_out_managed_user	A felhasználói munkamenet sikeresen befejeződött.	A felhasználói munkamenet sikeresen kijelentkezett.	User session signed out successfully.
management.yml	management.users.create_user	Új fiók létrehozása	Hozzon létre egy új fiókot	Create a new account
management.yml	management.users.create_user_info	Létrehozunk egy fiókot a következő adatokkal:	A következő adatokkal fiókot hozunk létre	We will create an account with the following data
management.yml	management.users.create_user_submit	Felhasználók létrehozása	Felhasználó létrehozása	Create user
management.yml	management.users.create_user_success	E-mailt küldtünk az e-mail címre. <b>%{email}</b> annak ellenőrzésére, hogy a felhasználó tulajdonában van-e. Egy linket tartalmaz, amire kattintani kell. Akkor be kell állítaniuk a hozzáférési jelszavukat, mielőtt bejelentkeznének a weboldalra.	E-mailt küldtünk a <b>%{email}</b> e-mail címre, hogy ellenőrizzük, hogy az ehhez a felhasználóhoz tartozik-e. Tartalmaz egy linket, amelyre rá kell kattintaniuk. Ezután be kell állítaniuk hozzáférési jelszavukat, mielőtt bejelentkezhetnek a webhelyre	We have sent an email to the email address <b>%{email}</b> in order to verify that it belongs to this user. It contains a link they have to click. Then they will have to set their access password before being able to log in to the website
management.yml	management.users.autogenerated_password	"Az automatikus jelszó: <b>%{password}</b>, meg lehet változtatni a ""Számlám"" részben a web"	Az automatikusan generált jelszó <b>%{password}</b>, amelyet az internet „Fiókom” részében módosíthat.	Autogenerated password is <b>%{password}</b>, you can change it in the 'My account' section of the web
management.yml	management.users.erased_notice	A felhasználói fiókot törölték.	Felhasználói fiók törölve.	User account deleted.
management.yml	management.users.erased_by_manager	A manager törölte: %{manager}	Menedzser törölte: %{manager}	Deleted by manager: %{manager}
management.yml	management.users.erase_account_link	A felhasználó törlése	Felhasználó törlése	Delete user
management.yml	management.users.erase_account_confirm	Biztos, hogy törölni akarod a fiókot? Ezt az intézkedést nem lehet visszavonni.	Biztosan törli a fiókot? Ez a művelet nem vonható vissza	Are you sure you want to erase the account? This action can not be undone
management.yml	management.users.erase_warning	Ezt nem lehet visszacsinálni. Ügyeljen arra, hogy törölje ezt a fiókot.	Ez a művelet nem vonható vissza. Kérjük, győződjön meg arról, hogy törölni szeretné ezt a fiókot.	This action can not be undone. Please make sure you want to erase this account.
management.yml	management.user_invites.new.info	"Adja meg az e-maileket elválasztva vesszők ("","")"	Írja be az e-maileket vesszővel (',') elválasztva	Enter the emails separated by commas (',')
management.yml	management.user_invites.new.submit	Meghívások küldése	Meghívók küldése	Send invitations
management.yml	management.user_invites.new.title	Meghívások küldése	Meghívók küldése	Send invitations
management.yml	management.user_invites.create.success	<strong>%{count} meghívások</strong> Elküldték.	Az <strong>%{count} meghívók</strong> elküldve.	<strong>%{count} invitations</strong> have been sent.
management.yml	management.user_invites.create.title	Meghívások küldése	Meghívók küldése	Send invitations
moderation.yml	moderation.actions.confirm_action	Biztos? %{action}	Biztos vagy benne? %{action}	Are you sure? %{action}
moderation.yml	moderation.comments.index.block_authors	Block szerzők	A szerzők letiltása	Block authors
moderation.yml	moderation.comments.index.filters.all	Valamennyi	Minden	All
moderation.yml	moderation.comments.index.filters.pending_flag_review	Függőben	Függőben levő	Pending
moderation.yml	moderation.comments.index.filters.with_ignored_flag	Megjelölt	Megtekintettként megjelölve	Marked as viewed
moderation.yml	moderation.comments.index.hide	Hozzászólások elrejtése	Megjegyzések elrejtése	Hide comments
moderation.yml	moderation.comments.index.ignore_flags	A megtekintés szerinti jelölés	Megjelölés megtekintettként	Mark as viewed
moderation.yml	moderation.comments.index.orders.flags	A legtöbb megjelölés	A legtöbb megjelölve	Most flagged
moderation.yml	moderation.dashboard.index.title	Mérsékelt	Moderálás	Moderation
moderation.yml	moderation.debates.index.block_authors	Block szerzők	A szerzők letiltása	Block authors
moderation.yml	moderation.debates.index.filters.all	Valamennyi	Minden	All
moderation.yml	moderation.debates.index.filters.pending_flag_review	Függőben	Függőben levő	Pending
moderation.yml	moderation.debates.index.filters.with_ignored_flag	Megjelölt	Megtekintettként megjelölve	Marked as viewed
moderation.yml	moderation.debates.index.hide	A viták elrejtése	Viták elrejtése	Hide debates
moderation.yml	moderation.debates.index.ignore_flags	A megtekintés szerinti jelölés	Megjelölés megtekintettként	Mark as viewed
moderation.yml	moderation.debates.index.orders.flags	A legtöbb megjelölés	A legtöbb megjelölve	Most flagged
moderation.yml	moderation.header.title	Mérsékelt	Moderálás	Moderation
moderation.yml	moderation.menu.proposal_notifications	Javaslatokról szóló értesítések	Értesítések az ajánlatokról	Proposals notifications
moderation.yml	moderation.menu.users	Blokkolók	Felhasználók letiltása	Block users
moderation.yml	moderation.proposals.index.block_authors	Block szerzők	A szerzők letiltása	Block authors
moderation.yml	moderation.proposals.index.filters.all	Valamennyi	Minden	All
moderation.yml	moderation.proposals.index.filters.pending_flag_review	Függőben	Függőben levő	Pending
moderation.yml	moderation.proposals.index.filters.with_ignored_flag	Megjelölt	Megtekintettként megjelölve	Marked as viewed
moderation.yml	moderation.proposals.index.headers.moderate	Közepes	Mérsékelt	Moderate
moderation.yml	moderation.proposals.index.hide	A javaslatok elrejtése	Javaslatok elrejtése	Hide proposals
moderation.yml	moderation.proposals.index.ignore_flags	A megtekintés szerinti jelölés	Megjelölés megtekintettként	Mark as viewed
moderation.yml	moderation.proposals.index.orders.created_at	Utolsó	Legutóbbi	Most recent
moderation.yml	moderation.proposals.index.orders.flags	A legtöbb megjelölés	A legtöbb megjelölve	Most flagged
moderation.yml	moderation.budget_investments.index.block_authors	Block szerzők	A szerzők letiltása	Block authors
moderation.yml	moderation.budget_investments.index.filters.all	Valamennyi	Minden	All
moderation.yml	moderation.budget_investments.index.filters.pending_flag_review	Függőben	Függőben levő	Pending
moderation.yml	moderation.budget_investments.index.filters.with_ignored_flag	Megjelölt	Megtekintettként megjelölve	Marked as viewed
moderation.yml	moderation.budget_investments.index.ignore_flags	A megtekintés szerinti jelölés	Megjelölés megtekintettként	Mark as viewed
moderation.yml	moderation.budget_investments.index.orders.created_at	Utolsó	Legutóbbi	Most recent
moderation.yml	moderation.budget_investments.index.orders.flags	A legtöbb megjelölés	A legtöbb megjelölve	Most flagged
moderation.yml	moderation.proposal_notifications.index.block_authors	Block szerzők	A szerzők letiltása	Block authors
moderation.yml	moderation.proposal_notifications.index.filters.all	Valamennyi	Minden	All
moderation.yml	moderation.proposal_notifications.index.filters.pending_review	Függőben	Függőben levő	Pending
moderation.yml	moderation.proposal_notifications.index.filters.ignored	Megjelölt	Megtekintettként megjelölve	Marked as viewed
moderation.yml	moderation.proposal_notifications.index.hide	A javaslatok elrejtése	Javaslatok elrejtése	Hide proposals
moderation.yml	moderation.proposal_notifications.index.ignore_flags	A megtekintés szerinti jelölés	Megjelölés megtekintettként	Mark as viewed
moderation.yml	moderation.proposal_notifications.index.orders.created_at	Utolsó	Legutóbbi	Most recent
moderation.yml	moderation.proposal_notifications.index.orders.moderated	Mérsékelt	Moderálva	Moderated
moderation.yml	moderation.proposal_notifications.index.title	A javaslatról szóló értesítések	Ajánlatértesítések	Proposal notifications
moderation.yml	moderation.users.index.block	Blokk	Tömb	Block
moderation.yml	moderation.users.index.confirm_block	"Biztos? Ez elrejti a felhasználó ""%{name}""és az összes tartalmukat."	"Biztos vagy benne? Ezzel elrejti a ""%{name}"" felhasználót és annak összes tartalmát."	"Are you sure? This will hide the user ""%{name}"" and all their contents."
moderation.yml	moderation.users.index.confirm_hide	"Biztos? Ez elrejti a felhasználó ""%{name}""anélkül, hogy elrejtenék a tartalmukat."	"Biztos vagy benne? Ezzel elrejti a ""%{name}"" felhasználót anélkül, hogy elrejtené a tartalmát."	"Are you sure? This will hide the user ""%{name}"" without hiding their contents."
moderation.yml	moderation.users.index.hide	Elrejtés	Elrejt	Hide
moderation.yml	moderation.users.index.search_placeholder	e-mail vagy a felhasználó neve	e-mail cím vagy a felhasználó neve	email or name of user
moderation.yml	moderation.users.index.title	Blokkolók	Felhasználók letiltása	Block users
moderation.yml	moderation.users.notice_block	A felhasználó le van zárva. Minden tartalom, amit ez a felhasználó készített, rejtve van.	A felhasználót letiltották. A felhasználó által írt összes tartalom el lett rejtve.	The user has been blocked. All contents authored by this user have been hidden.
moderation.yml	moderation.users.notice_hide	A felhasználó el volt rejtve. A felhasználó által készített tartalom még mindig elérhető.	A felhasználó el lett rejtve. A felhasználó által készített tartalom továbbra is elérhető.	The user has been hidden. Contents authored by this user are still available.
officing.yml	officing.dashboard.index.title	Poll office	Szavazási hivatal	Poll officing
officing.yml	officing.dashboard.index.no_shifts	Ma nincs hivatalos műszakja.	Ma nincs hivatali műszakod.	You don't have officing shifts today.
officing.yml	officing.menu.voters	A dokumentum jóváhagyása	Érvényesítse a dokumentumot	Validate document
officing.yml	officing.menu.total_recounts	Összes bevétel és eredmény	Összes visszaszámlálás és eredmény	Total recounts and results
officing.yml	officing.polls.final.title	A szavazatok készen állnak a végleges összefoglalásra	A szavazások készen állnak a végső újraszámlálásra	Polls ready for final recounting
officing.yml	officing.polls.final.no_polls	Nem végzed el a zárójelentést semmilyen aktív felmérésben.	Ön egyetlen aktív szavazásban sem végez végső újraszámlálást	You are not officing final recounts in any active poll
officing.yml	officing.polls.final.select_poll	A felmérés kiválasztása	Válaszd ki a szavazást	Select poll
officing.yml	officing.polls.final.add_results	Eredmények hozzáadása	Adjon hozzá eredményeket	Add results
officing.yml	officing.poll_budgets.index.title	%{poll_budget} - Ballot lapok listája	%{poll_budget} - Szavazólapok listája	%{poll_budget} - Ballot sheets list
officing.yml	officing.poll_budgets.index.ballot_sheet	Ballot lap %{id}	Szavazólap %{id}	Ballot sheet %{id}
officing.yml	officing.poll_budgets.index.empty_results	A szavazáshoz még nincs szavazólap.	Ehhez a szavazáshoz még nincsenek szavazólapok	There are no ballot sheets for this poll yet
officing.yml	officing.poll_budgets.new.booth	Booth.	Bódé	Booth
officing.yml	officing.poll_budgets.new.select_booth	A stand kiválasztása	Válassza ki a fülkét	Select booth
officing.yml	officing.poll_budgets.new.csv_data	CSV-adatok	CSV adatok	CSV data
officing.yml	officing.poll_budgets.new.submit	Mentés	Megtakarítás	Save
officing.yml	officing.poll_budgets.show.data	CSV-adatok	CSV adatok	CSV data
officing.yml	officing.booth.new.title	Válassza ki a standot	Válassza ki a standját	Choose your booth
officing.yml	officing.results.flash.create	Eredmények elmentve	Az eredmények mentve	Results saved
officing.yml	officing.results.flash.error_wrong_booth	Rossz fülke. NEM mentett eredmények.	Rossz fülke. Az eredmények NEM mentve.	Wrong booth. Results NOT saved.
officing.yml	officing.results.new.not_allowed	Nem szabad eredményeket adni ehhez a felméréshez	Nem adhat hozzá eredményeket ehhez a szavazáshoz	You are not allowed to add results for this poll
officing.yml	officing.results.new.booth	Booth.	Bódé	Booth
officing.yml	officing.results.new.date	Időpont	Dátum	Date
officing.yml	officing.results.new.select_booth	A stand kiválasztása	Válassza ki a fülkét	Select booth
officing.yml	officing.results.new.ballots_null	Érvénytelen szavazatok	Érvénytelen szavazólapok	Invalid ballots
officing.yml	officing.results.new.ballots_total	Érvényes szavazatok	Érvényes szavazólapok	Valid ballots
officing.yml	officing.results.new.submit	Mentés	Megtakarítás	Save
officing.yml	officing.results.new.results_list	Az eredmények	Az Ön eredményei	Your results
officing.yml	officing.results.index.table_nulls	Érvénytelen szavazatok	Érvénytelen szavazólapok	Invalid ballots
officing.yml	officing.results.index.table_total	Érvényes szavazatok	Érvényes szavazólapok	Valid ballots
officing.yml	officing.residence.flash.create	Az összeírás ellenőrzése	Összeírással ellenőrzött dokumentum	Document verified with Census
officing.yml	officing.residence.flash.not_allowed	Ma nincs irodai műszakod.	Ma nincs hivatali műszakod	You don't have officing shifts today
officing.yml	officing.residence.new.title	A dokumentum jóváhagyása	Érvényesítse a dokumentumot	Validate document
officing.yml	officing.residence.new.submit	A dokumentum jóváhagyása	Érvényesítse a dokumentumot	Validate document
officing.yml	officing.residence.new.form_errors	a dokumentum ellenőrzésének megakadályozása	megakadályozta ennek a dokumentumnak az ellenőrzését	prevented the verification of this document
officing.yml	officing.voters.new.table_status	A szavazatok státusa	Szavazások állapota	Polls status
officing.yml	officing.voters.new.table_actions	Intézkedések	Akciók	Actions
officing.yml	officing.voters.new.not_to_vote	A személy úgy döntött, hogy most nem szavaz.	A személy úgy döntött, hogy jelenleg nem szavaz	The person has decided not to vote at this time
officing.yml	officing.voters.show.can_vote	Szavazategyenlőség	Lehet szavazni	Can vote
officing.yml	officing.voters.show.cannot_vote	Az érintett személy nem szavazhat, mivel nem szerepel a szavazás helye szerinti körzet (ok) ban.	Az érintett nem szavazhat, mert nincs bejegyezve abban a körzet(ek)ben, ahol a szavazás zajlik.	The person cannot vote because they are not registered in the district(s) where the voting takes place.
officing.yml	officing.voters.show.error_already_voted	Már részt vett a szavazáson.	Már részt vett ebben a szavazásban	Has already participated in this poll
officing.yml	officing.voters.show.submit	A szavazás megerősítése	Szavazás megerősítése	Confirm vote
officing.yml	officing.voters.show.success	Szavazzon!	Szavazás bevezetve!	Vote introduced!
officing.yml	officing.voters.can_vote.submit_disable_with	Várj, megerősítem a szavazást...	Várj, szavazás megerősítése...	Wait, confirming vote...
rails_date_order.yml	date.order[0]	: év	:év	:year
rails_date_order.yml	date.order[1]	: hónap	:hónap	:month
rails_date_order.yml	date.order[2]	: nap	:nap	:day
responders.yml	flash.actions.create.debate	A vita sikeresen jött létre.	A vita sikeresen létrehozva.	Debate created successfully.
responders.yml	flash.actions.create.direct_message	Az üzenetét sikeresen elküldtük.	Üzenetét sikeresen elküldtük.	You message has been sent successfully.
responders.yml	flash.actions.create.poll	A közvélemény-kutatás sikeresen jött létre.	Szavazás sikeresen létrehozva.	Poll created successfully.
responders.yml	flash.actions.create.poll_question_option	Sikeresen létrehozott válasz	A válasz sikeresen létrehozva	Answer created successfully
responders.yml	flash.actions.create.poll_question_option_video	Sikeresen létrehozott videó	A videó sikeresen létrehozva	Video created successfully
responders.yml	flash.actions.create.poll_question_option_image	A feltöltött kép	A kép sikeresen feltöltve	Image uploaded successfully
responders.yml	flash.actions.create.poll_voter	Köszönöm a szavazást!	Köszönjük, hogy szavaztál!	Thank you for voting!
responders.yml	flash.actions.create.poll_voter_blank	Köszönöm a szavazást! Az ön szavazata üres szavazat.	Köszönjük, hogy szavaztál! Szavazatát üres szavazatként regisztráltuk.	Thank you for voting! Your vote has been registered as a blank vote.
responders.yml	flash.actions.create.proposal	A javaslat sikeresen született.	Az ajánlat sikeresen létrehozva.	Proposal created successfully.
responders.yml	flash.actions.create.proposal_notification	Az üzenetét helyesen küldték.	Üzenetét megfelelően elküldtük.	Your message has been sent correctly.
responders.yml	flash.actions.create.budget_investment	A költségvetési beruházás sikeresen jött létre.	A költségvetési beruházás sikeresen létrehozva.	Budget Investment created successfully.
responders.yml	flash.actions.create.signature_sheet	Sikeresen létrehozott aláírási lap	Az aláírási lap sikeresen létrehozva	Signature sheet created successfully
responders.yml	flash.actions.create.support	Sikeresen támogatott beruházások	A beruházás sikeresen támogatott	Investment supported successfully
responders.yml	flash.actions.create.valuator_group	Valuator csoport sikeresen létrehozva	Az értékelői csoport sikeresen létrehozva	Valuator group created successfully
responders.yml	flash.actions.create.vote	Sikeresen szavazott	A szavazat sikeresen létrehozva	Vote created successfully
responders.yml	flash.actions.save_changes.notice	Változások mentve	A változtatások mentve	Changes saved
responders.yml	flash.actions.update.debate	A vita sikeresen frissült.	A vita sikeresen frissítve.	Debate updated successfully.
responders.yml	flash.actions.update.poll	A közvélemény-kutatás sikeresen frissítve.	A szavazás sikeresen frissítve.	Poll updated successfully.
responders.yml	flash.actions.update.poll_booth	Booth sikeresen frissítve.	A Booth sikeresen frissítve.	Booth updated successfully.
responders.yml	flash.actions.update.active_poll	A szavazatok leírása sikeresen frissítve.	A szavazás leírása sikeresen frissítve.	Polls description updated successfully.
responders.yml	flash.actions.update.proposal	A javaslatot sikeresen frissítettük.	Az ajánlat sikeresen frissítve.	Proposal updated successfully.
responders.yml	flash.actions.update.budget_investment	A beruházási projekt sikeresen frissült.	A beruházási projekt sikeresen frissítve.	Investment project updated successfully.
responders.yml	flash.actions.update.valuator_group	Az értékbecslő csoport sikeresen frissítve	Az értékelő csoport sikeresen frissítve	Valuator group updated successfully
responders.yml	flash.actions.update.translation	Fordítás frissítve sikeresen	A fordítás sikeresen frissítve	Translation updated successfully
responders.yml	flash.actions.destroy.budget_investment	A beruházási projektet sikeresen törölték.	A beruházási projekt sikeresen törölve.	Investment project deleted successfully.
responders.yml	flash.actions.destroy.topic	A témakört sikeresen törölték.	A téma sikeresen törölve.	Topic deleted successfully.
responders.yml	flash.actions.destroy.poll_question_option_image	A kép sikeresen törlődött.	A kép sikeresen törölve.	Image deleted successfully.
responders.yml	flash.actions.destroy.poll_question_option_video	Válasz videó törölve sikeresen.	A válaszvideó sikeresen törölve.	Answer video deleted successfully.
responders.yml	flash.actions.destroy.valuator_group	Az értékbecslési csoport törlése sikeresen megtörtént	Az értékelő csoport sikeresen törölve	Valuator group deleted successfully
responders.yml	flash.actions.destroy.vote	Sikeresen törölve	A szavazat sikeresen törölve	Vote deleted successfully
sdg_management.yml	sdg_management.homepage.title	Homepage konfiguráció	Kezdőlap konfigurációja	Homepage configuration
sdg_management.yml	sdg_management.homepage.header.no_cards	Nincs fejléc.	Nincs fejléc	There is no header
sdg_management.yml	sdg_management.homepage.create_card	Létrehozás %{phase} kártya	Hozzon létre %{phase} kártyát	Create %{phase} card
sdg_management.yml	sdg_management.homepage.no_cards	Ehhez a fázishoz nincs kártya.	Ehhez a fázishoz nincs kártya	There are no cards for this phase
sdg_management.yml	sdg_management.menu.budget_investments	Közösségi költségvetések	közösségi költségvetések	Participatory budgets
sdg_management.yml	sdg_management.menu.legislation_processes	Jogi eljárások	Jogalkotási folyamatok	Legislation processes
sdg_management.yml	sdg_management.menu.sdg_content	Célok és célkitűzések	Célok és célok	Goals and Targets
sdg_management.yml	sdg_management.menu.sdg_homepage	SDG honlapja	SDG honlap	SDG homepage
sdg_management.yml	sdg_management.local_targets.create.notice	A helyi cél sikeresen létrehozva	Helyi cél sikeresen létrehozva	Local target created successfully
sdg_management.yml	sdg_management.local_targets.destroy.notice	A helyi célpontot sikeresen törölték	Helyi cél sikeresen törölve	Local target deleted successfully
sdg_management.yml	sdg_management.local_targets.form.code	A kódnak a kijelölt célkóddal kell kezdődnie, amit egy pont követ	A kódnak a kiválasztott célkóddal kell kezdődnie, amelyet egy pont követ	Code must start with the selected target code followed by a dot
sdg_management.yml	sdg_management.local_targets.form.description	Ez a leírás a felhasználóknak nyújtott segítségként jelenik meg.	Ez a leírás segítségként jelenik meg a felhasználók számára.	This description will be shown as help to users.
sdg_management.yml	sdg_management.local_targets.update.notice	A helyi célpont sikeresen frissítve	A helyi cél sikeresen frissítve	Local target updated successfully
sdg_management.yml	sdg_management.relations.index.filters.all	Valamennyi	Minden	All
sdg_management.yml	sdg_management.relations.index.filters.pending_sdg_review	Függőben	Függőben levő	Pending
sdg_management.yml	sdg_management.relations.index.filters.sdg_reviewed	Felülvizsgálva	Ellenőrzöttként megjelölve	Marked as reviewed
sdg_management.yml	sdg_management.relations.update_and_review.notice	%{relatable} sikeresen frissítve és felülvizsgálva	Az %{relatable} frissítése sikeresen megtörtént, és áttekintettként lett megjelölve	%{relatable} updated successfully and marked as reviewed
rails.yml	date.abbr_day_names[1]	H	Hétfő	Mon
rails.yml	date.abbr_day_names[2]	Sze	kedd	Tue
rails.yml	date.abbr_day_names[3]	Sze	Házasodik	Wed
rails.yml	date.abbr_day_names[4]	Csü	cs	Thu
rails.yml	date.abbr_day_names[5]	Pén	Péntek	Fri
rails.yml	date.abbr_day_names[6]	Szaturáció	Ült	Sat
rails.yml	date.abbr_month_names[1]	Jan.	jan	Jan
rails.yml	date.abbr_month_names[2]	febr.	Február	Feb
rails.yml	date.abbr_month_names[3]	márc.	márc	Mar
rails.yml	date.abbr_month_names[4]	ápr.	Április	Apr
rails.yml	date.abbr_month_names[5]	Május	május	May
rails.yml	date.abbr_month_names[6]	jún.	Június	Jun
rails.yml	date.abbr_month_names[7]	Jul.	Július	Jul
rails.yml	date.abbr_month_names[8]	aug.	Augusztus	Aug
rails.yml	date.abbr_month_names[9]	Sz	szept	Sep
rails.yml	date.abbr_month_names[10]	Okt	Október	Oct
rails.yml	date.abbr_month_names[11]	nov.	November	Nov
rails.yml	date.abbr_month_names[12]	dec	December	Dec
rails.yml	date.day_names[0]	Vasárnap	vasárnap	Sunday
rails.yml	date.day_names[1]	Hétfő	hétfő	Monday
rails.yml	date.day_names[2]	Kedd	kedd	Tuesday
rails.yml	date.day_names[3]	Szerda	szerda	Wednesday
rails.yml	date.day_names[4]	Csütörtök	csütörtök	Thursday
rails.yml	date.day_names[5]	Péntek	péntek	Friday
rails.yml	date.day_names[6]	Szombat	szombat	Saturday
rails.yml	date.formats.long	%B  %d, %Y	%B %d, %Y	%B %d, %Y
rails.yml	date.formats.short	%b  %d	%b %d	%b %d
rails.yml	date.month_names[2]	Február	február	February
rails.yml	date.month_names[3]	Március	március	March
rails.yml	date.month_names[4]	Április	április	April
rails.yml	date.month_names[5]	Május	május	May
rails.yml	date.month_names[6]	Június	június	June
rails.yml	date.month_names[9]	Szeptember	szeptember	September
rails.yml	date.month_names[10]	Október	október	October
rails.yml	datetime.distance_in_words.about_x_hours.one	körülbelül 1 óra	kb 1 óra	about 1 hour
rails.yml	datetime.distance_in_words.about_x_hours.other	kb. %{count} óra	körülbelül %{count} óra	about %{count} hours
rails.yml	datetime.distance_in_words.about_x_months.one	körülbelül 1 hónap	kb 1 hónap	about 1 month
rails.yml	datetime.distance_in_words.about_x_months.other	kb. %{count} hónap	körülbelül %{count} hónap	about %{count} months
rails.yml	datetime.distance_in_words.about_x_years.one	körülbelül 1 év	kb 1 év	about 1 year
rails.yml	datetime.distance_in_words.about_x_years.other	kb. %{count} évek	körülbelül %{count} év	about %{count} years
rails.yml	datetime.distance_in_words.almost_x_years.one	majdnem 1 év	majdnem 1 éve	almost 1 year
rails.yml	datetime.distance_in_words.almost_x_years.other	majdnem %{count} évek	közel %{count} év	almost %{count} years
rails.yml	datetime.distance_in_words.less_than_x_seconds.one	kevesebb mint 1 másodperc	kevesebb, mint 1 másodperc	less than 1 second
rails.yml	datetime.distance_in_words.over_x_years.one	1 éven túli	több mint 1 év	over 1 year
rails.yml	datetime.distance_in_words.over_x_years.other	vége %{count} évek	több mint %{count} év	over %{count} years
rails.yml	datetime.distance_in_words.x_years.other	%{count} évek	%{count} év	%{count} years
rails.yml	datetime.prompts.minute	Egy perc.	Perc	Minute
rails.yml	errors.format	%{attribute}  %{message}	%{attribute} %{message}	%{attribute} %{message}
rails.yml	errors.messages.blank	Nem lehet üres.	nem lehet üres	can't be blank
rails.yml	errors.messages.present	üres	üresnek kell lennie	must be blank
rails.yml	errors.messages.confirmation	Nem egyezik. %{attribute}	nem egyezik %{attribute}	doesn't match %{attribute}
rails.yml	errors.messages.empty	Nem lehet üres.	nem lehet üres	can't be empty
rails.yml	errors.messages.equal_to	meg kell egyeznie %{count}	egyenlőnek kell lennie %{count}	must be equal to %{count}
rails.yml	errors.messages.even	Kvittek vagyunk.	egyenletesnek kell lennie	must be even
rails.yml	errors.messages.exclusion	fenntartott	fenntartva van	is reserved
rails.yml	errors.messages.greater_than	nagyobb, mint %{count}	nagyobbnak kell lennie, mint %{count}	must be greater than %{count}
rails.yml	errors.messages.greater_than_or_equal_to	legalább %{count}	nagyobbnak vagy egyenlőnek kell lennie, mint %{count}	must be greater than or equal to %{count}
rails.yml	errors.messages.less_than	kevesebb, mint %{count}	kisebbnek kell lennie, mint %{count}	must be less than %{count}
rails.yml	errors.messages.less_than_or_equal_to	legfeljebb %{count}	kisebbnek vagy egyenlőnek kell lennie, mint %{count}	must be less than or equal to %{count}
rails.yml	errors.messages.model_invalid	A hitelesítés nem sikerült: %{errors}	Az érvényesítés sikertelen: %{errors}	Validation failed: %{errors}
rails.yml	errors.messages.not_a_number	nem egy szám	nem szám	is not a number
rails.yml	errors.messages.not_an_integer	egész szám	egész számnak kell lennie	must be an integer
rails.yml	errors.messages.odd	Biztos furcsa.	furcsanak kell lennie	must be odd
rails.yml	errors.messages.taken	már szedték	már elvitték	has already been taken
rails.yml	errors.messages.too_long.other	túl hosszú (maximum %{count} karakter)	túl hosszú (legfeljebb %{count} karakter)	is too long (maximum is %{count} characters)
rails.yml	errors.messages.too_short.one	túl rövid (minimum 1 karakter)	túl rövid (legalább 1 karakter)	is too short (minimum is 1 character)
rails.yml	errors.messages.wrong_length.one	a rossz hosszúság (1 karakternek kell lennie)	rossz hosszúságú (1 karakterből kell állnia)	is the wrong length (should be 1 character)
rails.yml	errors.messages.wrong_length.other	a nem megfelelő hosszúságú %{count} karakter)	rossz hosszúságú (%{count} karakterből kell állnia)	is the wrong length (should be %{count} characters)
rails.yml	errors.template.body	A következő területekkel voltak problémák:	Problémák adódtak a következő mezőkkel:	There were problems with the following fields:
rails.yml	errors.template.header.one	1 hiba tiltotta ezt %{model} a megmentéstől	1 hiba tiltotta ennek az %{model} mentését	1 error prohibited this %{model} from being saved
rails.yml	errors.template.header.other	%{count} hibák tiltották ezt %{model} a megmentéstől	Az %{count} hibák megtiltották az %{model} mentését	%{count} errors prohibited this %{model} from being saved
rails.yml	helpers.submit.create	Létrehozás %{model}	%{model} létrehozása	Create %{model}
rails.yml	helpers.submit.update	Frissítés %{model}	%{model} frissítése	Update %{model}
rails.yml	number.human.decimal_units.format	%n  %u	%n %u	%n %u
rails.yml	number.human.decimal_units.units.billion	Millió	Milliárd	Billion
rails.yml	number.human.decimal_units.units.quadrillion	billiárd	Kvadrillió	Quadrillion
rails.yml	number.human.decimal_units.units.trillion	Millió	billió	Trillion
rails.yml	number.human.storage_units.format	%n  %u	%n %u	%n %u
rails.yml	number.human.storage_units.units.byte.one	bájt	Byte	Byte
rails.yml	number.human.storage_units.units.tb	TB	tuberkulózis	TB
rails.yml	support.array.last_word_connector	, és 	, és	, and 
rails.yml	support.array.two_words_connector	 és 	és	 and 
rails.yml	support.array.words_connector	, 	,	, 
rails.yml	time.am	de.	am	am
rails.yml	time.formats.datetime	%Y-%m-%d  %H:%M:%S	%Y-%m-%d %H:%M:%S	%Y-%m-%d %H:%M:%S
rails.yml	time.formats.default	%a, %d  %b  %Y  %H:%M:%S  %z	%a, %d %b %Y %H:%M:%S %z	%a, %d %b %Y %H:%M:%S %z
rails.yml	time.formats.long	%B  %d, %Y  %H:%M	%B %d, %Y %H:%M	%B %d, %Y %H:%M
rails.yml	time.formats.short	%d  %b  %H:%M	%d %b %H:%M	%d %b %H:%M
rails.yml	time.formats.short_datetime	%Y-%m-%d  %H:%M	%Y-%m-%d %H:%M	%Y-%m-%d %H:%M
rails.yml	time.formats.api	%Y-%m-%d  %H	%Y-%m-%d %H	%Y-%m-%d %H
rails.yml	time.pm	du.	pm	pm
seeds.yml	seeds.admin_notifications.budget.title	Lezárjuk a részvételi költségvetést!	Lezárjuk a közösségi költségvetést!	We are closing the Participatory Budget!
seeds.yml	seeds.admin_notifications.budget.body	Siess és csinálj egy ajánlatot, mielőtt a következő pár napban véget ér!	Siess, és készíts egy ajánlatot, mielőtt az a következő napokban véget ér!	Hurry up and create a proposal before it ends in the next few days!
seeds.yml	seeds.admin_notifications.help.title	Segíts lefordítani a konzul demokráciát	Segítsen nekünk a Consul Democracy fordításában	Help us translate Consul Democracy
seeds.yml	seeds.admin_notifications.help.body	Ha Ön jártas egy nyelvet, kérjük, segítsen nekünk lefordítani konzul demokrácia!	Ha jártas egy nyelvben, kérjük, segítsen nekünk lefordítani a Consul demokráciát!	If you are proficient in a language, please help us translate Consul democracy!
seeds.yml	seeds.admin_notifications.map.title	Most már geolokáció javaslatok és beruházások	Mostantól földrajzi helymeghatározhatja az ajánlatokat és a befektetéseket	You can now geolocate proposals and investments
seeds.yml	seeds.admin_notifications.map.body	Ha egy javaslatot vagy beruházást hoz létre, most megadhat egy pontot a térképen.	Amikor ajánlatot vagy befektetést hoz létre, most megadhat egy pontot a térképen.	When you create a proposal or investment you now can specify a point on a map.
seeds.yml	seeds.admin_notifications.proposal.title	Van ajánlatod?	Van javaslata?	Do you have a proposal?
seeds.yml	seeds.admin_notifications.proposal.body	Ne feledjék, hogy ötleteikkel létrehozhatnak egy javaslatot, és az emberek megvitatják és támogatják azt.	Ne feledje, hogy javaslatot készíthet ötleteiből, és az emberek megvitatják és támogatják azt.	Remember you can create a proposal with your ideas and people will discuss and support it.
seeds.yml	seeds.settings.official_level_1_name	Hivatalos álláspont	Hivatalos álláspont 1	Official position 1
seeds.yml	seeds.settings.official_level_3_name	Hivatalos álláspont	Hivatalos álláspont 3	Official position 3
seeds.yml	seeds.settings.official_level_4_name	Hivatalos álláspont	Hivatalos álláspont 4	Official position 4
seeds.yml	seeds.geozones.north_district	Északi körzet	Északi kerület	North District
seeds.yml	seeds.geozones.west_district	Nyugati körzet	Nyugati kerület	West District
seeds.yml	seeds.geozones.east_district	Keleti körzet	Keleti kerület	East District
seeds.yml	seeds.geozones.central_district	Központi körzet	Központi kerület	Central District
seeds.yml	seeds.organizations.neighborhood_association	Szomszédsági Szövetség	Szomszédsági Egyesület	Neighborhood Association
seeds.yml	seeds.cards.budget.title	Hogyan működik a részvételi költségvetés?	Hogyan működnek a közösségi költségvetések?	How do participatory budgets work?
seeds.yml	seeds.cards.budget.description	A részvételi költségvetések lehetővé teszik a polgárok számára, hogy javaslatokat tegyenek és közvetlenül döntsenek arról, hogyan költsék el a költségvetés egy részét, figyelemmel kísérve és szigorúan értékelve a javaslatokat. Maximális hatékonyság és ellenőrzés mindenki számára kielégítő.	A közösségi költségvetés lehetővé teszi a polgárok számára, hogy közvetlenül javaslatot tegyenek és döntsenek arról, hogyan költsék el a költségvetés egy részét, a javaslatok intézmény általi nyomon követésével és szigorú értékelésével. Maximális hatékonyság és ellenőrzés mindenki megelégedésére.	Participatory budgets allow citizens to propose and decide directly how to spend part of the budget, with monitoring and rigorous evaluation of proposals by the institution. Maximum effectiveness and control with satisfaction for everyone.
seeds.yml	seeds.cards.budget.link_text	Bővebben a részvételi költségvetésről	További információ a közösségi költségvetésekről	More about Participatory budgets
seeds.yml	seeds.cards.budget.label	Közösségi költségvetések	közösségi költségvetések	Participatory budgets
seeds.yml	seeds.cards.debate.description	Bárki kinyithat szálakat bármely témában, külön tereket teremtve, ahol az emberek megvitathatják a javasolt témát. A vitákat mindenki értékeli, hogy kiemelje a legfontosabb kérdéseket.	Bárki nyithat szálakat bármilyen témában, külön tereket hozva létre, ahol az emberek megvitathatják a javasolt témát. A vitákat mindenki értékeli, hogy kiemeljük a legfontosabb kérdéseket.	Anyone can open threads on any subject, creating separate spaces where people can discuss the proposed topic. Debates are valued by everybody, to highlight the most important issues.
seeds.yml	seeds.cards.header.title	FOGYASZTOTT DEMOKRÁCIA	KONZUL DEMOKRÁCIA	CONSUL DEMOCRACY
seeds.yml	seeds.cards.header.description	Ingyenes szoftver a polgárok részvételéhez.	Ingyenes szoftver az állampolgárok részvételéhez.	Free software for citizen participation.
seeds.yml	seeds.cards.header.link_text	További információk	További információ	More information
seeds.yml	seeds.cards.header.label	Üdv a	Üdvözöljük	Welcome to
seeds.yml	seeds.cards.proposal.title	Hogyan működnek a polgárok javaslatai?	Hogyan működnek a polgári javaslatok?	How do citizen proposals work?
seeds.yml	seeds.cards.proposal.description	Egy hely mindenkinek, hogy létrehozza a polgárok javaslatát és támogatást kérjen. Megszavazzuk azokat a javaslatokat, amelyek elegendő támogatást nyújtanak, és így közösen dönthetünk a számunkra fontos kérdésekről.	Egy teret, ahol mindenki polgári javaslatot készíthet és támogatást kereshet. A kellő támogatottságot elérő javaslatokat megszavazzuk, így közösen eldönthetjük a számunkra fontos kérdéseket.	A space for everyone to create a citizen's proposal and seek supports. Proposals which reach to enough supports will be voted and so, together we can decide the issues that matter to us.
seeds.yml	seeds.cards.proposal.link_text	Bővebben a javaslatokról	Bővebben az ajánlatokról	More about proposals
seeds.yml	seeds.categories.equity	Részesedés	Méltányosság	Equity
seeds.yml	seeds.categories.health	Egészségügy	Egészség	Health
seeds.yml	seeds.categories.security_emergencies	Biztonság és biztonság	Biztonság és vészhelyzetek	Security and Emergencies
seeds.yml	seeds.categories.environment	Környezetvédelem	Környezet	Environment
seeds.yml	seeds.budgets.budget	Részvételi költségvetés	közösségi költségvetés	Participatory Budget
seeds.yml	seeds.budgets.currency	EUR	€	€
seeds.yml	seeds.budgets.groups.all_city	Egész város	Minden város	All City
seeds.yml	seeds.budgets.groups.districts	Digitális	kerületek	Districts
seeds.yml	seeds.budgets.phases.description	Leírás %{language}	Leírás itt: %{language}	Description in %{language}
seeds.yml	seeds.budgets.phases.summary	Összefoglaló %{language}	Összegzés itt: %{language}	Summary in %{language}
seeds.yml	seeds.budgets.statuses.bidding	Ajánlattétel	Licitálás	Bidding
seeds.yml	seeds.budgets.statuses.executed	Végrehajtva	Kivégezve	Executed
seeds.yml	seeds.legislation.draft_versions.body	Verzió tervezete %{language}	Vázlat verzió itt: %{language}	Draft version in %{language}
seeds.yml	seeds.polls.current_poll	Jelenlegi poll	Aktuális szavazás	Current Poll
seeds.yml	seeds.polls.current_poll_geozone_restricted	Jelenlegi poll geozon korlátozás	Jelenlegi szavazás Geozone Korlátozott	Current Poll Geozone Restricted
seeds.yml	seeds.polls.recounting_poll	Poll visszaállítása	Recounting Poll	Recounting Poll
seeds.yml	seeds.polls.expired_poll_without_stats	Lejárt a stats és eredmények nélküli felmérés	Lejárt szavazás statisztikák és eredmények nélkül	Expired Poll without Stats and Results
seeds.yml	seeds.polls.expired_poll_with_stats	Lejárt a statisztika és eredmények	Lejárt szavazás statisztikákkal és eredményekkel	Expired Poll with Stats and Results
social_share_button.yml	social_share_button.share_to	Részesedés %{name}	Megosztás: %{name}	Share to %{name}
social_share_button.yml	social_share_button.douban	Duban	Douban	Douban
social_share_button.yml	social_share_button.delicious	Finom.	Finom	Delicious
social_share_button.yml	social_share_button.renren	Renen.com	Renren.com	Renren.com
social_share_button.yml	social_share_button.email	E-mail	Email	Email
social_share_button.yml	social_share_button.telegram	Telegram	Távirat	Telegram
stats.yml	stats.total_participants	A résztvevők	Résztvevők	Participants
stats.yml	stats.by_gender	Résztvevők nemek szerint	A résztvevők nemek szerint	Participants by gender
stats.yml	stats.total	Összesen	Teljes	Total
stats.yml	stats.geozone	Körzet	Kerület	District
stats.yml	stats.no_demographic_data.one	* Nincs demográfiai adatok 1 résztvevő.	* 1 résztvevőre vonatkozóan nincsenek demográfiai adatok.	* There is no demographic data for 1 participant.
stats.yml	stats.no_demographic_data.other	* Nincs demográfiai adatok %{count} résztvevők.	* Nincsenek demográfiai adatok az %{count} résztvevőiről.	* There is no demographic data for %{count} participants.
stats.yml	stats.budgets.link	Statok	Statisztika	Stats
stats.yml	stats.budgets.total_selected_investments	A végső szavazási szakaszban lévő projektek	Projektek a végső szavazás fázisában	Projects in final voting phase
stats.yml	stats.budgets.total_unfeasible_investments	Nem megvalósítható projektek	Megvalósíthatatlan projektek	Unfeasible projects
stats.yml	stats.budgets.by_phase	Résztvevők szakaszonként	Résztvevők fázis szerint	Participants by phase
stats.yml	stats.budgets.by_heading	Résztvevők szakaszonként és címsoronként	Résztvevők fázis és címsor szerint	Participants by phase and heading
stats.yml	stats.budgets.total	Összesen	Teljes	Total
stats.yml	stats.budgets.heading	Címsor	Cím	Heading
stats.yml	stats.budgets.investments_sent	Elküldött beruházási javaslatok	Beruházási javaslatok elküldve	Investment proposals sent
stats.yml	stats.budgets.participants_vote_phase	A résztvevők szavazási szakasza	Résztvevők szavazási szakasza	Participants voting phase
stats.yml	stats.budgets.percent_heading_census	% fejléc-népszámlálás	% Rovatszámlálás	% Heading census
stats.yml	stats.budgets.participatory_disclaimer	* * A résztvevők száma olyan személyekre vonatkozik, akik befektetési javaslatokat hoztak létre, támogattak vagy szavaztak.	** Az összes résztvevő száma azokra a személyekre vonatkozik, akik beruházási javaslatot készítettek, támogattak vagy szavaztak.	** The numbers of total participants refer to persons that created, supported or voted investment proposals.
stats.yml	stats.budgets.heading_disclaimer	* * * A címekre vonatkozó adatok arra a címre vonatkoznak, ahol minden felhasználó szavazott, nem feltétlenül arra, amelyiken az adott személy szerepel.	*** A rovatokra vonatkozó adatok arra a rovatra vonatkoznak, ahol az egyes felhasználók szavaztak, nem feltétlenül arra, amelyre az adott személy regisztrált.	*** Data about headings refer to the heading where each user voted, not necessarily the one that person is registered on.
stats.yml	stats.polls.vote_by_channel	Szavazati típus csatornánként	Szavazás típusa csatornánként	Vote type by channel
stats.yml	stats.polls.web_percentage	%{percentage} web	%{percentage} Web	%{percentage} Web
stats.yml	stats.polls.booth_percentage	%{percentage} Fejléc	%{percentage} fülkék	%{percentage} Booths
stats.yml	stats.polls.letter_percentage	%{percentage} Posta	%{percentage} Mail	%{percentage} Mail
valuation.yml	valuation.menu.budgets	Közösségi költségvetések	közösségi költségvetések	Participatory budgets
valuation.yml	valuation.budgets.index.title	Közösségi költségvetések	közösségi költségvetések	Participatory budgets
valuation.yml	valuation.budgets.index.filters.current	Megnyitás	Nyitott	Open
valuation.yml	valuation.budgets.index.filters.finished	Befejezve	Befejezett	Finished
valuation.yml	valuation.budgets.index.table_assigned_investments_valuation_open	Nyitott értékelésű beruházási projektek	Az értékeléssel hozzárendelt beruházási projektek nyitva	Investment projects assigned with valuation open
valuation.yml	valuation.budgets.index.table_actions	Intézkedések	Akciók	Actions
valuation.yml	valuation.budgets.index.evaluate	Értékelés	Értékelje	Evaluate
valuation.yml	valuation.budgets.index.no_budgets	Nincs költségvetés.	Nincsenek költségvetések	There are no budgets
valuation.yml	valuation.budget_investments.index.headings_filter_all	Valamennyi rovat	Minden címsor	All headings
valuation.yml	valuation.budget_investments.index.filters.valuation_open	Megnyitás	Nyitott	Open
valuation.yml	valuation.budget_investments.index.filters.valuation_finished	Értékelés befejezve	Értékelés befejeződött	Valuation finished
valuation.yml	valuation.budget_investments.index.assigned_to	Címzett: %{valuator}	Hozzárendelve: %{valuator}	Assigned to %{valuator}
valuation.yml	valuation.budget_investments.index.edit	A dokumentáció szerkesztése	A dosszié szerkesztése	Edit dossier
valuation.yml	valuation.budget_investments.index.table_id	Azonosító	ID	ID
valuation.yml	valuation.budget_investments.index.table_heading_name	Címsor	Címsor neve	Heading name
valuation.yml	valuation.budget_investments.index.table_actions	Intézkedések	Akciók	Actions
valuation.yml	valuation.budget_investments.show.info	Szerző info	Szerző információ	Author info
valuation.yml	valuation.budget_investments.show.by	Elküldte:	Küldte	Sent by
valuation.yml	valuation.budget_investments.show.sent	Elküldött:	Elküldve	Sent at
valuation.yml	valuation.budget_investments.show.heading	Címsor	Cím	Heading
valuation.yml	valuation.budget_investments.show.dossier	Gyógyszerész	Dosszié	Dossier
valuation.yml	valuation.budget_investments.show.edit_dossier	A dokumentáció szerkesztése	A dosszié szerkesztése	Edit dossier
valuation.yml	valuation.budget_investments.show.price_first_year_with_currency	Az első év költsége (%{currency})	Költség az első évben (%{currency})	Cost during the first year (%{currency})
valuation.yml	valuation.budget_investments.show.unfeasible	Nem megvalósítható	Megvalósíthatatlan	Unfeasible
valuation.yml	valuation.budget_investments.show.undefined	Nem definiált	Undefined	Undefined
valuation.yml	valuation.budget_investments.show.valuation_finished	Értékelés befejezve	Értékelés befejeződött	Valuation finished
valuation.yml	valuation.budget_investments.show.duration	Időkör	Időtartam	Time scope
valuation.yml	valuation.budget_investments.show.responsibles	Felelősségek	Felelősök	Responsibles
valuation.yml	valuation.budget_investments.show.assigned_admin	Címzett admin	Hozzárendelt adminisztrátor	Assigned admin
valuation.yml	valuation.budget_investments.show.assigned_valuators	Címzett értékbecslők	Kijelölt értékbecslő	Assigned valuators
valuation.yml	valuation.budget_investments.show.preview	Befektetési előrejelzés	Befektetési előnézet	Investment preview
valuation.yml	valuation.budget_investments.edit.dossier	Gyógyszerész	Dosszié	Dossier
valuation.yml	valuation.budget_investments.edit.price_first_year	Az első év költsége (%{currency}) <small>(választható, adatok nem nyilvánosak)</small>	Költség az első évben (%{currency}) <small> (opcionális, az adatok nem nyilvánosak)</small>	Cost during the first year (%{currency}) <small>(optional, data not public)</small>
valuation.yml	valuation.budget_investments.edit.valuation_finished_alert	Biztos vagy benne, hogy ezt a jelentést befejezettnek akarod jelölni? Ha megteszed, már nem lehet módosítani.	Biztosan készként kívánja megjelölni ezt a jelentést? Ha megteszed, akkor már nem lehet módosítani.	Are you sure you want to mark this report as completed? If you do it, it can no longer be modified.
valuation.yml	valuation.budget_investments.edit.not_feasible_alert	Egy e-mailt azonnal elküldünk a projekt szerzőjének a megvalósíthatatlanságról szóló jelentéssel.	A megvalósíthatatlanságról szóló jelentést azonnal e-mailben küldjük a projekt szerzőjének.	An email will be sent immediately to the author of the project with the report of unfeasibility.
valuation.yml	valuation.budget_investments.edit.save	Változások mentése	Módosítások mentése	Save changes
valuation.yml	valuation.budget_investments.notice.valuate	Frissítve	A dosszié frissítve	Dossier updated
valuation.yml	valuation.budget_investments.valuation_comments	Értékelési észrevételek	Értékelési megjegyzések	Valuation comments
valuation.yml	valuation.budget_investments.not_in_valuating_phase	A beruházások csak akkor értékelhetők, ha a költségvetés értékelési szakaszban van	A befektetéseket csak akkor lehet értékelni, ha a költségvetés értékelési fázisban van	Investments can only be valuated when Budget is in valuating phase
settings.yml	settings.comments_body_max_length	Hozzászólások test max hossza	Megjegyzések test max hossz	Comments body max length
settings.yml	settings.comments_body_max_length_description	A karakterek száma	A karakterek számában	In number of characters
settings.yml	settings.official_level_1_name_description	Tag, amely megjelenik a felhasználók jelölt 1. szintű hivatalos pozíció	Címke, amely az 1. szintű hivatalos pozícióként megjelölt felhasználóknál fog megjelenni	Tag that will appear on users marked as Level 1 official position
settings.yml	settings.official_level_2_name_description	Tag, amely megjelenik a felhasználók jelölt szint 2 hivatalos pozíció	Címke, amely a 2. szintű hivatalos pozícióként megjelölt felhasználóknál fog megjelenni	Tag that will appear on users marked as Level 2 official position
settings.yml	settings.official_level_3_name_description	A 3. szintű hivatalos pozícióként megjelölt felhasználókon megjelenő elem	Címke, amely a 3. szintű hivatalos pozícióként megjelölt felhasználóknál fog megjelenni	Tag that will appear on users marked as Level 3 official position
settings.yml	settings.official_level_4_name_description	A 4. szintű hivatalos pozícióként megjelölt felhasználókon megjelenő elem	Címke, amely a 4. szintű hivatalos pozícióként megjelölt felhasználóknál fog megjelenni	Tag that will appear on users marked as Level 4 official position
settings.yml	settings.official_level_5_name_description	Tag, amely megjelenik a felhasználók jelölt szint 5 hivatalos pozíció	Címke, amely az 5. szintű hivatalos pozícióként megjelölt felhasználóknál fog megjelenni	Tag that will appear on users marked as Level 5 official position
settings.yml	settings.max_ratio_anon_votes_on_debates	Az anonim szavazatok maximális aránya véleményenként	Az anonim szavazatok maximális aránya vitánként	Maximum ratio of anonymous votes per Debate
settings.yml	settings.max_ratio_anon_votes_on_debates_description	Névtelen szavazatok regisztrált felhasználók egy ellenőrizetlen fiók	Az anonim szavazatokat nem ellenőrzött fiókkal rendelkező regisztrált felhasználók adják	Anonymous votes are by registered users with an unverified account
settings.yml	settings.max_votes_for_proposal_edit	Azon támogatások száma, amelyekből a javaslat már nem szerkeszthető	Azon támogatások száma, amelyekből a Javaslat már nem szerkeszthető	Number of supports from which a Proposal can no longer be edited
settings.yml	settings.max_votes_for_proposal_edit_description	Ebből a számú támogatás a szerző a javaslat már nem szerkeszteni	Ettől a támogatási számtól a Javaslat szerzője már nem szerkesztheti azt	From this number of supports the author of a Proposal can no longer edit it
settings.yml	settings.max_votes_for_debate_edit_description	Ebből a szavazatszámból a vita szerzője már nem szerkesztheti	Ettől a számú szavazattól a vita szerzője már nem szerkesztheti azt	From this number of votes the author of a Debate can no longer edit it
settings.yml	settings.proposal_code_prefix	Előtag a javaslathoz	Az ajánlati kódok előtagja	Prefix for Proposal codes
settings.yml	settings.proposal_code_prefix_description	Ez az előtag jelenik meg a Javaslatokban a létrehozás időpontja és azonosítója előtt	Ez az előtag a létrehozás dátuma és azonosítója előtt fog megjelenni az ajánlatokban	This prefix will appear in the Proposals before the creation date and its ID
settings.yml	settings.featured_proposals_number	A kiválasztott pályázatok száma	Kiemelt javaslatok száma	Number of featured proposals
settings.yml	settings.featured_proposals_number_description	A kiemelt javaslatok száma, amelyek akkor jelennek meg, ha a Kiemelt pályázatok funkció aktív	Azon kiemelt ajánlatok száma, amelyek akkor jelennek meg, ha a Kiemelt ajánlatok funkció aktív	Number of featured proposals that will be displayed if the Featured proposals feature is active
settings.yml	settings.votes_for_proposal_success	A javaslat jóváhagyásához szükséges támogatás száma	A Javaslat jóváhagyásához szükséges támogatások száma	Number of supports necessary for approval of a Proposal
settings.yml	settings.votes_for_proposal_success_description	Amikor egy javaslat eléri ezt a számú támogatást, nem lesz képes több támogatást kapni, és azt sikeresnek tekintik	Ha egy pályázat eléri ezt a támogatottságot, akkor már nem kaphat több támogatást, és sikeresnek minősül	When a proposal reaches this number of supports it will no longer be able to receive more supports and is considered successful
settings.yml	settings.months_to_archive_proposals	Hónapok archívum Javaslatok	Hónapok a javaslatok archiválására	Months to archive Proposals
settings.yml	settings.months_to_archive_proposals_description	E hónapok után a javaslatok archiválásra kerülnek, és többé nem kapnak támogatást.	Ennyi hónap elteltével a Pályázatok archiválásra kerülnek, és a továbbiakban nem kaphatnak támogatást	After this number of months the Proposals will be archived and will no longer be able to receive supports
settings.yml	settings.email_domain_for_officials	Köztisztviselőkre vonatkozó e-mail domain	E-mail domain köztisztviselők számára	Email domain for public officials
settings.yml	settings.email_domain_for_officials_description	Az e domain-ben regisztrált összes felhasználó fiókját a regisztráció során ellenőrzik.	A domainhez regisztrált összes felhasználó fiókját a regisztrációkor ellenőrizni fogják	All users registered with this domain will have their account verified at registration
settings.yml	settings.twitter_handle_description	Ha kitöltik, megjelenik a láblécben.	Ha kitöltötte, megjelenik a láblécben	If filled in it will appear in the footer
settings.yml	settings.twitter_hashtag	Twitter-címke	Twitter hashtag	Twitter hashtag
settings.yml	settings.twitter_hashtag_description	Hashtag, hogy megjelenik, amikor megosztja a tartalmat a Twitteren	Hashtag, amely akkor jelenik meg, amikor tartalmat oszt meg a Twitteren	Hashtag that will appear when sharing content on Twitter
settings.yml	settings.facebook_handle_description	Ha kitöltik, megjelenik a láblécben.	Ha kitöltötte, megjelenik a láblécben	If filled in it will appear in the footer
settings.yml	settings.youtube_handle	YouTube fogantyú	Youtube fogantyú	Youtube handle
settings.yml	settings.youtube_handle_description	Ha kitöltik, megjelenik a láblécben.	Ha kitöltötte, megjelenik a láblécben	If filled in it will appear in the footer
settings.yml	settings.telegram_handle	Telegram fogantyú	Távirat fogantyú	Telegram handle
settings.yml	settings.telegram_handle_description	Ha kitöltik, megjelenik a láblécben.	Ha kitöltötte, megjelenik a láblécben	If filled in it will appear in the footer
settings.yml	settings.instagram_handle_description	Ha kitöltik, megjelenik a láblécben.	Ha kitöltötte, megjelenik a láblécben	If filled in it will appear in the footer
settings.yml	settings.org_name_description	Ez a név megjelenik a mailereken, a segédlapokon...	Ez a név megjelenik a levelek tárgyában, a súgóoldalakon...	This name will appear on mailers subject, help pages...
settings.yml	settings.related_content_score_threshold	Kapcsolódó tartalom pontszám küszöbérték	Kapcsolódó tartalom pontszámának küszöbértéke	Related content score threshold
settings.yml	settings.related_content_score_threshold_description	A vonatkozó tartalmak szavazatok szerinti értékelése szerint, olyan tartalom elrejtése, amelyet a felhasználók nem azonosítanak	A kapcsolódó tartalom szavazatainak értékelése szerint elrejti a felhasználók által nem kapcsolódóként megjelölt tartalmakat	According to the rating of votes in a related content, hides content that users mark as unrelated
settings.yml	settings.hot_score_period_in_days	"A ""legaktívabb"" szűrő által használt időszak (napok)"	A „legaktívabb” szűrő által használt időszak (napokban)	Period (days) used by the filter 'most active'
settings.yml	settings.hot_score_period_in_days_description	"A több szakaszban használt ""legaktívabb"" szűrő az X napok szavazatain alapul."	A több szakaszban használt „legaktívabb” szűrő az elmúlt X nap szavazatai alapján történik	The filter 'most active' used in multiple sections will be based on the votes during the last X days
settings.yml	settings.mailer_from_name_description	Ez a név jelenik meg a feladó neve e-mailekben küldött alkalmazás	Ez a név a feladó neveként jelenik meg az alkalmazásból küldött e-mailekben	This name will appear as sender name in emails sent from the application
settings.yml	settings.mailer_from_address	Feladó e- mail címe	Feladó e-mail címe	Sender email address
settings.yml	settings.mailer_from_address_description	Ez az e-mail cím jelenik meg az e-mail küldött alkalmazás	Ez az e-mail cím megjelenik az alkalmazásból küldött e-mailekben	This email address will appear in emails sent from the application
settings.yml	settings.meta_title_description	A helyszín címe <title>a SEO javítására használják	A webhely címe <title>, a SEO fejlesztésére szolgál	Title for the site <title>, used to improve SEO
settings.yml	settings.meta_description	A terület leírása (SEO)	Webhely leírása (SEO)	Site description (SEO)
settings.yml	settings.meta_description_description	"Webhely leírása <meta name=""description"">a SEO javítására használják"	"Webhely leírása <meta name=""description"">, a SEO javítására szolgál"	"Site description <meta name=""description"">, used to improve SEO"
settings.yml	settings.meta_keywords_description	"Kulcsszavak <meta name=""keywords"">a SEO javítására használják"	"A keresőoptimalizálás javítására használt kulcsszavak <meta name=""keywords"">"	"Keywords <meta name=""keywords"">, used to improve SEO"
settings.yml	settings.min_age_to_participate_description	Ebben a korban a felhasználók minden olyan folyamatban részt vehetnek, ahol egy felhasználó által ellenőrzött számlára van szükség.	Az ennél idősebb felhasználók részt vehetnek minden olyan folyamatban, ahol felhasználói igazolt fiókra van szükség	Users over this age can participate in all processes where a user verified account is needed
settings.yml	settings.postal_codes	Postai kódok	Irányítószámok	Postal Codes
settings.yml	settings.postal_codes_description	A comma- elválasztott listája érvényes postai kódok; akkor is be tartományok elválasztva a vastagbél. Példa: 00001: 00010,00024, AB3 45FG, 00031: 00035 lehetővé teszi a 00001 és 00010 közötti postai kódokat, a 00024-es postai kódot, az AB3 45FG irányítószámot, valamint a 00031 és 00035 közötti postai kódokat. Ha üresen hagyod, minden postai kód érvényes lesz.	Az érvényes irányítószámok vesszővel elválasztott listája; kettősponttal elválasztott tartományokat is bevezethet. Példa: 00001:00010,00024,AB3 45FG,00031:00035 engedélyezi a 00001 és 00010 közötti irányítószámokat, a 00024 irányítószámot, az AB3 45FG irányítószámot és a 00031 és 00031 közötti irányítószámokat üresen hagyja. érvényes legyen.	A comma-separated list of valid postal codes; you can also introduce ranges separated with a colon. Example: 00001:00010,00024,AB3 45FG,00031:00035 will allow postal codes between 00001 and 00010, the postal code 00024, the postal code AB3 45FG, and postal codes between 00031 and 00035. If you leave it blank, all postal codes will be valid.
settings.yml	settings.proposals.successful_proposal_id_description	Ez a javaslat szolgál hivatkozási alapként egy sikeres javaslathoz a támogatás számában, és megjelenik a műszerfal grafikonján.	Ez az ajánlat hivatkozási alapként szolgál egy sikeres pályázathoz a támogatások számában, és megjelenik az irányítópult grafikonján.	This proposal is used as a reference for a successful proposal in supports number and will be displayed in the dashboard graph.
settings.yml	settings.proposals.poll_short_title_description	A felmérés rövid leírása. Lehetővé teszi a felhasználók számára, hogy felméréseket készítsenek egy javaslatról	A felmérés funkciójának rövid leírása. Lehetővé teszi a felhasználók számára, hogy felméréseket készítsenek egy ajánlatról	Short description of the survey feature. Allows users to create surveys on a proposal
settings.yml	settings.proposals.poll_description	A szavazatok leírása	Szavazás leírása	Polls description
settings.yml	settings.proposals.poll_description_description	A felmérés jellemzőinek részletes leírása	A felmérés funkciójának részletes leírása	Detailed description of the survey feature
settings.yml	settings.proposals.poll_link	További információk	További információ link	Additional information link
settings.yml	settings.proposals.poll_link_description	További információs link hozzáadása a felmérési funkcióhoz	További információs hivatkozást ad a felmérés funkcióhoz	Adds an additional information link to survey feature
settings.yml	settings.proposals.email_short_title	E-mail	Email	Email
settings.yml	settings.proposals.email_short_title_description	"Az e-mail funkció rövid leírása. Lehetővé teszi a felhasználók számára, hogy e-mailt küldjenek javaslatuk népszerűsítésére. Az e-mail összes tartalma megtalálható a ""/ app / nézettség / műszerfal / mailer / forward.html.erb"" -ban"	"Az e-mail funkció rövid leírása. Lehetővé teszi a felhasználók számára, hogy e-mailt küldjenek ajánlatuk népszerűsítésére. Az e-mail teljes tartalma a ""/app/views/dashboard/mailer/forward.html.erb"" címen található."	"Short description of the email feature. Allows users to send an email to promote their proposal. You can find all the content of this email in ""/app/views/dashboard/mailer/forward.html.erb"""
settings.yml	settings.proposals.email_description	E-mail leírás	Leírás e-mailben	Email description
settings.yml	settings.proposals.poster_short_title	Plakát	Poszter	Poster
settings.yml	settings.proposals.poster_short_title_description	"Rövid leírása a plakát funkció. Lehetővé teszi a felhasználók számára, hogy letöltsenek egy posztert PDF formátumban, hogy népszerűsítsék javaslatukat. A plakát összes tartalma megtalálható a ""/ app / nézettség / műszerfal / poszter / index.pdf.erb"" -ban"	"A poszter funkció rövid leírása. Lehetővé teszi a felhasználók számára, hogy PDF formátumban posztert töltsenek le ajánlatuk népszerűsítésére. A poszter teljes tartalma megtalálható a ""/app/views/dashboard/poster/index.pdf.erb"" címen."	"Short description of the poster feature. Allows users to download a poster on PDF format to promote their proposal. You can find all the content of this poster in ""/app/views/dashboard/poster/index.pdf.erb"""
settings.yml	settings.proposals.poster_description	A plakátok leírása	Plakát leírása	Poster description
settings.yml	settings.analytics_url	Analitikai URL	Analytics URL	Analytics URL
settings.yml	settings.proposal_notification_minimum_interval_in_days	Minimális időintervallum (napokban) az új javaslattételi értesítések megküldésére irányuló pályázatok szerzőinek	Minimális időköz (napokban), ameddig az ajánlatok szerzői új pályázati értesítést küldhetnek	Minimum interval (in days) for authors of proposals to send new proposal notifications
settings.yml	settings.proposal_notification_minimum_interval_in_days_description	A napok száma felhasználó küldhet értesítést minden követője a javaslatot	Az a napok száma, ameddig a felhasználó értesítést küldhet ajánlata minden követőjének	The number of days user can send a notification for all followers of their proposal
settings.yml	settings.direct_message_max_per_day	Közvetlen üzenet max. napi száma	Közvetlen üzenetek maximális száma naponta	Direct Message max number per day
settings.yml	settings.direct_message_max_per_day_description	Az egy felhasználó által naponta küldhető közvetlen üzenetek maximuma	Egy felhasználó által naponta elküldhető maximális közvetlen üzenetek száma	Number max of direct messages one user can send per day
settings.yml	settings.feature.twitter_login_description	Lehetővé teszi a felhasználók számára, hogy feliratkozzanak Twitter fiókjukra	Lehetővé teszi a felhasználók számára, hogy regisztráljanak Twitter-fiókjukkal	Allow users to sign up with their Twitter account
settings.yml	settings.feature.facebook_login_description	Lehetővé teszi a felhasználók számára, hogy feliratkozzanak a Facebook fiókjukra	Lehetővé teszi a felhasználók számára, hogy regisztráljanak Facebook-fiókjukkal	Allow users to sign up with their Facebook account
settings.yml	settings.feature.google_login_description	Lehetővé teszi a felhasználók számára, hogy feliratkozzanak a Google Fiók	Engedélyezze a felhasználóknak, hogy regisztráljanak Google-fiókjukkal	Allow users to sign up with their Google Account
settings.yml	settings.feature.wordpress_login_description	Lehetővé teszi a felhasználók számára, hogy jelentkezzen a Wordpress Fiók	Lehetővé teszi a felhasználók számára, hogy regisztráljanak Wordpress fiókjukkal	Allow users to sign up with their Wordpress Account
settings.yml	settings.feature.oidc_login	OpenID Csatlakozás bejelentkezés	OpenID Connect bejelentkezés	OpenID Connect login
settings.yml	settings.feature.oidc_login_description	Lehetővé teszi a felhasználók számára, hogy jelentkezzen OpenID Connect (OIDC)	A felhasználók regisztrálhatnak az OpenID Connect (OIDC) szolgáltatással	Allow users to sign up with OpenID Connect (OIDC)
settings.yml	settings.feature.saml_login	SAML-bejelentkezés	SAML bejelentkezés	SAML login
settings.yml	settings.feature.saml_login_description	Lehetővé teszi a felhasználók számára, hogy feliratkozzanak SAML	Lehetővé teszi a felhasználók számára, hogy SAML-lel regisztráljanak	Allow users to sign up with SAML
settings.yml	settings.feature.featured_proposals_description	Az indexjavaslatok oldalán szereplő javaslatok megjelenítése	Megjeleníti a kiemelt ajánlatokat az ajánlatok indexoldalán	Shows featured proposals on index proposals page
settings.yml	settings.feature.signature_sheets	Aláírás	Aláíró lapok	Signature sheets
settings.yml	settings.feature.signature_sheets_description	Lehetővé teszi, hogy az adminisztrációs testület által a helyszínen gyűjtött aláírások bekerüljenek a részt vevő költségvetések javaslataiba és beruházási projektjeibe	Lehetővé teszi az adminisztrációs panelről a helyszínen összegyűjtött aláírások hozzáadását a közösségi költségvetések javaslataihoz és beruházási projektjeihez	It allows adding from the Administration panel signatures collected on-site to Proposals and investment projects of the Participative Budgets
settings.yml	settings.feature.user.recommendations_description	A felhasználók ajánlásainak megjelenítése a honlapon az alábbi elemek címkéin	Felhasználói ajánlásokat jelenít meg a kezdőlapon a következő elemek címkéi alapján	Shows users recommendations on the homepage based on the tags of the following items
settings.yml	settings.feature.user.skip_verification	A felhasználó általi ellenőrzés kihagyása	A felhasználói ellenőrzés kihagyása	Skip user verification
settings.yml	settings.feature.user.skip_verification_description	Ez letiltja a felhasználói hitelesítést, és minden regisztrált felhasználó részt vehet minden folyamatban.	Ezzel letiltja a felhasználói ellenőrzést, és minden regisztrált felhasználó részt vehet majd az összes folyamatban	This will disable user verification and all registered users will be able to participate in all processes
settings.yml	settings.feature.user.recommendations_on_debates	A vitákra vonatkozó ajánlások	Javaslatok a vitákhoz	Recommendations on debates
settings.yml	settings.feature.user.recommendations_on_debates_description	Ajánlások mutatása a felhasználók számára a vita oldalon alapján a címkék a következő elemek	Felhasználói ajánlásokat jelenít meg a felhasználóknak a vitaoldalon a követett elemek címkéi alapján	Shows users recommendations to users on the debates page based on the tags of the items followed
settings.yml	settings.feature.user.recommendations_on_proposals	Ajánlások a javaslatokra vonatkozóan	Javaslatok a javaslatokhoz	Recommendations on proposals
settings.yml	settings.feature.user.recommendations_on_proposals_description	Ajánlásokat mutat be a felhasználóknak a következő elemek címkéi alapján	Javaslatokat jelenít meg a felhasználók számára az ajánlatok oldalon a követett elemek címkéi alapján	Displays recommendations to users on the proposals page based on the tags of the items followed
settings.yml	settings.feature.community	Közösségi javaslatok és beruházások	javaslatokról és beruházásokról	Community on proposals and investments
settings.yml	settings.feature.community_description	Engedélyezi a közösségi részt a részvételi költségvetés javaslataiban és beruházási projektjeiben	Engedélyezi a közösségi részt a közösségi költségvetések javaslataiban és beruházási projektjeiben	Enables the community section in the proposals and investment projects of the Participatory Budgets
settings.yml	settings.feature.machine_learning_description	Engedélyezze az AI / Machine Learning részt a python szkriptek futtatásához és a tartalom automatikus gazdagításához.	Engedélyezze az AI / Machine Learning szakaszt a python-szkriptek futtatásához és a tartalom automatikus gazdagításához.	Enable the AI / Machine Learning section to run python scripts and enrich content automatically.
settings.yml	settings.feature.map	Javaslatok és költségvetési beruházások földrajzi elhelyezkedése	Javaslatok és költségvetési beruházások földrajzi helymeghatározása	Proposals and budget investments geolocation
settings.yml	settings.feature.map_description	A pályázatok és beruházási projektek földrajzi elhelyezkedésének lehetővé tétele	Lehetővé teszi a javaslatok és beruházási projektek földrajzi elhelyezkedését	Enables geolocation of proposals and investment projects
settings.yml	settings.feature.allow_images	Feltöltés és képek megjelenítése	Képek feltöltésének és megjelenítésének engedélyezése	Allow upload and show images
settings.yml	settings.feature.allow_images_description	Lehetővé teszi a felhasználók számára, hogy képeket töltsenek fel, amikor javaslatokat és beruházási projekteket hoznak létre a részvételi költségvetésből	Lehetővé teszi a felhasználók számára, hogy képeket töltsenek fel, amikor javaslatokat és beruházási projekteket hoznak létre a közösségi költségvetésből	Allows users to upload images when creating proposals and investment projects from Participatory Budgets
settings.yml	settings.feature.allow_attached_documents	A csatolt dokumentumok feltöltésének és bemutatásának engedélyezése	A csatolt dokumentumok feltöltésének és megjelenítésének engedélyezése	Allow upload and show of attached documents
settings.yml	settings.feature.allow_attached_documents_description	Lehetővé teszi a felhasználók számára, hogy dokumentumokat töltsenek fel, amikor javaslatokat és beruházási projekteket hoznak létre a részvételi költségvetésből	Lehetővé teszi a felhasználók számára dokumentumok feltöltését, amikor javaslatokat és beruházási projekteket hoznak létre a közösségi költségvetésből	Allows users to upload documents when creating proposals and investment projects from Participatory Budgets
settings.yml	settings.feature.guides	Javaslatok vagy beruházási projektek létrehozására vonatkozó útmutatók	Útmutatók javaslatok vagy beruházási projektek létrehozásához	Guides to create proposals or investment projects
settings.yml	settings.feature.guides_description	Útmutató megjelenítése a pályázatok és a beruházási projektek közötti különbségekről, amennyiben aktív részvételi költségvetés áll rendelkezésre	Útmutatót jelenít meg az ajánlatok és a beruházási projektek közötti különbségekről, ha van aktív közösségi költségvetés	Displays a guide to differences between proposals and investment projects if there is an active participatory budget
settings.yml	settings.feature.help_page_description	"Megjelenít egy Súgó menü, amely tartalmaz egy oldalt egy info szakasz minden engedélyezett funkció. Egyéni oldalak és menük is létrehozhatók a ""Egyéni oldalak"" és a ""Egyéni tartalomblokkok"" szekciókban"	Megjelenít egy Súgó menüt, amely egy oldalt tartalmaz az egyes engedélyezett funkciók információs részével. Az „Egyéni oldalak” és az „Egyéni tartalomblokkok” részben egyéni oldalak és menük is létrehozhatók.	"Displays a Help menu that contains a page with an info section about each enabled feature. Also custom pages and menus can be created in the ""Custom pages"" and  ""Custom content blocks"" sections"
settings.yml	settings.feature.remote_translations	Távoli fordítás	Távfordítás	Remote translation
settings.yml	settings.feature.remote_translations_description	Megjelenít egy gombot, amely lehetővé teszi a felhasználók számára, hogy fordítást kérjenek, ha nincs tartalom a nyelvükön.	Megjelenít egy gombot, amely lehetővé teszi a felhasználók számára, hogy fordítást kérjenek, ha nincs tartalom az ő nyelvükön.	Displays a button that allows users to request a translation when there are not contents in their language.
settings.yml	settings.feature.translation_interface	Fordítási felület	Fordító felület	Translation interface
settings.yml	settings.feature.translation_interface_description	Megjeleníti a manuális fordítási felület, amely lehetővé teszi a felhasználók számára, hogy adja meg a tartalmát minden alkalmazás rendelkezésre álló nyelven. Ez az opció csak a felhasználói igénylőlapokat érinti, és függetlenül mindig aktív lesz az adagolópanelben.	Megjeleníti a kézi fordítási felületet, amely lehetővé teszi a felhasználók számára, hogy az alkalmazásban elérhető összes nyelven beírják a tartalmat. Ez az opció csak a felhasználói jelentkezési űrlapokat érinti, és ettől függetlenül mindig aktív lesz az adminisztrációs panelen.	Displays the manual translation interface that allows users to enter their content in all application available languages. This option only affects user application forms and independently will always be active in the administration panel.
settings.yml	settings.feature.remote_census	Kapcsolat beállítása távoli népszámláláshoz (SOAP)	Távoli népszámlálási (SOAP) kapcsolat konfigurálása	Configure connection to remote census (SOAP)
settings.yml	settings.feature.remote_census_description	Lehetővé teszi az egyes intézmények távoli népszámlálásához való kapcsolat beállítását	Lehetővé teszi az egyes intézmények távoli népszámlálásához való kapcsolat konfigurálását	Allows to configure the connection to the remote census of each institution
settings.yml	settings.feature.valuation_comment_notification	Az értékelésről szóló értesítés	Értékelési megjegyzés értesítés	Valuation comment notification
settings.yml	settings.feature.valuation_comment_notification_description	Küldjön e-mailt az összes kapcsolódó felhasználónak, kivéve a költségvetési beruházásokhoz való értékelési kommentárt, amikor új értékelési megjegyzés jön létre	Ha új értékelési megjegyzés jön létre, küldjön e-mailt az összes társított felhasználónak, kivéve a költségvetési befektetéshez tartozó értékelési megjegyzést	Send an email to all associated users except valuation commenter to budget investment when a new valuation comment is created
settings.yml	settings.feature.graphql_api	GrafQL API	GraphQL API	GraphQL API
settings.yml	settings.feature.dashboard.notification_emails	A műszerfal értesítési levelei	Az irányítópult értesítő e-mailjei	Dashboard notification emails
settings.yml	settings.feature.dashboard.notification_emails_description	A műszerfal értesítési üzeneteinek küldése a pályázat szerzőinek	Engedélyezze az irányítópultról értesítő e-mailek küldését az ajánlat szerzőinek	Enable sending dashboard notification emails to proposal's authors
settings.yml	settings.feature.remove_investments_supports_description	Lehetővé teszi a felhasználók számára, hogy a projektek kiválasztásának szakaszában eltávolítsák a részvételi költségvetésbe történő beruházásokkal kapcsolatos támogatást.	Lehetővé teszi a felhasználóknak, hogy eltávolítsák a közösségi költségvetési befektetések támogatását a projektek kiválasztásának szakaszában.	Allow users to remove supports on participatory budgets investments during the selecting projects phase.
settings.yml	settings.feature.sdg_description	A fenntartható fejlesztési célok szakaszainak engedélyezése az adminisztrációs menüben és a globális beállításokban.	Engedélyezze a Fenntartható Fejlődési Célok szakaszokat az adminisztrációs menüben és a Globális beállításokban.	Enable Sustainable Development Goals sections in the administration menu and in the Global Settings.
settings.yml	settings.feature.cookies_consent	Sütik beleegyezése banner	Cookie-k beleegyezését banner	Cookies consent banner
settings.yml	settings.feature.cookies_consent_description	Engedélyezze a cookie-k hozzájárulását banner, hogy tájékoztassa a felhasználók a cookie-k az alkalmazás használ.	Engedélyezze a cookie-khoz való hozzájárulást kérő szalaghirdetést, hogy tájékoztassa a felhasználókat az alkalmazás által használt cookie-król.	Enable the cookies consent banner to inform users about the cookies the application uses.
settings.yml	settings.feature.gdpr.require_consent_for_notifications	Az értesítések kifejezett jóváhagyása	Kifejezett hozzájárulás az értesítésekhez	Explicit consent for notifications
settings.yml	settings.feature.gdpr.require_consent_for_notifications_description	Az általános adatvédelmi rendelet (GDPR) által előírt hírlevelek és hasonló információk elküldéséhez kifejezett felhasználói hozzájárulás szükséges.	A felhasználó kifejezett hozzájárulása szükséges ahhoz, hogy hírleveleket és hasonló információkat küldhessen nekik az Általános Adatvédelmi Rendelet (GDPR) szerint.	Require explicit user consent in order to send them newsletters and similar information as required by the General Data Protection Regulation (GDPR).
settings.yml	settings.remote_census.general.endpoint_description	A törzsnév, ahol a népszámlálási szolgáltatás rendelkezésre áll (wsdl)	Gazdanév, ahol a népszámlálási szolgáltatás elérhető (wsdl)	Host name where the census service is available (wsdl)
settings.yml	settings.remote_census.request.method_name	A módszernév kérése	Kérje a metódus nevét	Request method name
settings.yml	settings.remote_census.request.method_name_description	A módszer nevét a City Census WebService elfogadta.	A Városszámlálási WebService által elfogadott kérési mód neve.	Request method name accepted by the City Census WebService.
settings.yml	settings.remote_census.request.structure_description	"A Városi Tanács népszámlálási webszervéhez küldendő kérelem felépítése. A kérelem ""statikus"" értékeit ki kell tölteni. A dokumentum típusához, a dokumentum számához, a születési és postai kódhoz kapcsolódó értékeket nullára kell állítani. Példa egy érvényes formátumra: {""request"": {""codigo _ institución"": 1, ""codigo _ portal"": 1, ""codigo _ usuario"": 1, ""documento"": null, ""tipo _ documento"": null, ""codigo _ idioma"": 102, ""nivel"": 3}"	"A Városi Tanács Népszámlálási WebSzolgálatához benyújtandó kérelem felépítése. A kérés ""statikus"" értékeit ki kell tölteni. A dokumentumtípushoz, a bizonylatszámhoz, a születési dátumhoz és az irányítószámhoz kapcsolódó értékeknek nullának kell lenniük. Példa érvényes formátumra: { ""request"": { ""codigo_institucion"": 1, ""codigo_portal"": 1, ""codigo_usuario"": 1, ""documento"": null, ""tipo_documento"": null, ""codigo_idioma"": 102, ""nivel"" }: 3 }"	"Structure of the Request to send to the Census WebService of the City council. The ""static"" values of this request should be filled. Values related to Document Type, Document Number, Date of Birth and Postal Code should be null. Example of a valid format: { ""request"": { ""codigo_institucion"": 1, ""codigo_portal"": 1, ""codigo_usuario"": 1, ""documento"": null, ""tipo_documento"": null, ""codigo_idioma"": 102, ""nivel"": 3 } }"
settings.yml	settings.remote_census.request.document_type	A dokumentum típusa	A dokumentumtípus elérési útja	Path for Document Type
settings.yml	settings.remote_census.request.document_type_description	A dokumentum típusát elküldő kérésstruktúra menete. NE FILL IN, ha a WebService nem írja elő, hogy a dokumentum típusa ellenőrizze a felhasználó.	Útvonal a kérelem struktúrájában, amely elküldi a dokumentumtípust. NE TÖLTSE KI, ha a WebService nem kéri a Dokumentumtípust a felhasználó ellenőrzéséhez.	Path in the request structure that sends the Document Type. DO NOT FILL IN if the WebService does not require the Document Type to verify a user.
settings.yml	settings.remote_census.request.document_number	A dokumentum száma	A dokumentumszám elérési útja	Path for Document Number
settings.yml	settings.remote_census.request.document_number_description	A dokumentum számát elküldő kérésstruktúra menete. NE FILL IN, ha a WebService nem írja elő, hogy a dokumentum szám ellenőrizze a felhasználó.	Útvonal a kérelem struktúrájában, amely elküldi a dokumentumszámot. NE TÖLTSE KI, ha a WebService nem kéri a dokumentumszámot a felhasználó ellenőrzéséhez.	Path in the request structure that sends the Document Number. DO NOT FILL IN if the WebService does not require the Document Number to verify a user.
settings.yml	settings.remote_census.request.date_of_birth	Útvonal a születési időponthoz	Születési dátum elérési útja	Path for Date of Birth
settings.yml	settings.remote_census.request.date_of_birth_description	Útvonal a kérési struktúra, amely elküldi a születési dátum. NE FILL IN, ha a WebService nem írja elő a születési dátumot, hogy ellenőrizze a felhasználó.	Útvonal a kérelem struktúrájában, amely elküldi a születési dátumot. NE TÖLTSE KI, ha a WebService nem kéri a születési dátumot a felhasználó ellenőrzéséhez.	Path in the request structure that sends the Date of Birth. DO NOT FILL IN if the WebService does not require the Date of Birth to verify a user.
settings.yml	settings.remote_census.request.postal_code	A postai irányítószám útja	Az irányítószám elérési útja	Path for Postal Code
settings.yml	settings.remote_census.request.postal_code_description	Útvonal a megkeresési struktúrában, amely elküldi a postai kódot. NE FILL IN, ha a WebService nem írja elő, hogy a postai kód ellenőrizze a felhasználó.	Útvonal a kérésstruktúrában, amely elküldi az irányítószámot. NE TÖLTSE KI, ha a WebService nem kéri az irányítószámot a felhasználó igazolásához.	Path in the request structure that sends the Postal Code. DO NOT FILL IN if the WebService does not require the Postal Code to verify a user.
settings.yml	settings.remote_census.response.date_of_birth	Útvonal a születési időponthoz	Születési dátum elérési útja	Path for Date of Birth
settings.yml	settings.remote_census.response.date_of_birth_description	A válasz melyik útvonalán van a felhasználó születési dátuma?	A válasz melyik útvonalában található a felhasználó születési dátuma?	In what path of the response is the user's Date of Birth?
settings.yml	settings.remote_census.response.postal_code	A postai irányítószám útja	Az irányítószám elérési útja	Path for Postal Code
settings.yml	settings.remote_census.response.postal_code_description	A válasz melyik útvonalán van a felhasználó irányítószáma?	A válasz melyik útvonalán található a felhasználó irányítószáma?	In what path of the response is the user's Postal Code?
settings.yml	settings.remote_census.response.district	Körzeti útvonal	Út a kerülethez	Path for District
settings.yml	settings.remote_census.response.district_description	A válasz melyik útján van a felhasználó körzete?	Milyen úton halad a válaszadás során a felhasználó körzete?	In what path of the response is the user's District?
settings.yml	settings.remote_census.response.gender	A nemek közötti egyenlőség útja	Útvonal a nemhez	Path for Gender
settings.yml	settings.remote_census.response.gender_description	Milyen módon reagál a felhasználó neme?	Milyen válaszútban van a felhasználó neme?	In what path of response is the user's Gender?
settings.yml	settings.remote_census.response.name	Név	Útvonal a névhez	Path for Name
settings.yml	settings.remote_census.response.name_description	A válasz melyik útján van a felhasználó neve?	A válasz melyik útvonalán található a felhasználó neve?	In what path of the response is the user's Name?
settings.yml	settings.remote_census.response.surname_description	Milyen irányban van a válasz a felhasználó vezetékneve?	A válasz melyik útvonalán található a felhasználó vezetékneve?	In what path of the response is the user's Last Name?
settings.yml	settings.remote_census.response.valid	Az érvényes válasz észlelésének feltétele	Érvényes válasz észlelésének feltétele	Condition for detecting a valid response
settings.yml	settings.remote_census.response.valid_description	Milyen válaszútról kell tájékoztatni, hogy érvényes válasznak minősüljön, és a felhasználó ellenőrizte	Milyen válaszútvonalat kell megadni ahhoz, hogy az érvényes válasznak minősüljön, és a felhasználó ellenőriztesse	What response path has to come informed to be considered a valid response and user verified
settings.yml	settings.map.feature.marker_clustering	Jelölőcsoportosítás	Marker klaszterezés	Marker clustering
settings.yml	settings.map.feature.marker_clustering_description	Engedélyezi a térképek klaszterezését. Hasznos, ha sok jelölőt kell mutatni.	Lehetővé teszi a térképjelzők csoportosítását. Hasznos, ha sok jelölőt kell megjeleníteni.	Enables map markers clusterization. Useful when there are a lot of markers to show.
settings.yml	settings.map.latitude	Földrajzi szélesség	Szélesség	Latitude
settings.yml	settings.map.latitude_description	A térkép helyzetének megjelenítése	Szélesség a térkép pozíciójának megjelenítéséhez	Latitude to show the map position
settings.yml	settings.map.longitude	Földrajzi hosszúság	Hosszúság	Longitude
settings.yml	settings.map.longitude_description	A térkép helyzetének megjelenítése	Hosszúság a térkép helyzetének megjelenítéséhez	Longitude to show the position of the map
settings.yml	settings.map.zoom	Nagyítás	Zoomolás	Zoom
settings.yml	settings.map.zoom_description	A térkép pozíciójának megjelenítése	Nagyítás a térkép pozíciójának megjelenítéséhez	Zoom to show the map position
settings.yml	settings.process.debates_description	A polgárok vitatere mindenkit megcéloz, aki olyan kérdéseket tud előterjeszteni, amelyek őket érintik, és amelyekről másokkal is meg akarják osztani nézeteiket.	A polgári vitatér mindenkit megcéloz, aki olyan témákat tud felmutatni, amelyek foglalkoztatják, és meg akarják osztani véleményüket másokkal	The citizens' debate space is aimed at anyone who can present issues that concern them and about which they want to share their views with others
settings.yml	settings.process.proposals_description	A polgárok javaslatai lehetőséget kínálnak a szomszédoknak és a kollektíváknak arra, hogy közvetlenül döntsenek arról, hogyan kívánják társadalmukat, miután megfelelő támogatást kaptak, és a polgárok szavazatához folyamodtak.	A polgárok javaslatai lehetőséget adnak a szomszédok és a kollektívák számára, hogy közvetlenül eldöntsék, milyennek akarják a társadalmukat, miután elegendő támogatást kaptak és alávetik magukat a polgárok szavazatának.	Citizens' proposals are an opportunity for neighbours and collectives to decide directly how they want their society to be, after getting sufficient support and submitting to a citizens' vote
settings.yml	settings.process.polls_description	A polgárok közvélemény-kutatása olyan részvételi mechanizmus, amellyel a szavazati joggal rendelkező polgárok közvetlen döntéseket hozhatnak	A polgári szavazások olyan részvételi mechanizmusok, amelyek révén a szavazati joggal rendelkező polgárok közvetlen döntéseket hozhatnak	Citizens' polls are a participatory mechanism by which citizens with voting rights can make direct decisions
settings.yml	settings.process.budgets	Közösségi költségvetés	közösségi költségvetés	Participatory budgeting
settings.yml	settings.process.budgets_description	A részvételi költségvetéssel a polgárok döntik el, hogy a szomszédjaik által benyújtott projektek mely részét kapják meg a költségvetésnek	A közösségi költségvetéssel a polgárok döntik el, hogy a szomszédaik által benyújtott projektek közül melyik kapja meg a költségvetés egy részét	With participatory budgets, citizens decide which projects presented by their neighbours will receive a part of the budget
settings.yml	settings.process.legislation	Együttműködési jogszabályok	Együttműködő jogalkotás	Collaborative Legislation
settings.yml	settings.process.legislation_description	A részvételi folyamatokban a polgárok lehetőséget kapnak arra, hogy részt vegyenek a társadalmat érintő szabályozások kidolgozásában és módosításában, és véleményt nyilvánítsanak a tervezett egyes intézkedésekről.	A részvételi folyamatokban a polgárok lehetőséget kapnak arra, hogy részt vegyenek a társadalmat érintő szabályozások kidolgozásában, módosításában, véleményt nyilvánítsanak egyes tervezett intézkedésekről.	In participatory processes, citizens are offered the opportunity to participate in the drafting and modification of regulations that affect the society and to give their opinion on certain actions that are planned to be carried out
settings.yml	settings.html.per_page_code_head	Minden oldalon feltüntetendő kód (<head>)	Minden oldalon fel kell tüntetni a kódot (<head>)	Code to be included on every page (<head>)
settings.yml	settings.html.per_page_code_head_description	Ez a kód megjelenik belül a <head> címke. Hasznos az egyedi forgatókönyvek, analitika...	Ez a kód az <head> címkén belül fog megjelenni. Hasznos egyéni szkriptek beviteléhez, elemzésekhez...	This code will appear inside the <head> label. Useful for entering custom scripts, analytics...
settings.yml	settings.html.per_page_code_body	Minden oldalon feltüntetendő kód (<body>)	Minden oldalon fel kell tüntetni a kódot (<body>)	Code to be included on every page (<body>)
settings.yml	settings.html.per_page_code_body_description	Ez a kód megjelenik belül a <body> címke. Hasznos az egyedi forgatókönyvek, analitika...	Ez a kód az <body> címkén belül fog megjelenni. Hasznos egyéni szkriptek beviteléhez, elemzésekhez...	This code will appear inside the <body> label. Useful for entering custom scripts, analytics...
settings.yml	settings.uploads.images.min_width	A kép legkisebb szélessége	A kép minimális szélessége	Image minimum width
settings.yml	settings.uploads.images.min_height	A kép legkisebb magassága	A kép minimális magassága	Image minimum height
settings.yml	settings.uploads.images.min_height_description	A feltöltött kép legkisebb magassága (pixelben)	A feltöltött kép minimális megengedett magassága (pixelben)	Minimum height allowed for an uploaded image (in pixels)
settings.yml	settings.uploads.images.max_size	A kép maximális mérete	Kép maximális mérete	Image maximum size
settings.yml	settings.uploads.images.max_size_description	Feltöltött kép maximális mérete (Megabytes / MB-ben)	A feltöltött kép maximális mérete (megabájt/MB-ban)	Maximum size allowed for an uploaded image (in Megabytes/MB)
settings.yml	settings.uploads.images.content_types	Elfogadott tartalomtípusok képekhez	Elfogadott tartalomtípusok a képekhez	Accepted content types for images
settings.yml	settings.uploads.images.title.min_length	A kép címe minimális hossza	A kép címének minimális hossza	Image title minimum length
settings.yml	settings.uploads.images.title.max_length	A kép címe maximális hossza	A kép címének maximális hossza	Image title maximum length
settings.yml	settings.uploads.documents.max_amount	A dokumentumok maximális száma	Dokumentumok maximális száma	Maximum number of documents
settings.yml	settings.uploads.documents.max_amount_description	A javaslathoz csatolható dokumentumok maximális száma, beruházás...	Javaslathoz, beruházáshoz csatolható dokumentumok maximális száma...	Maximum number of documents that can be attached to a proposal, investment...
settings.yml	settings.uploads.documents.max_size_description	Feltöltött dokumentum maximális mérete (Megabytes / MB-ben)	A feltöltött dokumentum maximális mérete (megabájt/MB-ban)	Maximum size allowed for an uploaded document (in Megabytes/MB)
settings.yml	settings.uploads.documents.content_types	A dokumentumok elfogadott tartalomtípusai	A dokumentumokhoz elfogadott tartalomtípusok	Accepted content types for documents
settings.yml	settings.sdg.process.debates	Kapcsolódó fenntartható fejlesztési célok a viták során	Kapcsolódó SDG a vitákban	Related SDG in debates
settings.yml	settings.sdg.process.debates_description	A viták összekapcsolása a fenntartható fejlesztési célokkal	Engedélyezze a viták összekapcsolását a Fenntartható Fejlődési Célokkal	Allow debates to be linked to Sustainable Development Goals
settings.yml	settings.sdg.process.proposals	A kapcsolódó fenntartható fejlesztési célok a javaslatokban	Kapcsolódó SDG a javaslatokban	Related SDG in proposals
settings.yml	settings.sdg.process.proposals_description	A javaslatok összekapcsolása a fenntartható fejlesztési célokkal	Engedélyezze a javaslatok Fenntartható Fejlődési Célokhoz kapcsolódását	Allow proposals to be linked to Sustainable Development Goals
settings.yml	settings.sdg.process.polls	Kapcsolódó fenntartható fejlesztési célok a felmérések során	Kapcsolódó SDG a szavazásokban	Related SDG in polls
settings.yml	settings.sdg.process.polls_description	A közvélemény-kutatások összekapcsolása a fenntartható fejlesztési célokkal	Engedélyezze a szavazások összekapcsolását a Fenntartható Fejlődési Célokkal	Allow polls to be linked to Sustainable Development Goals
settings.yml	settings.sdg.process.budgets	Kapcsolódó fenntartható fejlesztési célok a részleges költségvetésekben	Kapcsolódó SDG a közösségi költségvetésekben	Related SDG in partipatory budgets
settings.yml	settings.sdg.process.budgets_description	Lehetővé kell tenni a részvételi költségvetések összekapcsolását a fenntartható fejlesztési célokkal	Engedélyezze a közösségi költségvetések fenntartható fejlődési célokkal való összekapcsolását	Allow participatory budgets to be linked to Sustainable Development Goals
settings.yml	settings.sdg.process.legislation	Kapcsolódó fenntartható fejlesztési célok az együttműködési jogszabályokban	Kapcsolódó SDG az együttműködési jogalkotásban	Related SDG in collaborative legislation
settings.yml	settings.sdg.process.legislation_description	Lehetővé kell tenni az együttműködési jogszabályok összekapcsolását a fenntartható fejlesztési célokkal	Engedélyezze, hogy az együttműködésen alapuló jogszabályok kapcsolódjanak a fenntartható fejlődési célokhoz	Allow collaborative legislation to be linked to Sustainable Development Goals
settings.yml	settings.cookies_consent.more_info_link	A sütikre vonatkozó politika linkje	Link a cookie-kra vonatkozó szabályzathoz	Link to cookies policy
settings.yml	settings.cookies_consent.more_info_link_description	Link látható a hozzájárulás banner a cookie politika oldalon.	A hozzájárulási szalaghirdetésben látható link a cookie-kra vonatkozó szabályzat oldalára.	Link shown in the consent banner to the cookie policy page.
settings.yml	settings.cookies_consent.version_name_description	Változtassa meg a verziónevet, hogy rákényszerítse az összes felhasználót, hogy újra végigmenjen a cookie hozzájárulási eljáráson. Ez a funkció hasznos lehet, amikor drasztikus cookie-politikai változtatásokat vezet be, amelyek új felhasználói elismerést igényelnek.	Módosítsa a verzió nevét, hogy az összes felhasználót ismét át kelljen mennie a cookie-k beleegyezési folyamatán. Ez a funkció hasznos lehet, ha olyan drasztikus változtatásokat vezet be a cookie-kra vonatkozó szabályzatban, amelyek új felhasználói jóváhagyást igényelnek.	Change the version name to force all users to go through the cookie consent process again. This feature can be handy when introducing drastic cookie policy changes requiring a new user acknowledgement.
settings.yml	settings.llm.provider	LLM-szolgáltató	LLM szolgáltató	LLM Provider
settings.yml	settings.llm.provider_description	A szolgáltatók mindaddig ki lesznek tiltva, amíg a megbízólevelek be nem kerülnek a titkokba.	A szolgáltatók mindaddig le lesznek tiltva, amíg a hitelesítési adatokat nem konfigurálják a secrets.yml fájlban.	Providers will be disabled until credentials are configured in the secrets.yml.
settings.yml	settings.llm.use_llm_for_translations	Tartalomfordítás	Tartalom fordítása	Content Translation
settings.yml	settings.llm.use_llm_for_translations_description	Használd az LLM-et tartalmi fordításokhoz, és elsőbbséget élvezz a Microsoft fordítási szolgáltatásaival szemben.	Használja az LLM-et a tartalomfordításokhoz, és élvezze az elsőbbséget a Microsoft fordítói szolgáltatásaival szemben.	Use LLM for content translations and take precedence over Microsoft translation services.
settings.yml	settings.llm.model	Minta	Modell	Model
settings.yml	settings.llm.model_description	Az LLM modell.	A használható LLM modell.	The LLM model to use.
settings.yml	settings.llm.use_ai_image_suggestions	A képre vonatkozó javaslatok	AI képjavaslatok	AI Image Suggestions
settings.yml	settings.llm.use_ai_image_suggestions_description	Lehetővé teszi a felhasználók számára, hogy az MI-t a Pexels képeinek feltöltése helyett használják.	Engedélyezze a felhasználóknak, hogy a sajátjuk feltöltése helyett a mesterséges intelligencia segítségével javasoljanak képeket a Pexelsről.	Allow users to use AI for suggesting images from Pexels, instead of uploading their own.
admin.yml	admin.header.title	Alkalmazás	Adminisztráció	Administration
admin.yml	admin.actions.actions	Intézkedések	Akciók	Actions
admin.yml	admin.actions.block_author	Block szerző	Szerző letiltása	Block author
admin.yml	admin.actions.confirm_action	"Biztos?%{action}""%{name}"""	"Biztos vagy benne? %{action} ""%{name}"""	"Are you sure? %{action} ""%{name}"""
admin.yml	admin.actions.confirm_delete	"Biztos? Ez a művelet törli ""%{name}""és nem lehet visszacsinálni."	Biztos vagy benne? Ez a művelet törli a „%{name}” elemet, és nem vonható vissza.	"Are you sure? This action will delete ""%{name}"" and can't be undone."
admin.yml	admin.actions.confirm_hide	A mérséklés megerősítése	Erősítse meg a moderálást	Confirm moderation
admin.yml	admin.actions.delete	Törlés	Töröl	Delete
admin.yml	admin.actions.hide	Elrejtés	Elrejt	Hide
admin.yml	admin.actions.label	%{action}%{name}	%{action} %{name}	%{action} %{name}
admin.yml	admin.actions.unmark_featured	Jelöletlen	Kiemelt jelölés törlése	Unmark featured
admin.yml	admin.actions.configure	Beállítás	Konfigurálás	Configure
admin.yml	admin.actions.select	Kijelölés	Válassza ki	Select
admin.yml	admin.actions.show_to_valuators	Megjelenítés%{name}az értékelőknek	Az %{name} megjelenítése az értékelőknek	Show %{name} to valuators
admin.yml	admin.officing_booth.title	A bódéban dolgozik.%{booth}Ha ez nem helyes, ne folytassa és hívja a telefonszámot. Köszönöm.	Ön az %{booth} helyen található standot képviseli. Ha ez nem helyes, ne folytassa, és hívja a súgó telefonszámát. Köszönöm.	You are officing the booth located at %{booth}. If this is not correct, do not continue and call the help phone number. Thank you.
admin.yml	admin.banners.index.filters.all	Valamennyi	Minden	All
admin.yml	admin.banners.banner.sections_label	Szakasz, ahol megjelenik	szakaszok, ahol megjelenik	Sections where it will appear
admin.yml	admin.banners.banner.sections.homepage	Honlap	Kezdőlap	Homepage
admin.yml	admin.banners.banner.sections.budgets	Közösségi költségvetés	közösségi költségvetés	Participatory budgeting
admin.yml	admin.banners.create.notice	A Banner sikeresen létrehozva	A szalaghirdetés sikeresen létrehozva	Banner created successfully
admin.yml	admin.banners.destroy.notice	Banner törölve sikeresen	A szalaghirdetés sikeresen törölve	Banner deleted successfully
admin.yml	admin.banners.edit.editing	A banner szerkesztése	Szalaghirdetés szerkesztése	Edit banner
admin.yml	admin.banners.edit.form.submit_button	Változások mentése	Módosítások mentése	Save changes
admin.yml	admin.banners.update.notice	Banner frissítve sikeresen	A szalaghirdetés sikeresen frissítve	Banner updated successfully
admin.yml	admin.activity.show.action	Intézkedés	Akció	Action
admin.yml	admin.activity.show.actions.block	Blokkolt	Zárolt	Blocked
admin.yml	admin.activity.show.by	Mérsékelt	Moderálta	Moderated by
admin.yml	admin.activity.show.filter	Megjelenítés	Megmutat	Show
admin.yml	admin.activity.show.filters.all	Valamennyi	Minden	All
admin.yml	admin.activity.show.filters.on_system_emails	Rendszere- mailek	Rendszer e-mailek	System emails
admin.yml	admin.activity.show.title	Moderátor tevékenység	Moderátori tevékenység	Moderator activity
admin.yml	admin.activity.show.type	Típus	Írja be	Type
admin.yml	admin.activity.show.no_activity	Nincsenek moderátorok.	Nincs moderátor tevékenység.	There are no moderators activity.
admin.yml	admin.budgets.actions.ballots	Fejlécek létrehozása	Hozzon létre standokat	Create booths
admin.yml	admin.budgets.actions.confirm.ballots	Biztos? Ez az intézkedés csak akkor szükséges, ha a végső szavazási szakaszban fizikai fülkéket használ. A polgárok fizikai fülkékkel vagy anélkül is szavazhatnak a weben.	Biztos vagy benne? Ez a művelet csak akkor szükséges, ha fizikai fülkéket fog használni a szavazás utolsó szakaszában. A polgárok továbbra is szavazhatnak az interneten keresztül, fizikai fülkével vagy anélkül.	Are you sure? This action is only necessary if you're going to use physical booths during the final voting phase. Citizens will still be able to vote via web with or without physical booths.
admin.yml	admin.budgets.actions.confirm.destroy	Biztos? Ez törli a költségvetést, valamint az összes kapcsolódó csoportot és fejezetet. Ezt az intézkedést nem lehet visszavonni.	Biztos vagy benne? Ezzel törli a költségvetést és az összes kapcsolódó csoportot és címsort. Ez a művelet nem vonható vissza.	Are you sure? This will delete the budget and all its associated groups and headings. This action cannot be undone.
admin.yml	admin.budgets.actions.descriptions.ballots	Ez lehetővé teszi a fizikai szavazatok lebonyolítását. Csak akkor használja ezt az opciót, ha fizikai fülkéket használ a szavazatok összegyűjtésére a végső szavazási szakaszban.	Ez lehetővé teszi a fizikai szavazólapok kezelését. Csak akkor használja ezt a lehetőséget, ha fizikai fülkéket fog használni a szavazólapok gyűjtésére az utolsó szavazási szakaszban.	This will let you manage physical ballots. Only use this option if you're going to use physical booths to collect ballots during the final voting phase.
admin.yml	admin.budgets.actions.descriptions.calculate_winners	"Az eredmények kiszámítása után csak az adminisztrátorok férhetnek hozzá. Nyilvánosak lesznek, amikor a projekt eléri a ""%{phase}""fázis<strong>ha az ""eredmények megjelenítése"" opció be van kapcsolva</strong>a költségvetés szerkesztésekor."	Az eredmények kiszámítása után csak a rendszergazdák férhetnek hozzá. Nyilvánosak lesznek, amikor a projekt eléri az „%{phase}” fázist <strong>, ha a költségvetés szerkesztésekor az „Eredmények megjelenítése” opció engedélyezve van </strong>.	"After calculating the results, only administrators will be able to access them. They will be public when the project reaches the ""%{phase}"" phase <strong>if the option ""Show results"" is enabled</strong> when editing the budget."
admin.yml	admin.budgets.actions.descriptions.destroy	Ez törli a költségvetést, valamint az összes kapcsolódó csoportot és fejezetet. Ezt az intézkedést nem lehet visszavonni.	Ezzel törli a költségvetést és az összes kapcsolódó csoportot és címsort. Ez a művelet nem vonható vissza.	This will delete the budget and all its associated groups and headings. This action cannot be undone.
admin.yml	admin.budgets.actions.edit	A költségvetés módosítása	Költségkeret szerkesztése	Edit budget
admin.yml	admin.budgets.actions.preview_results	Előzetes eredmények	Az eredmények előnézete	Preview results
admin.yml	admin.budgets.index.title	Közösségi költségvetések	közösségi költségvetések	Participatory budgets
admin.yml	admin.budgets.index.new_link	Új költségvetés létrehozása	Hozzon létre új költségvetést	Create new budget
admin.yml	admin.budgets.index.filters.all	Valamennyi	Minden	All
admin.yml	admin.budgets.index.filters.open	Megnyitás	Nyitott	Open
admin.yml	admin.budgets.index.filters.finished	Befejezve	Befejezett	Finished
admin.yml	admin.budgets.index.table_budget_type	Típus	Írja be	Type
admin.yml	admin.budgets.index.table_draft	Táblázat	Piszkozat	Draft
admin.yml	admin.budgets.index.type_multiple	Több vámtarifaszám alá tartozó anyagok	Több címsor	Multiple headings
admin.yml	admin.budgets.index.type_pending	Függőben: még nincsenek címek	Függőben: még nincsenek címsorok	Pending: No headings yet
admin.yml	admin.budgets.index.type_single	Egy címsor	Egyetlen címsor	Single heading
admin.yml	admin.budgets.index.admin_ballots	Ballotok	Szavazócédulák	Ballots
admin.yml	admin.budgets.create.notice	Sikeresen létrehozott új részvételi költségvetés!	Az új közösségi költségvetés sikeresen elkészült!	New participatory budget created successfully!
admin.yml	admin.budgets.update.notice	A részvételi költségvetést sikeresen frissítették	A részvételi költségkeret sikeresen frissítve	Participatory budget updated successfully
admin.yml	admin.budgets.publish.notice	Sikeresen közzétett részvételi költségvetés	A közösségi költségvetés sikeresen közzététele	Participatory budget published successfully
admin.yml	admin.budgets.edit.title	Részvételi költségvetés szerkesztése	Szerkesztés közösségi költségvetés	Edit Participatory budget
admin.yml	admin.budgets.edit.drafting	Ez a részvételi költségvetés a tervezet módban van, csak az adminisztrátorok láthatják a nyilvános oldalon. Ha egyszer kiadják, nem lehet újra átváltani.	Ez a közösségi költségvetés tervezet módban van, csak a rendszergazdák láthatják a nyilvános oldalon. A közzététel után nem lehet újra vázlat módba váltani.	This participatory budget is in draft mode, only administrators can see it in the public site. Once it's published it cannot be changed to draft mode again.
admin.yml	admin.budgets.edit.publish	Közzététel	Költségkeret közzététele	Publish budget
admin.yml	admin.budgets.edit.delete	A költségvetés törlése	Költségkeret törlése	Delete budget
admin.yml	admin.budgets.edit.phases_table_help_text	E szakaszok konfigurációját csak tájékoztatási célokra használják. Feladata, hogy meghatározza a részvételi költségvetés nyilvános oldalán megjelenő fázisinformációkat.	Ezen fázisok konfigurációja csak tájékoztatási célokat szolgál. Feladata a közösségi költségvetés nyilvános oldalán megjelenő fázisinformációk meghatározása.	The configuration of these phases is used for information purposes only. Its function is to define the phases information displayed on the public page of the participatory budget.
admin.yml	admin.budgets.edit.actions	Intézkedések	Akciók	Actions
admin.yml	admin.budgets.edit.enable_phase	Beállítás%{phase}fázis	Engedélyezze az %{phase} fázist	Enable %{phase} phase
admin.yml	admin.budgets.edit.administrators.zero	Rendszergazdák kiválasztása	Válassza ki a rendszergazdákat	Select administrators
admin.yml	admin.budgets.edit.administrators.one	1 kijelölt rendszergazda	1 rendszergazda kiválasztva	1 administrator selected
admin.yml	admin.budgets.edit.administrators.other	%{count}Kiválasztott rendszergazdák	%{count} rendszergazdák kiválasztva	%{count} administrators selected
admin.yml	admin.budgets.edit.valuators.zero	Értékelők kiválasztása	Válassza ki az értékelőket	Select valuators
admin.yml	admin.budgets.edit.valuators.one	1 kijelölt értékelő	1 értékbecslő kiválasztva	1 valuator selected
admin.yml	admin.budgets.edit.valuators.other	%{count}Kiválasztott értékbecslők	%{count} értékelők kiválasztva	%{count} valuators selected
admin.yml	admin.budgets.edit.empty_administrators	Nincsenek adminisztrátorok.	Nincsenek rendszergazdák	There are no administrators
admin.yml	admin.budgets.edit.empty_valuators	Nincsenek értékelők.	Nincsenek értékelők	There are no valuators
admin.yml	admin.budgets.edit.name_description	Ez a név a részvételi költségvetés használt fejléc és a kártyák, amikor aktív	Ez a fejlécen és a kártyákon használt közösségi költségvetés neve, amikor az aktív	This is the name of the participatory budget used on the header and cards whenever it is active
admin.yml	admin.budgets.edit.image_description	Ha feltöltenek egy képet, akkor azt a részvételi költségvetés tetején lévő bannerként fogják használni, máskülönben a költségvetés alapértelmezett színét fogják használni.	Ha egy képet feltöltenek, az szalaghirdetésként jelenik meg a közösségi költségvetésen felül, ellenkező esetben a költségvetések alapértelmezett színe lesz használatos.	If an image is uploaded it will be used as the banner on top of this participatory budget, otherwise the default color for budgets will be used.
admin.yml	admin.budgets.edit.main_call_to_action	A cselekvésre vonatkozó fő felhívás (nem kötelező)	Fő cselekvésre ösztönzés (nem kötelező)	Main call to action (optional)
admin.yml	admin.budgets.edit.main_call_to_action_description	Ez a link jelenik meg a fő banner a részvételi költségvetés, és arra ösztönzi a felhasználót, hogy hajtson végre egy konkrét intézkedést, mint egy javaslatot, szavaznak a már meglévők, vagy többet megtudni a folyamatot.	Ez a link a közösségi költségvetés fő szalaghirdetésén fog megjelenni, és arra ösztönzi a felhasználót, hogy hajtson végre egy konkrét műveletet, például hozzon létre egy javaslatot, szavazzon a meglévőkre, vagy tudjon meg többet a folyamatról.	This link will appear on main banner of this participatory budget and encourages your user to perform a specific action like creating a proposal, voting for existing ones, or learn more about the process.
admin.yml	admin.budgets.edit.info.budget_settings	Általános részvételi költségvetési beállítások	Általános közösségi költségvetési beállítások	General participatory budget settings
admin.yml	admin.budgets.edit.info.staff_settings	A költségvetéshez rendelt igazgatók és értékbecslők	A költségvetéshez rendelt adminisztrátorok és értékelők	Administrators and Valuators assigned to the budget
admin.yml	admin.budgets.edit.hide_money	A pénz elrejtése	Rejtsd el a pénzt	Hide money
admin.yml	admin.budgets.edit.hide_money_help_text	Ha ez az opció be van jelölve, a pénz összegét mutató összes mező a folyamat egészében rejtve marad.	Ha ez az opció be van jelölve, akkor a pénzösszeget mutató összes mező el lesz rejtve a folyamat során.	If this option is checked, all fields showing the amount of money will be hidden throughout the process.
admin.yml	admin.budgets.destroy.success_notice	A költségvetést sikeresen törölték	A költségkeret sikeresen törölve	Budget deleted successfully
admin.yml	admin.budgets.destroy.unable_notice	Nem lehet törölni egy olyan költségvetést, amely kapcsolódó beruházásokat	Nem törölhet olyan költségvetést, amelyhez befektetések tartoznak	You cannot delete a budget that has associated investments
admin.yml	admin.budgets.destroy.unable_notice_polls	Nem törölhető a költségvetés, amely egy kapcsolódó közvélemény-kutatás	Nem törölhet olyan költségkeretet, amelyhez tartozik szavazás	You cannot delete a budget that has an associated poll
admin.yml	admin.budgets.new.title_multiple	Új, többtagú költségvetés	Új többsoros költségvetés	New multiple headings budget
admin.yml	admin.budgets.new.title_single	Új, egységes költségvetési tétel	Új egyetlen rovatú költségvetés	New single heading budget
admin.yml	admin.budgets.help.budgets	A részvételi költségvetések lehetővé teszik a polgárok számára, hogy javaslatokat tegyenek és közvetlenül döntsenek arról, hogyan költsék el a költségvetés egy részét, figyelemmel kísérve és szigorúan értékelve a javaslatokat.	A közösségi költségvetés lehetővé teszi a polgárok számára, hogy közvetlenül javaslatot tegyenek és döntsenek arról, hogyan költsék el a költségvetés egy részét, a javaslatok intézmény általi nyomon követésével és szigorú értékelésével.	Participatory budgets allow citizens to propose and decide directly how to spend part of the budget, with monitoring and rigorous evaluation of proposals by the institution.
admin.yml	admin.budgets.help.groups.multiple	A csoportoknak meg kell szervezniük a címeket. Miután létrehoztak egy csoportot, és tartalmaz fejezeteket, lehetséges meghatározni, hogy hány címben szavazhat egy felhasználó csoportonként.	A csoportok célja a címsorok rendszerezése. Miután létrejött egy csoport, amely címsorokat tartalmaz, meg lehet határozni, hogy egy felhasználó hány címsorra szavazhat csoportonként.	Groups are meant to organize headings. After a group is created and it contains headings, it's possible to determine in how many headings a user can vote per group.
admin.yml	admin.budgets.help.groups.single	A csoportok célja a címek megszervezése, mivel ez a költségvetés csak egy fejezetet tartalmaz, ugyanazt a nevet lehet használni, mert nem jelenik meg sehol. Folytathatod a következő lépést.	A csoportok címsorok rendezésére szolgálnak, mivel ez a költségvetés csak egy címsort tartalmaz, ugyanaz a név használható, mert nem jelenik meg sehol. Csak folytathatja a következő lépéssel.	Groups are meant to organize headings, since this budget will only contain one heading, the same name can be used because it will not appear anywhere. You can just continue with the next step.
admin.yml	admin.budgets.help.headings.multiple	A címek a részvételi költségvetés pénzének megosztására szolgálnak. Itt lehet hozzáadni a címeket ehhez a csoporthoz, és hozzárendelni az összeget, hogy fogják használni az egyes címeket.	A rovatok célja a közösségi költségvetés pénzének felosztása. Itt adhat hozzá címsorokat ehhez a csoporthoz, és rendelheti hozzá az egyes címsorokhoz felhasználandó pénzösszeget.	Headings are meant to divide the money of the participatory budget. Here you can add headings for this group and assign the amount of money that will be used for each heading.
admin.yml	admin.budgets.help.headings.single	A címek a részvételi költségvetés pénzének megosztására szolgálnak. Mivel ez a költségvetés csak egy fejezetet fog tartalmazni, ez az a hely, ahol megszilárdítják azt a pénzt, amit erre a részrehajló költségvetésre költenek.	A rovatok célja a közösségi költségvetés pénzének felosztása. Mivel ez a költségvetés csak egy rovatot fog tartalmazni, ez az a hely, ahol Ön rögzíti a közösségi költségvetésben elköltendő pénzt.	Headings are meant to divide the money of the participatory budget. Since this budget will only contain one heading, this is the place where you stablish the money that will be spent in this participaroty budget.
admin.yml	admin.budgets.help.phases	A részvételi költségvetésnek különböző fázisai vannak. Itt engedélyezheti vagy letilthatja a fázisokat, és testreszabhatja az egyes fázisokat. E szakaszok konfigurációja csak tájékoztató célokra szolgál, és a részvételi költségvetés nyilvános oldalán jelenik meg.	A közösségi költségvetésnek különböző fázisai vannak. Itt engedélyezheti vagy letilthatja a fázisokat, és testreszabhatja az egyes fázisokat. Ezen fázisok konfigurációja csak tájékoztatási célokat szolgál, és a közösségi költségvetés nyilvános oldalán jelenik meg.	Participatory budgets have different phases. Here you can enable or disable phases and also customize each individual phase. The configuration of these phases is used for information purposes only and will be displayed on the public page of the participatory budget.
admin.yml	admin.budgets.show.add_group	Csoport hozzáadása	Csoport hozzáadása lehetőségre	Add group
admin.yml	admin.budgets.show.groups_and_headings	Címcsoportok	Címsor csoportok	Heading groups
admin.yml	admin.budgets.show.headings_caption	Fejezet:%{group}	Címsorok az %{group}-ben	Headings in %{group}
admin.yml	admin.budgets.winners.calculate	A nyertes befektetések kiszámítása	Számolja ki a nyertes befektetéseit	Calculate Winner Investments
admin.yml	admin.budgets.winners.calculated	A győztesek számításai eltarthat egy percig.	A nyertesek kiszámítása egy percig is eltarthat.	Winners being calculated, it may take a minute.
admin.yml	admin.budgets.winners.recalculate	A nyertes befektetések újraszámítása	Számolja újra a nyertes befektetéseit	Recalculate Winner Investments
admin.yml	admin.budgets.ballots.feature_disabled	"A funkció<strong>Jelentések</strong>lehetővé kell tenni fülkék létrehozását. Engedélyezheti a<a href=""%{link}"">Beállítások</a>oldal."	"Az <strong>Polls</strong> szolgáltatást engedélyezni kell a fülkék létrehozásához. Az <a href=""%{link}"">beállítások konfigurációs</a> oldalán engedélyezheti."	"The feature <strong>Polls</strong> must be enabled to create booths. You can enable it from the <a href=""%{link}"">settings configuration</a> page."
admin.yml	admin.budget_groups.headings_name	Fejezet	Címsorok	Headings
admin.yml	admin.budget_groups.headings_manage	Fejezet	Címsorok	Headings
admin.yml	admin.budget_groups.amount.one	Van 1 csoport	1 csoport van	There is 1 group
admin.yml	admin.budget_groups.amount.other	Vannak%{count}csoportok	Vannak %{count} csoportok	There are %{count} groups
admin.yml	admin.budget_groups.create.notice	A csoport sikeresen létrehozta!	Csoport sikeresen létrehozva!	Group created successfully!
admin.yml	admin.budget_groups.update.notice	A csoport frissítése	A csoport sikeresen frissítve	Group updated successfully
admin.yml	admin.budget_groups.destroy.success_notice	A csoport törlése	A csoport sikeresen törölve	Group deleted successfully
admin.yml	admin.budget_groups.destroy.unable_notice	Nem törölhet egy olyan Csoportot, amely társított címeket tartalmaz	Nem törölhet olyan csoportot, amelyhez társított címsorok tartoznak	You cannot delete a Group that has associated headings
admin.yml	admin.budget_groups.form.edit	A csoport szerkesztése	Csoport szerkesztése	Edit group
admin.yml	admin.budget_groups.form.max_votable_headings_info	Csak a kiválasztott projektek szakaszára vonatkozik. A szavazási projektek során a felhasználók csoportonként csak egy fejezetben szavazhatnak.	Csak a projektkiválasztási szakaszra vonatkozik. A szavazási projektek szakaszában a felhasználók csoportonként csak egy rovatban szavazhatnak.	Only applies to the selecting projects phase. During the voting projects phase users can only vote in one heading per group.
admin.yml	admin.budget_groups.form.submit	A csoport mentése	Csoport mentése	Save group
admin.yml	admin.budget_headings.no_headings	A<strong>%{group}</strong>csoport.	Nincsenek címsorok az <strong>%{group}</strong> csoportban.	There are no headings in the <strong>%{group}</strong> group.
admin.yml	admin.budget_headings.create.notice	Az irány sikeresen létrehozva!	A címsor sikeresen létrehozva!	Heading created successfully!
admin.yml	admin.budget_headings.update.notice	A cím frissítése sikeresen	A címsor sikeresen frissítve	Heading updated successfully
admin.yml	admin.budget_headings.destroy.success_notice	A cím törlése sikeresen	A címsor sikeresen törölve	Heading deleted successfully
admin.yml	admin.budget_headings.destroy.unable_notice	Nem lehet törölni egy olyan fejezetet, amely kapcsolódó beruházások	Nem törölhet olyan címsort, amelyhez befektetések tartoznak	You cannot delete a Heading that has associated investments
admin.yml	admin.budget_headings.form.geozone_info	Amikor egy fejezet egy geozonhoz kapcsolódik, a geozone megjelenik a költségvetés térképén, ha a geozoné GeoJSON adatok.	Ha egy fejléc geozónához van társítva, a geozóna megjelenik a költségvetés térképén, ha a geozóna GeoJSON-adatokat tartalmaz.	When a heading is associated with a geozone, the geozone will appear on this budget's map if the geozone includes GeoJSON data.
admin.yml	admin.budget_headings.form.max_ballot_lines_info	"A ""Szavazási projektek"" szakaszában a felhasználók e címről szavazhatnak. Csak a jóváhagyással szavazó költségvetések esetében."	Azon projektek maximális száma, amelyekről egy felhasználó szavazhat ezen a címen a „Projektszavazás” szakaszban. Csak a jóváhagyási szavazást használó költségvetéseknél.	"Maximum number of projects a user can vote on this heading during the ""Voting projects"" phase. Only for budgets using approval voting."
admin.yml	admin.budget_headings.form.population_info	A költségvetési fejezet népességi mezőjét a költségvetés végén, a népességen alapuló terület minden egyes fejezetére vonatkozóan, a szavazatok százalékos arányát feltüntetve használják fel. A mező opcionális, így üresen hagyhatja, ha nem alkalmazható.	A Költségvetési rovat népességmezője statisztikai célokat szolgál a Költségvetés végén, hogy minden olyan rovathoz mutasson, amely egy népességű területet képvisel, hány százalék szavazott. A mező kitöltése nem kötelező, így üresen hagyhatja, ha nem érvényes.	Budget Heading population field is used for Statistic purposes at the end of the Budget to show for each Heading that represents an area with population what percentage voted. The field is optional so you can leave it empty if it doesn't apply.
admin.yml	admin.budget_headings.form.coordinates_info	Ha szélességi és hosszúsági fok van megadva, az e címhez tartozó beruházási oldal egy térképet is tartalmaz. Ezt a térképet ezekkel a koordinátákkal fogjuk központozni.	Ha megadja a szélességi és hosszúsági fokokat, az ehhez a fejezethez tartozó befektetések oldala tartalmazni fog egy térképet. Ez a térkép ezeknek a koordinátáknak a segítségével lesz középre állítva.	If latitude and longitude are provided, the investments page for this heading will include a map. This map will be centered using those coordinates.
admin.yml	admin.budget_headings.form.content_blocks_info	Ha a tartalomblokk be van jelölve, akkor az ehhez a címhez tartozó egyedi tartalmakat a Weboldal tartalma > Egyedi tartalomblokkok. Ez a tartalom megjelenik a befektetési oldalon ebben a fejezetben.	Ha a tartalomblokk engedélyezése be van jelölve, akkor a Webhelytartalom > Egyéni tartalomblokkok szakaszból egyéni tartalmat hozhat létre ehhez a címsorhoz. Ez a tartalom megjelenik az ehhez a rovathoz tartozó befektetések oldalán.	If allow content block is checked, you will be able to create custom content related to this heading from the section Site content > Custom content blocks. This content will appear on the investments page for this heading.
admin.yml	admin.budget_headings.form.create	Új cím létrehozása	Új címsor létrehozása	Create new heading
admin.yml	admin.budget_headings.form.submit	Fejezet mentése	Címsor mentése	Save heading
admin.yml	admin.budget_headings.group_switcher.currently_showing	Fejlécek megjelenítése a<strong>%{group}</strong>csoport.	Az <strong>%{group}</strong> csoport fejléceinek megjelenítése.	Showing headings from the <strong>%{group}</strong> group.
admin.yml	admin.budget_headings.group_switcher.the_other_group	Kezelési címek a%{group}csoport.	Címsorok kezelése az %{group} csoportból.	Manage headings from the %{group} group.
admin.yml	admin.budget_headings.index.back	Menj vissza a csoportokba.	Menjen vissza a csoportokhoz	Go back to groups
admin.yml	admin.budget_headings.index.new_button	Új cím hozzáadása	Új címsor hozzáadása	Add new heading
admin.yml	admin.budget_headings.index.title	%{budget}/%{group}vámtarifaszámok	%{budget} / %{group} címsorok	%{budget} / %{group} headings
admin.yml	admin.budget_phases.edit.title	A fázis szerkesztése	Szerkesztési fázis	Edit phase
admin.yml	admin.budget_phases.edit.dates_help_text	Kizárólag tájékoztatási célokra	Csak tájékoztató jellegűek	For information purposes only
admin.yml	admin.budget_phases.edit.description_help_text	Ez a szöveg akkor jelenik meg a fejlécben, amikor a fázis aktív	Ez a szöveg jelenik meg a fejlécben, amikor a fázis aktív	This text will appear in the header when the phase is active
admin.yml	admin.budget_phases.edit.duration_description	Ezeket a mezőket csak tájékoztatási célokra használják, és<strong>nem aktiválja az aktív fázis automatikus frissítését.</strong>Frissítéséhez szerkesztse a költségvetést és válassza ki az aktív szakaszt.	Ezek a mezők csak tájékoztató jellegűek, és <strong>nem váltják ki az aktív fázis automatikus frissítését.</strong> A frissítéshez módosítsa a költségvetést és válassza ki az aktív fázist.	These fields are used for information purposes only and <strong>do not trigger an automatic update of the active phase.</strong> In order to update it, edit the budget and select the active phase.
admin.yml	admin.budget_phases.edit.enabled_help_text	Ez a szakasz nyilvános lesz a költségvetés szakaszainak ütemezésében.	Ez a szakasz nyilvános lesz a költségvetés fázisainak ütemtervében.	This phase will be public in the budget's phases timeline.
admin.yml	admin.budget_phases.edit.image_description	Ha egy kép feltöltésre kerül, akkor a szakasz leírása mellett jelenik meg.	Ha feltöltött egy képet, az megjelenik a fázis leírása mellett.	If an image is uploaded it will be displayed next to the description of this phase.
admin.yml	admin.budget_phases.edit.main_call_to_action	A cselekvésre vonatkozó fő felhívás (nem kötelező)	Fő cselekvésre ösztönzés (nem kötelező)	Main call to action (optional)
admin.yml	admin.budget_phases.edit.main_call_to_action_description	Ez a link akkor jelenik meg a részvételi költségvetés fő plakátján, amikor ez a szakasz lehetővé válik, és arra ösztönzi a felhasználót, hogy végezzen el egy konkrét intézkedést, például javaslatot, szavazzon a meglévőkre, vagy többet tudjon meg a folyamatról.	Ez a link megjelenik a közösségi költségvetés fő szalaghirdetésén, ha ez a fázis engedélyezve van, és arra ösztönzi a felhasználót, hogy hajtson végre egy konkrét műveletet, például javaslatot hozzon létre, szavazzon a meglévőkre, vagy tudjon meg többet a folyamatról.	This link will appear on main banner of this participatory budget when this phase is enabled and encourages your user to perform a specific action like creating a proposal, voting for existing ones, or learn more about the process.
admin.yml	admin.budget_phases.edit.name_help_text	Ez a címe a fázis felhasználók olvasni a fejléc, amikor ez a szakasz aktív.	Ez a címe annak a fázisnak, amelyet a felhasználók a fejlécben olvasnak, amikor ez a fázis aktív.	This is the title of the phase users will read on the header whenever this phase is active.
admin.yml	admin.budget_phases.edit.save_changes	Változások mentése	Módosítások mentése	Save changes
admin.yml	admin.budget_phases.index.title	%{budget}fázis	%{budget} fázisok	%{budget} phases
admin.yml	admin.budget_investments.index.heading_filter_all	Valamennyi rovat	Minden címsor	All headings
admin.yml	admin.budget_investments.index.administrator_filter_all	Minden tisztviselő	Minden rendszergazda	All administrators
admin.yml	admin.budget_investments.index.valuator_filter_all	Valamennyi értékelő	Minden értékbecslő	All valuators
admin.yml	admin.budget_investments.index.tags_filter_all	Összes címke	Minden címke	All tags
admin.yml	admin.budget_investments.index.filters.all	Valamennyi	Minden	All
admin.yml	admin.budget_investments.index.filters.without_admin	Admin nélkül	Kirendelt adminisztrátor nélkül	Without assigned admin
admin.yml	admin.budget_investments.index.filters.without_valuator	Címzett értékbecslő nélkül	Kijelölt értékbecslő nélkül	Without assigned valuator
admin.yml	admin.budget_investments.index.filters.valuation_finished	Értékelés befejezve	Értékelés befejeződött	Valuation finished
admin.yml	admin.budget_investments.index.filters.undecided	Határozatlan	Eldöntetlen	Undecided
admin.yml	admin.budget_investments.index.filters.unfeasible	Nem megvalósítható	Megvalósíthatatlan	Unfeasible
admin.yml	admin.budget_investments.index.filters.min_total_supports	Minimális tartók	Minimális támogatások	Minimum supports
admin.yml	admin.budget_investments.index.filters.max_total_supports	Maximális tartók	Maximális támasztékok	Maximum supports
admin.yml	admin.budget_investments.index.filters.one_filter	Aktuális alkalmazott szűrők:<b><em>%{filter}</em></b>	Jelenleg alkalmazott szűrők: <b><em>%{filter}</em></b>	Current applied filters: <b><em>%{filter}</em></b>
admin.yml	admin.budget_investments.index.filters.two_filters	Aktuális alkalmazott szűrők:<b><em>%{filter},%{advanced_filters}</em></b>	Jelenleg alkalmazott szűrők: <b><em>%{filter}, %{advanced_filters}</em></b>	Current applied filters: <b><em>%{filter}, %{advanced_filters}</em></b>
admin.yml	admin.budget_investments.index.download_current_selection	Az aktuális kijelölés letöltése	Az aktuális kiválasztás letöltése	Download current selection
admin.yml	admin.budget_investments.index.assigned_admin	Megbízott tisztviselő	Hozzárendelt rendszergazda	Assigned administrator
admin.yml	admin.budget_investments.index.no_admin_assigned	Nincs hozzárendelve admin	Nincs hozzárendelve adminisztrátor	No admin assigned
admin.yml	admin.budget_investments.index.no_valuators_assigned	Nincs hozzárendelt értékelő	Nincs kijelölve értékbecslő	No valuators assigned
admin.yml	admin.budget_investments.index.feasibility.unfeasible	Nem megvalósítható	Megvalósíthatatlan	Unfeasible
admin.yml	admin.budget_investments.index.feasibility.undecided	Határozatlan	Eldöntetlen	Undecided
admin.yml	admin.budget_investments.index.list.id	Azonosító	ID	ID
admin.yml	admin.budget_investments.index.list.supports	Támogatások	Támogatja	Supports
admin.yml	admin.budget_investments.index.list.admin	Felelős	Adminisztrátor	Administrator
admin.yml	admin.budget_investments.index.list.valuator	Értékesítő	Értékbecslő	Valuator
admin.yml	admin.budget_investments.index.list.valuation_group	Értékelési csoport	Értékelési Csoport	Valuation Group
admin.yml	admin.budget_investments.index.list.geozone	Hatály	Működési kör	Scope of operation
admin.yml	admin.budget_investments.index.list.valuation_finished	Értékelés lezárva	Val. Uszony.	Val. Fin.
admin.yml	admin.budget_investments.index.list.visible_to_valuators	Az értékelők megjelenítése	Mutasd meg az értékelőknek	Show to valuators
admin.yml	admin.budget_investments.index.list.incompatible	Nem kompatibilis	Összeegyeztethetetlen	Incompatible
admin.yml	admin.budget_investments.index.cannot_calculate_winners	"A költségvetésnek a szakaszban kell maradnia "".%{phase}""a nyertesek projektjeinek kiszámítására"	A költségvetésnek a „%{phase}” fázisban kell maradnia a nyertes projektek kiszámításához	"The budget has to stay on phase ""%{phase}"" in order to calculate winners projects"
admin.yml	admin.budget_investments.index.milestone_tags_filter_all	Valamennyi mérföldkő-címke	Minden mérföldkő címke	All milestone tags
admin.yml	admin.budget_investments.show.assigned_admin	Megbízott tisztviselő	Hozzárendelt rendszergazda	Assigned administrator
admin.yml	admin.budget_investments.show.assigned_valuators	Címzett értékbecslők	Kijelölt értékbecslő	Assigned valuators
admin.yml	admin.budget_investments.show.classification	Besorolás	Osztályozás	Classification
admin.yml	admin.budget_investments.show.info	%{budget_name}- Csoport:%{group_name}- Befektetési projekt%{id}	%{budget_name} - Csoport: %{group_name} - Beruházási projekt %{id}	%{budget_name} - Group: %{group_name} - Investment project %{id}
admin.yml	admin.budget_investments.show.edit_classification	Osztályozás szerkesztése	Besorolás szerkesztése	Edit classification
admin.yml	admin.budget_investments.show.by	Készítette	Által	By
admin.yml	admin.budget_investments.show.sent	Elküldött	Küldött	Sent
admin.yml	admin.budget_investments.show.heading	Címsor	Cím	Heading
admin.yml	admin.budget_investments.show.dossier	Gyógyszerész	Dosszié	Dossier
admin.yml	admin.budget_investments.show.edit_dossier	A dokumentáció szerkesztése	A dosszié szerkesztése	Edit dossier
admin.yml	admin.budget_investments.show.undefined	Nem definiált	Undefined	Undefined
admin.yml	admin.budget_investments.show.compatibility.title	Összeegyeztethetőség	Kompatibilitás	Compatibility
admin.yml	admin.budget_investments.show.compatibility.true	Nem kompatibilis	Összeegyeztethetetlen	Incompatible
admin.yml	admin.budget_investments.show.compatibility.false	Kompatibilis	Összeegyeztethető	Compatible
admin.yml	admin.budget_investments.show.winner.true	Igen.	Igen	Yes
admin.yml	admin.budget_investments.show.winner.false	Nem.	Nem	No
admin.yml	admin.budget_investments.show.preview	Befektetési előrejelzés	Befektetési előnézet	Investment preview
admin.yml	admin.budget_investments.edit.classification	Besorolás	Osztályozás	Classification
admin.yml	admin.budget_investments.edit.compatibility	Összeegyeztethetőség	Kompatibilitás	Compatibility
admin.yml	admin.budget_investments.edit.assigned_valuators	Értékesítők	Értékbecslők	Valuators
admin.yml	admin.budget_investments.edit.select_heading	A cím kiválasztása	Válassza ki a címsort	Select heading
admin.yml	admin.budget_investments.edit.user_tags	Felhasználói címkék	Felhasználó által hozzárendelt címkék	User assigned tags
admin.yml	admin.budget_investments.edit.tags_placeholder	A kívánt címkék vesszők szerint (,)	Írja be a kívánt címkéket vesszővel (,) elválasztva	Write the tags you want separated by commas (,)
admin.yml	admin.budget_investments.edit.undefined	Nem definiált	Undefined	Undefined
admin.yml	admin.budgets_wizard.creation_timeline.headings	Fejezet	Címsorok	Headings
admin.yml	admin.budgets_wizard.budgets.continue	Folytatódik a csoportok	Tovább a csoportokhoz	Continue to groups
admin.yml	admin.budgets_wizard.groups.back	Menj vissza a költségvetés szerkesztéséhez	Menjen vissza a költségkeret szerkesztéséhez	Go back to edit budget
admin.yml	admin.budgets_wizard.groups.continue	Folytatás a címekhez	Tovább a címsorokhoz	Continue to headings
admin.yml	admin.budgets_wizard.headings.continue	Folytassuk a fázisokat	Folytassa a fázisokkal	Continue to phases
admin.yml	admin.budgets_wizard.headings.single.back	Menj vissza a szerkesztési csoportba	Menjen vissza a csoport szerkesztéséhez	Go back to edit group
admin.yml	admin.budgets_wizard.heading_mode.multiple.description	"Hozzon létre egy folyamatot több csoport, kerület vagy téma. Van egy csomó pénzed. Például 25 000 euró az ""Északi Körzetért"", 30 000 euró a ""Központi Körzetért"", 28 000 euró a ""Déli Körzetért"" és az egész városért. Vagy több téma, mint a sport, a kultúra vagy az egészség."	"Hozzon létre egy folyamatot több csoporttal, kerülettel vagy témával. Valami több zsák pénzed van. Például 25 000 € az ""Északi kerület"", 30 000 € a ""Center District"", 28 000 € a ""Déli kerület"" és az egész város. Vagy több témához, például sporthoz, kultúrához vagy egészséghez."	"Create a process with multiple groups, districts or topics. You have something like several bags of money. For example, 25,000€ for ""North District"", 30,000€ for ""Center District"", 28,000€ for ""South District"" and the whole city. Or for several themes like sport, culture or health."
admin.yml	admin.budgets_wizard.heading_mode.multiple.link	Többtagú költségvetés létrehozása	Hozzon létre több címsoros költségvetést	Create multiple headings budget
admin.yml	admin.budgets_wizard.heading_mode.multiple.title	<strong>Több vámtarifaszám alá tartozó anyagok</strong>költségvetés	<strong>Több címsor</strong> költségkeret	<strong>Multiple headings</strong> budget
admin.yml	admin.budgets_wizard.heading_mode.single.description	Hozzon létre egy folyamatot egy csoport, kerület vagy téma. Van valamid, mint egy zsák pénz. Például 25 000 euró a körzetnek, vagy 10 000 euró a kultúrának.	Hozzon létre egy folyamatot egy csoporttal, kerülettel vagy témával. Olyan van, mint egy zsák pénz. Például 25.000€ a kerületnek, vagy 10.000€ a kultúra.	Create a process with a group, district or topic. You have something like a bag of money. For example, 25,000€ for the district, or 10,000€ for culture.
admin.yml	admin.budgets_wizard.heading_mode.single.link	Egységes költségvetési tétel létrehozása	Hozzon létre egyetlen címsoros költségvetést	Create single heading budget
admin.yml	admin.budgets_wizard.heading_mode.single.title	<strong>Egy címsor</strong>költségvetés	<strong>Egy rovatú</strong> költségvetés	<strong>Single heading</strong> budget
admin.yml	admin.budgets_wizard.heading_mode.title	Részvételi költségvetés típusa	közösségi költségvetés típusa	Participatory budget type
admin.yml	admin.budgets_wizard.phases.multiple.back	Térj vissza a tárgyakhoz.	Menjen vissza a címsorokhoz	Go back to headings
admin.yml	admin.budgets_wizard.phases.single.back	Vissza a szerkesztéshez	Menjen vissza a címsor szerkesztéséhez	Go back to edit heading
admin.yml	admin.milestones.index.table_id	Azonosító	ID	ID
admin.yml	admin.milestones.index.table_publication_date	Kihirdetés dátuma	Megjelenés dátuma	Publication date
admin.yml	admin.milestones.index.table_actions	Intézkedések	Akciók	Actions
admin.yml	admin.milestones.index.no_milestones	Nem definiált mérföldkövek	Nincsenek meghatározott mérföldkövek	Don't have defined milestones
admin.yml	admin.milestones.index.show_image	Képek megjelenítése	Kép megjelenítése	Show image
admin.yml	admin.milestones.index.milestone	Mileszton	Mérföldkő	Milestone
admin.yml	admin.milestones.index.new_milestone	Új mérföldkő létrehozása	Hozzon létre új mérföldkövet	Create new milestone
admin.yml	admin.milestones.index.milestone_tags	Milestone Címkék	Mérföldkő címkék	Milestone Tags
admin.yml	admin.milestones.form.admin_statuses	Kezelési állapotok	Állapotok kezelése	Manage statuses
admin.yml	admin.milestones.form.no_statuses_defined	Még nincs meghatározott állapot	Még nincsenek meghatározott állapotok	There are no defined statuses yet
admin.yml	admin.milestones.new.creating	mérföldkő létrehozása	Hozzon létre mérföldkövet	Create milestone
admin.yml	admin.milestones.edit.title	A mérföldkő szerkesztése	Mérföldkő szerkesztése	Edit milestone
admin.yml	admin.milestones.create.notice	Az új mérföldkő sikeresen jött létre!	Új mérföldkő sikeresen létrehozva!	New milestone created successfully!
admin.yml	admin.milestones.update.notice	Milestone frissítve sikeresen	A mérföldkő sikeresen frissítve	Milestone updated successfully
admin.yml	admin.milestones.delete.notice	A Milestone sikeresen törlődött	A mérföldkő sikeresen törölve	Milestone successfully deleted
admin.yml	admin.statuses.index.title	Milestone status	Mérföldkő állapotok	Milestone statuses
admin.yml	admin.statuses.index.empty_statuses	Nincsenek mérföldkő állapotok létrehozott	Nincsenek létrehozva mérföldkő állapotok	There are no milestone statuses created
admin.yml	admin.statuses.index.new_status	Új mérföldkő létrehozása	Új mérföldkő állapot létrehozása	Create new milestone status
admin.yml	admin.statuses.index.table_actions	Intézkedések	Akciók	Actions
admin.yml	admin.statuses.edit.title	A mérföldkő állapotának módosítása	Mérföldkő állapotának szerkesztése	Edit milestone status
admin.yml	admin.statuses.update.notice	A Milestone státusz frissítése sikeresen	A mérföldkő állapota sikeresen frissítve	Milestone status updated successfully
admin.yml	admin.statuses.new.title	A mérföldkő állapotának létrehozása	Mérföldkő állapot létrehozása	Create milestone status
admin.yml	admin.statuses.create.notice	A Milestone státusz sikeresen létrehozva	A mérföldkő állapot sikeresen létrehozva	Milestone status created successfully
admin.yml	admin.statuses.delete.notice	A Milestone státuszt sikeresen törölték	A mérföldkő állapota sikeresen törölve	Milestone status deleted successfully
admin.yml	admin.progress_bars.manage	Az elért eredmények kezelése	Folyamatjelző sávok kezelése	Manage progress bars
admin.yml	admin.progress_bars.index.title	Haladási sávok	Haladásjelző sávok	Progress bars
admin.yml	admin.progress_bars.index.no_progress_bars	Nincsenek előremeneti sávok.	Nincsenek folyamatjelző sávok	There are no progress bars
admin.yml	admin.progress_bars.index.new_progress_bar	Új fejlődési sáv létrehozása	Hozzon létre új folyamatjelző sávot	Create new progress bar
admin.yml	admin.progress_bars.index.primary	Elsődleges fejlődési sáv	Elsődleges folyamatjelző sáv	Primary progress bar
admin.yml	admin.progress_bars.index.table_id	Azonosító	ID	ID
admin.yml	admin.progress_bars.index.table_kind	Típus	Írja be	Type
admin.yml	admin.progress_bars.index.table_percentage	A jelenlegi előrehaladás	Jelenlegi haladás	Current progress
admin.yml	admin.progress_bars.new.creating	Haladási sáv létrehozása	Hozzon létre folyamatjelző sávot	Create progress bar
admin.yml	admin.progress_bars.edit.title.primary	Elsődleges fejlődési sáv szerkesztése	Szerkessze az elsődleges folyamatjelző sávot	Edit primary progress bar
admin.yml	admin.progress_bars.edit.title.secondary	Haladási sáv szerkesztése%{title}	Folyamatjelző sáv szerkesztése %{title}	Edit progress bar %{title}
admin.yml	admin.progress_bars.create.notice	A Progress bar sikeresen létrehozva!	A folyamatjelző sáv sikeresen létrehozva!	Progress bar created successfully!
admin.yml	admin.progress_bars.update.notice	Sikeresen frissített eredménysáv	A folyamatjelző sáv sikeresen frissítve	Progress bar updated successfully
admin.yml	admin.progress_bars.delete.notice	Sikeresen törölt eredménysáv	A folyamatjelző sáv sikeresen törölve	Progress bar deleted successfully
admin.yml	admin.comments.index.id	Azonosító	ID	ID
admin.yml	admin.comments.index.commentable_type	Típus	Írja be	Type
admin.yml	admin.comments.index.no_comments	Nincs hozzászólás.	Nincsenek megjegyzések.	There are no comments.
admin.yml	admin.comments.index.table_link	Kapcsolat	Link	Link
admin.yml	admin.hidden_comments.index.filters.all	Valamennyi	Minden	All
admin.yml	admin.hidden_comments.index.filters.with_confirmed_hide	Megerősítve	Megerősített	Confirmed
admin.yml	admin.hidden_comments.index.filters.without_confirmed_hide	Függőben	Függőben levő	Pending
admin.yml	admin.dashboard.index.back	Menj vissza%{org}	Vissza az %{org}	Go back to %{org}
admin.yml	admin.dashboard.index.title	Alkalmazás	Adminisztráció	Administration
admin.yml	admin.dashboard.index.description	Üdvözöljük a%{org}Admin panel.	Üdvözöljük az %{org} adminisztrációs panelen.	Welcome to the %{org} admin panel.
admin.yml	admin.dashboard.index.info	<p>Ez az a hely, ahol, mint adminisztrátor, végrehajtja és felügyeli a polgári részvétel folyamatát a városban vagy régióban.</p><p>Önök most azon kormányok és önkormányzatok százai közé tartoznak világszerte, amelyek a CONSUL DEMOCRACY platformot használják a polgárok részvételének gyakorlati megvalósításához. Gratulálok!</p><p>A CONSUL DEMOKRÁCIA Alapítvány a globális felhasználói közösség középpontjában áll. Szeretnénk megkérni, hogy jelentkezzen, hogy megértsük, ki használja a szoftvert, és lássuk, hogyan segíthetnénk a végrehajtásban vagy a felhasználásban. Alig várjuk, hogy üdvözöljünk a közösségben.</p><p>Boldog adminisztrációt!</p><p>Üdvözlet a ConSUL DEMOKRÁCIA Alapítvány csapatától.</p>	"<p>Ez az a hely, ahol rendszergazdaként megvalósíthatja és felügyeli a polgárok részvételi folyamatát a városában vagy régiójában.</p>

<p>Ön jelenleg egyike annak a több száz kormánynak és önkormányzatnak világszerte, amelyek a CONSUL DEMOCRACY platformot használják a polgárok részvételének gyakorlati megvalósítására. Gratulálunk!</p>

<p>A CONSUL DEMOCRACY Foundation a globális felhasználói közösség középpontjában áll. Szeretnénk megkérni Önt, hogy vegye fel a kapcsolatot, hogy megtudjuk, ki használja a szoftvert, és hogyan segíthetnénk a megvalósításban vagy használatban. Alig várjuk, hogy üdvözölhessük a közösségben.</p>

<p>Kellemes adminisztrációt!</p>

<p>Üdvözlet a CONSUL DEMOCRACY Alapítvány csapatától.</p>"	"<p>This is the place where you, as an administrator, implement and oversee the citizen participation process in your city or region.</p>

<p>You are now one of hundreds of governments and municipalities worldwide that are using the CONSUL DEMOCRACY platform to put citizen participation into practice. Congratulations!</p>

<p>The CONSUL DEMOCRACY Foundation is at the heart of the global user community. We'd like to ask you to get in touch so we get a grasp of who's using the software and see how we might assist with implementation or use. We can't wait to welcome you to the community.</p>

<p>Happy administrating!</p>

<p>Greetings from the CONSUL DEMOCRACY Foundation team.</p>"
admin.yml	admin.dashboard.actions.index.description	Amikor a felhasználók javaslatokat hoznak létre, hozzáférhetnek a javaslatuk műszerfalához, ahol forrásokat és ajánlásokat javasolhatnak ötletük javaslat támogatása.	Amikor a felhasználók javaslatokat hoznak létre, hozzáférhetnek az ajánlatuk irányítópultjához, ahol erőforrásokat és javaslatokat javasolhat ötletük támogatásához.	When users create proposals they can access a dashboard of their proposal, where you can propose resources and recommendations to get support for their idea.
admin.yml	admin.dashboard.actions.index.create	Erőforrás vagy cselekvés létrehozása	Hozzon létre erőforrást vagy műveletet	Create resource or action
admin.yml	admin.dashboard.actions.index.active	Igen.	Igen	Yes
admin.yml	admin.dashboard.actions.index.inactive	Nem.	Nem	No
admin.yml	admin.dashboard.actions.index.title	Erőforrások és fellépések	Erőforrások és intézkedések	Resources and actions
admin.yml	admin.dashboard.actions.index.action_type	Típus	Írja be	Type
admin.yml	admin.dashboard.actions.index.required_supports	Kötelező támaszok	Szükséges támasztékok	Required supports
admin.yml	admin.dashboard.actions.index.day_offset	Szükséges napok	Kötelező napok	Required days
admin.yml	admin.dashboard.actions.index.published_proposal	Közzététel	Közzétett javaslat	Published proposal
admin.yml	admin.dashboard.actions.index.default.email	E-mail	Email	Email
admin.yml	admin.dashboard.actions.index.default.poster	Plakát	Poszter	Poster
admin.yml	admin.dashboard.actions.new.creating	A javaslatokra vonatkozó új intézkedések	Új művelet az ajánlatok irányítópultján	New action for the proposals dashboard
admin.yml	admin.dashboard.actions.create.notice	Sikeres fellépés	A művelet sikeresen létrehozva	Action created successfully
admin.yml	admin.dashboard.actions.edit.editing	Intézkedések szerkesztése a javaslatokhoz	Művelet szerkesztése az ajánlatok irányítópultján	Edit action for the proposals dashboard
admin.yml	admin.dashboard.actions.delete.success	A műveletet sikeresen törölték	A művelet sikeresen törölve	Action successfully deleted
admin.yml	admin.dashboard.actions.form.submit_button	Mentés	Megtakarítás	Save
admin.yml	admin.dashboard.actions.form.help_text	Adja meg a 0 értéket, hogy ezt az értéket ne vegyék figyelembe	Írjon be 0-t, hogy ezt az értéket ne vegye figyelembe	Enter 0 so that this value is not taken into account
admin.yml	admin.dashboard.actions.form.published_proposal_help_text	Jelölje be ezt a jelölőnégyzetet, hogy az intézkedés csak a közzétett pályázatok esetében jöjjön létre	Jelölje be ezt a jelölőnégyzetet, ha csak a közzétett ajánlatokhoz kívánja létrehozni a műveletet	Mark this checkbox to create the action only for published proposals
admin.yml	admin.dashboard.administrator_tasks.index.description	A pályázati hirdetményben közzétett források tartalmazhatnak egy gombot, amelyet a referenciamutató-kezelőnek kell kérnie. A felhasználói igények alább láthatók.	Az ajánlatok irányítópultján közzétett források tartalmazhatnak egy gombot, amelyet az adminisztrátoroknak kell kérni. A felhasználói kérések az alábbiakban láthatók.	Resources published in the dashboard of proposals may include a button to be requested to administrators. User requests are shown below.
admin.yml	admin.dashboard.administrator_tasks.index.title	A kért források	Kért források	Resources requested
admin.yml	admin.dashboard.administrator_tasks.index.solve	Megoldás	Oldja meg	Solve
admin.yml	admin.dashboard.administrator_tasks.index.no_records	Nincs igényelt forrás	Nincsenek igényelt források	There are no resources requested
admin.yml	admin.dashboard.administrator_tasks.index.resource	A kért forrás	Kért erőforrás	Requested resource
admin.yml	admin.dashboard.administrator_tasks.index.filters.pending	Függőben	Függőben levő	Pending
admin.yml	admin.dashboard.administrator_tasks.index.filters.done	Oldva	Megoldva	Solved
admin.yml	admin.dashboard.administrator_tasks.form.solve	Jelölje megoldottnak	Megjelölés megoldottként	Mark as solved
admin.yml	admin.dashboard.administrator_tasks.form.request	A kért forrás	Kért erőforrás	Requested resource
admin.yml	admin.dashboard.administrator_tasks.update.success	A feladat megoldva.	A feladat megoldottként lett megjelölve.	The task has been marked as solved.
admin.yml	admin.debates.index.id	Azonosító	ID	ID
admin.yml	admin.debates.index.no_debates	Nincs vita.	Nincsenek viták.	There are no debates.
admin.yml	admin.hidden_debates.index.filters.all	Valamennyi	Minden	All
admin.yml	admin.hidden_debates.index.filters.with_confirmed_hide	Megerősítve	Megerősített	Confirmed
admin.yml	admin.hidden_debates.index.filters.without_confirmed_hide	Függőben	Függőben levő	Pending
admin.yml	admin.documents.new.title	Dokumentum feltöltése	Tölts fel egy dokumentumot	Upload a document
admin.yml	admin.documents.create.success_notice	Sikeresen feltöltött dokumentum	A dokumentum sikeresen feltöltve	Document uploaded successfully
admin.yml	admin.documents.destroy.success_notice	Sikeresen törölt dokumentum	A dokumentum sikeresen törölve	Document deleted successfully
admin.yml	admin.hidden_users.index.filters.all	Valamennyi	Minden	All
admin.yml	admin.hidden_users.index.filters.with_confirmed_hide	Megerősítve	Megerősített	Confirmed
admin.yml	admin.hidden_users.index.filters.without_confirmed_hide	Függőben	Függőben levő	Pending
admin.yml	admin.hidden_users.show.email	E-mail:	Email:	Email:
admin.yml	admin.hidden_users.show.title	A felhasználó tevékenysége (%{user})	Felhasználó tevékenysége (%{user})	Activity of user (%{user})
admin.yml	admin.hidden_budget_investments.index.filters.all	Valamennyi	Minden	All
admin.yml	admin.hidden_budget_investments.index.filters.with_confirmed_hide	Megerősítve	Megerősített	Confirmed
admin.yml	admin.hidden_budget_investments.index.filters.without_confirmed_hide	Függőben	Függőben levő	Pending
admin.yml	admin.hidden_budget_investments.index.title	Rejtett költségvetési beruházások	Rejtett költségvetésű beruházások	Hidden budgets investments
admin.yml	admin.hidden_budget_investments.index.no_hidden_budget_investments	Nincsenek rejtett költségvetési beruházások.	Nincsenek rejtett költségvetési beruházások	There are no hidden budget investments
admin.yml	admin.legislation.processes.create.notice	"A folyamat sikeresen jött létre.<a href=""%{link}"">Kattintson ide</a>"	"A folyamat sikeresen létrehozva. <a href=""%{link}"">Kattintson ide a </a>"	"Process created successfully. <a href=""%{link}"">Click to visit</a>"
admin.yml	admin.legislation.processes.create.error	A folyamat nem jött létre.	A folyamatot nem sikerült létrehozni	Process couldn't be created
admin.yml	admin.legislation.processes.update.notice	"A folyamat sikeresen frissítve.<a href=""%{link}"">Kattintson ide</a>"	"A folyamat sikeresen frissítve. <a href=""%{link}"">Kattintson ide a </a>"	"Process updated successfully. <a href=""%{link}"">Click to visit</a>"
admin.yml	admin.legislation.processes.update.error	A folyamatot nem lehetett frissíteni.	A folyamatot nem sikerült frissíteni	Process couldn't be updated
admin.yml	admin.legislation.processes.destroy.notice	Sikeresen törölt folyamat	A folyamat sikeresen törölve	Process deleted successfully
admin.yml	admin.legislation.processes.edit.submit_button	Változások mentése	Módosítások mentése	Save changes
admin.yml	admin.legislation.processes.form.debate_phase	Vitaszakasz	Vita fázis	Debate phase
admin.yml	admin.legislation.processes.form.draft_phase	Fázistervezet	Tervezet fázis	Draft phase
admin.yml	admin.legislation.processes.form.draft_phase_description	Ha ez a szakasz aktív, a folyamat nem szerepel a folyamatok indexén. Lehetővé teszi, hogy előre a folyamat, és a tartalom létrehozása előtt.	Ha ez a fázis aktív, a folyamat nem jelenik meg a folyamatok indexében. Lehetővé teszi a folyamat előnézetének megtekintését és a tartalom létrehozását a kezdés előtt.	If this phase is active, the process won't be listed on processes index. Allow to preview the process and create content before the start.
admin.yml	admin.legislation.processes.form.allegations_phase	Hozzászólási szakasz	Megjegyzések szakasz	Comments phase
admin.yml	admin.legislation.processes.form.proposals_phase	Javaslatok	Javaslatok szakasza	Proposals phase
admin.yml	admin.legislation.processes.form.use_markdown	A szöveg formázásához használja a jelölést	A Markdown segítségével formázhatja a szöveget	Use Markdown to format the text
admin.yml	admin.legislation.processes.form.homepage_description	Itt meg lehet magyarázni a folyamat tartalmát	Itt elmagyarázhatja a folyamat tartalmát	Here you can explain the content of the process
admin.yml	admin.legislation.processes.form.banner_title	Fejszín	Fejléc színei	Header colors
admin.yml	admin.legislation.processes.index.title	Együttműködés	Együttműködési jogszabályok	Collaborative legislation
admin.yml	admin.legislation.processes.index.filters.all	Valamennyi	Minden	All
admin.yml	admin.legislation.processes.new.title	Új együttműködési jogalkotási folyamat létrehozása	Új együttműködésen alapuló jogalkotási folyamat létrehozása	Create new collaborative legislation process
admin.yml	admin.legislation.processes.new.submit_button	A folyamat létrehozása	Folyamat létrehozása	Create process
admin.yml	admin.legislation.processes.proposals.orders.supports	Rendezés teljes támogatás	Rendezés teljes támogatás szerint	Sort by total supports
admin.yml	admin.legislation.processes.process.start_date	Kezdő dátum	Kezdés dátuma	Start date
admin.yml	admin.legislation.processes.process.status_open	Megnyitás	Nyitott	Open
admin.yml	admin.legislation.processes.process.status_closed	Zárva	Zárt	Closed
admin.yml	admin.legislation.processes.subnav.info	Tájékoztatás	Információ	Information
admin.yml	admin.legislation.processes.subnav.homepage	Honlap	Kezdőlap	Homepage
admin.yml	admin.legislation.processes.subnav.draft_versions	Rajzolás	Tervezés	Drafting
admin.yml	admin.legislation.homepage.edit.title	A folyamat honlapjának beállítása	Állítsa be a folyamat kezdőlapját	Configure your process homepage
admin.yml	admin.legislation.proposals.index.id	ID	Id	Id
admin.yml	admin.legislation.proposals.form.custom_categories_description	Olyan kategóriák, amelyeket a felhasználók kiválaszthatnak a javaslat elkészítéséhez. Max. 160 font.	Kategóriák, amelyeket a felhasználók kiválaszthatnak az ajánlat létrehozása során. Max 160 karakter.	Categories that users can select creating the proposal. Max 160 characteres.
admin.yml	admin.legislation.proposals.form.custom_categories_placeholder	"Adja meg a használni kívánt címkét, vesszők () és idézetek ("") között elválasztva."	"Adja meg a használni kívánt címkéket, vesszővel (,) és idézőjelek között ("""") elválasztva."	"Enter the tags you would like to use, separated by commas (,) and between quotes ("""")"
admin.yml	admin.legislation.draft_versions.create.notice	"A tervezet sikeresen készült.<a href=""%{link}"">Kattintson ide</a>"	"Piszkozat sikeresen létrehozva. <a href=""%{link}"">Kattintson ide a </a>"	"Draft created successfully. <a href=""%{link}"">Click to visit</a>"
admin.yml	admin.legislation.draft_versions.create.error	A draft nem jött létre.	Nem sikerült létrehozni a piszkozatot	Draft couldn't be created
admin.yml	admin.legislation.draft_versions.update.notice	"A tervezet sikeresen frissítve.<a href=""%{link}"">Kattintson ide</a>"	"Piszkozat sikeresen frissítve. <a href=""%{link}"">Kattintson ide a </a>"	"Draft updated successfully. <a href=""%{link}"">Click to visit</a>"
admin.yml	admin.legislation.draft_versions.update.error	A tervezetet nem lehetett frissíteni.	A piszkozatot nem sikerült frissíteni	Draft couldn't be updated
admin.yml	admin.legislation.draft_versions.destroy.notice	A törölt tervezet	A piszkozat sikeresen törölve	Draft deleted successfully
admin.yml	admin.legislation.draft_versions.edit.submit_button	Változások mentése	Módosítások mentése	Save changes
admin.yml	admin.legislation.draft_versions.edit.warning	Ön szerkesztette a szöveget, ne felejtse el, hogy kattintson a Mentés, hogy véglegesen menteni a változásokat.	Megszerkesztette a szöveget, ne felejtsen el a Mentés gombra kattintani a változtatások végleges mentéséhez.	You've edited the text, don't forget to click on Save to permanently save the changes.
admin.yml	admin.legislation.draft_versions.edit.markdown_changes_message	Megszerkesztetted az üzenetet anélkül, hogy megmentetted volna. Megerősíti, hogy elhagyja az oldalt?	Mentés nélkül szerkesztette a szöveget. Megerősíti, hogy elhagyja az oldalt?	You've edited the text without saving it. Do you confirm to leave the page?
admin.yml	admin.legislation.draft_versions.form.title	"Szerkesztés<span class=""strong"">%{draft_version_title}</span>a folyamatból<span class=""strong"">%{process_title}</span>"	"<span class=""strong"">%{draft_version_title}</span> szerkesztése a <span class=""strong"">%{process_title}</span> folyamatból"	"Editing <span class=""strong"">%{draft_version_title}</span> from the process <span class=""strong"">%{process_title}</span>"
admin.yml	admin.legislation.draft_versions.form.launch_text_editor	Szövegszerkesztő indítása	Indítsa el a szövegszerkesztőt	Launch text editor
admin.yml	admin.legislation.draft_versions.form.close_text_editor	Szövegszerkesztő bezárása	Zárja be a szövegszerkesztőt	Close text editor
admin.yml	admin.legislation.draft_versions.form.use_markdown	A szöveg formázásához használja a jelölést	A Markdown segítségével formázhatja a szöveget	Use Markdown to format the text
admin.yml	admin.legislation.draft_versions.form.hints.final_version	Ezt a változatot a folyamat végső eredményeként teszik közzé. Ebben a verzióban nem lehet nyilatkozni.	Ez a verzió a folyamat Végső Eredményeként kerül közzétételre. Ebben a verzióban a megjegyzések nem engedélyezettek.	This version will be published as Final Result for this process. Comments won't be allowed in this version.
admin.yml	admin.legislation.draft_versions.form.hints.status.draft	Adminként preview, senki más nem láthatja.	Adminként megtekintheti az előnézetet, senki más nem láthatja	You can preview as admin, no one else can see it
admin.yml	admin.legislation.draft_versions.form.hints.status.published	Látható mindenki számára	Mindenki számára látható	Visible for everybody
admin.yml	admin.legislation.draft_versions.form.changelog_placeholder	A főbb változások hozzáadása az előző verzióhoz	Adja hozzá a főbb változtatásokat az előző verzióhoz képest	Add the main changes from the previous version
admin.yml	admin.legislation.draft_versions.index.title	Verziók	Vázlatos változatok	Draft versions
admin.yml	admin.legislation.draft_versions.table.final_version	Végleges változat	Végső változat	Final version
admin.yml	admin.legislation.questions.create.notice	"A kérdés sikeresen született.<a href=""%{link}"">Kattintson ide</a>"	"A kérdés sikeresen létrehozva. <a href=""%{link}"">Kattintson ide a </a>"	"Question created successfully. <a href=""%{link}"">Click to visit</a>"
admin.yml	admin.legislation.questions.create.error	Kérdés nem jött létre	A kérdést nem sikerült létrehozni	Question couldn't be created
admin.yml	admin.legislation.questions.update.notice	"A kérdést sikeresen frissítettük.<a href=""%{link}"">Kattintson ide</a>"	"A kérdés sikeresen frissítve. <a href=""%{link}"">Kattintson ide a </a>"	"Question updated successfully. <a href=""%{link}"">Click to visit</a>"
admin.yml	admin.legislation.questions.update.error	A kérdést nem lehetett frissíteni.	A kérdést nem sikerült frissíteni	Question couldn't be updated
admin.yml	admin.legislation.questions.destroy.notice	A kérdést sikeresen törölték	A kérdés sikeresen törölve	Question deleted successfully
admin.yml	admin.legislation.questions.edit.title	"Szerkesztés ""%{question_title}"""	„%{question_title}” szerkesztése	Edit “%{question_title}”
admin.yml	admin.legislation.questions.edit.submit_button	Változások mentése	Módosítások mentése	Save changes
admin.yml	admin.legislation.questions.form.question_options	Lehetséges válaszok (nem kötelező, alapértelmezés szerint nyitott válaszok)	Lehetséges válaszok (opcionális, alapértelmezés szerint nyitott válaszok)	Possible answers (optional, by default open answers)
admin.yml	admin.legislation.questions.index.title	Az ehhez a folyamathoz kapcsolódó kérdések	A folyamathoz kapcsolódó kérdések	Questions associated to this process
admin.yml	admin.legislation.questions.new.title	Új kérdés létrehozása	Hozzon létre új kérdést	Create new question
admin.yml	admin.legislation.questions.table.question_options	Kérdések	Kérdés opciók	Question options
admin.yml	admin.legislation.questions.table.answers_count	A válaszok száma	A válaszok számítanak	Answers count
admin.yml	admin.legislation.questions.table.comments_count	Hozzászólások száma	A megjegyzések számítanak	Comments count
admin.yml	admin.legislation.questions.question_option_fields.remove_option	Eltávolítás	Opció eltávolítása	Remove option
admin.yml	admin.locales.default_help_text	Ez az alapértelmezett nyelv az alkalmazás, és megváltoztatja azt<strong>minden beteget érinthet</strong>első alkalommal látogatja meg a weboldalt.	Ez az alkalmazás alapértelmezett nyelve, és ennek megváltoztatása <strong> minden olyan felhasználót </strong> érint, aki először látogat meg a webhelyen.	This is the default language of the application, and changing it will <strong>affect every user</strong> visiting the website for the first time.
admin.yml	admin.locales.update.notice	Sikeresen frissített nyelvek	A nyelvek sikeresen frissítve	Languages updated successfully
admin.yml	admin.managers.index.title	Kezelők	Menedzserek	Managers
admin.yml	admin.menu.activity	Moderátor tevékenység	Moderátori tevékenység	Moderator activity
admin.yml	admin.menu.budgets	Közösségi költségvetések	közösségi költségvetések	Participatory budgets
admin.yml	admin.menu.geozones	Geozonok	Geozones	Geozones
admin.yml	admin.menu.hidden_proposal_notifications	Rejtett pályázati értesítések	Rejtett ajánlatértesítések	Hidden proposal notifications
admin.yml	admin.menu.administrators	Igazgatók	Rendszergazdák	Administrators
admin.yml	admin.menu.managers	Kezelők	Menedzserek	Managers
admin.yml	admin.menu.sdg_managers	SDG-kezelők	SDG menedzserek	SDG Managers
admin.yml	admin.menu.system_emails	Rendszere- mailek	Rendszer e-mailek	System Emails
admin.yml	admin.menu.valuators	Értékesítők	Értékbecslők	Valuators
admin.yml	admin.menu.poll_officers	Poll tisztek	Szavazási tisztek	Poll officers
admin.yml	admin.menu.poll_booths	Az ajtók helye	A fülkék helye	Booths location
admin.yml	admin.menu.poll_booth_assignments	Booths megbízások	A fülkék feladatai	Booths Assignments
admin.yml	admin.menu.poll_shifts	Szállítások	Változások Feladatok	Shifts Assignments
admin.yml	admin.menu.signature_sheets	Aláírás	Aláírási lapok	Signature Sheets
admin.yml	admin.menu.site_customization.homepage	Honlap	Kezdőlap	Homepage
admin.yml	admin.menu.site_customization.images	Egyéni képek	Egyedi képek	Custom images
admin.yml	admin.menu.site_customization.information_texts	Egyedi tájékoztató szövegek	Egyedi információs szövegek	Custom information texts
admin.yml	admin.menu.site_customization.information_texts_menu.basic	Alaptestreszabás	Alapvető testreszabás	Basic customization
admin.yml	admin.menu.site_customization.information_texts_menu.legislation	Együttműködés	Együttműködési jogszabályok	Collaborative legislation
admin.yml	admin.menu.site_customization.information_texts_menu.budgets	Költségvetési tételek	Költségvetések	Budgets
admin.yml	admin.menu.site_customization.information_texts_menu.layouts	Elrendezés	Elrendezések	Layouts
admin.yml	admin.menu.site_customization.information_texts_menu.management	Kezelés	Menedzsment	Management
admin.yml	admin.menu.site_customization.information_texts_menu.welcome	Üdvözlöm.	Üdvözöljük	Welcome
admin.yml	admin.menu.site_customization.buttons.save	Mentés	Megtakarítás	Save
admin.yml	admin.menu.site_customization.buttons.content_block.update	A blokk frissítése	Blokk frissítése	Update Block
admin.yml	admin.menu.title_moderated_content	Mérsékelt tartalom	Moderált tartalom	Moderated content
admin.yml	admin.menu.title_settings	Beállítások	Beállítások elemre	Settings
admin.yml	admin.menu.title_site_customization	Webhely tartalma	A webhely tartalma	Site content
admin.yml	admin.menu.legislation	Együttműködési jogszabályok	Együttműködő jogalkotás	Collaborative Legislation
admin.yml	admin.menu.dashboard	Javaslatok műszerfal	Javaslatok irányítópultja	Proposals dashboard
admin.yml	admin.menu.administrator_tasks	A kért források	Kért források	Resources requested
admin.yml	admin.menu.dashboard_actions	Erőforrások és fellépések	Erőforrások és intézkedések	Resources and actions
admin.yml	admin.menu.multitenancy	Többszörös	Többbérlet	Multitenancy
admin.yml	admin.administrators.index.title	Igazgatók	Rendszergazdák	Administrators
admin.yml	admin.administrators.index.id	Adminisztrátori azonosító	Rendszergazdai azonosító	Administrator ID
admin.yml	admin.administrators.index.no_administrators	Nincsenek adminisztrátorok.	Nincsenek rendszergazdák.	There are no administrators.
admin.yml	admin.administrators.administrator.restricted_removal	Sajnálom, de nem távolíthatod el magad az ügyintézőktől.	Sajnáljuk, nem távolíthatja el magát a rendszergazdák közül	Sorry, you can't remove yourself from the administrators
admin.yml	admin.administrators.search.title	Igazgatók: Felhasználói keresés	Rendszergazdák: Felhasználói keresés	Administrators: User search
admin.yml	admin.administrators.form.edit_title	A rendszergazda szerkesztése	Rendszergazda szerkesztése	Edit administrator
admin.yml	admin.administrators.form.updated	A tisztviselő sikeresen frissítve	A rendszergazda sikeresen frissítve	Administrator updated successfully
admin.yml	admin.segment_recipient.administrators	Igazgatók	Rendszergazdák	Administrators
admin.yml	admin.segment_recipient.all_proposal_authors	Ajánlatszerzők (archiválva és visszavonva is)	A javaslat szerzői (beleértve az archivált és visszavont)	Proposal authors (including archived and withdrawn)
admin.yml	admin.segment_recipient.proposal_authors	A pályázatok szerzői	A javaslat szerzői	Proposal authors
admin.yml	admin.segment_recipient.investment_authors	Befektetők a jelenlegi költségvetésbe	Beruházási szerzők a jelenlegi költségvetésben	Investment authors in the current budget
admin.yml	admin.segment_recipient.feasible_and_undecided_investment_authors	A jelenlegi költségvetésbe történő olyan befektetések jogosultjai, amelyek nem felelnek meg a következőknek: [az értékelést nem lehet elvégezni]	Néhány olyan beruházás szerzői a jelenlegi költségvetésben, amely nem felel meg: [az értékelés megvalósíthatatlan]	Authors of some investment in the current budget that does not comply with: [valuation finished unfesasible]
admin.yml	admin.segment_recipient.selected_investment_authors	A kiválasztott beruházások jogosultjai a jelenlegi költségvetésben	A jelenlegi költségvetésben kiválasztott beruházások szerzői	Authors of selected investments in the current budget
admin.yml	admin.segment_recipient.winner_investment_authors	A jelenlegi költségvetésbe történő nyertes befektetések jogosultjai	A nyertes beruházások szerzői a jelenlegi költségvetésben	Authors of winner investments in the current budget
admin.yml	admin.segment_recipient.not_supported_on_current_budget	Azok a felhasználók, akik nem támogatták a jelenlegi költségvetéssel kapcsolatos beruházásokat	Felhasználók, akik nem támogattak beruházásokat a jelenlegi költségvetésből	Users that haven't supported investments on current budget
admin.yml	admin.segment_recipient.invalid_recipients_segment	A kedvezményezett szegmens érvénytelen	A címzett felhasználói szegmens érvénytelen	Recipients user segment is invalid
admin.yml	admin.newsletters.create_success	Hírlevél létrehozott sikeresen	A hírlevél sikeresen elkészült	Newsletter created successfully
admin.yml	admin.newsletters.update_success	Hírlevél frissítve sikeresen	A hírlevél sikeresen frissítve	Newsletter updated successfully
admin.yml	admin.newsletters.send_success	Hírlevél küldött sikeresen	A hírlevél sikeresen elküldve	Newsletter sent successfully
admin.yml	admin.newsletters.delete_success	Hírlevél törölve sikeresen	A hírlevél sikeresen törölve	Newsletter deleted successfully
admin.yml	admin.newsletters.index.subject	Tárgy	Téma	Subject
admin.yml	admin.newsletters.index.segment_recipient	Címzett	Címzettek	Recipients
admin.yml	admin.newsletters.index.sent	Elküldött	Küldött	Sent
admin.yml	admin.newsletters.index.actions	Intézkedések	Akciók	Actions
admin.yml	admin.newsletters.index.draft	Táblázat	Piszkozat	Draft
admin.yml	admin.newsletters.index.empty_newsletters	Nincs hírlevél, amit meg lehetne mutatni.	Nincsenek megjeleníthető hírlevelek	There are no newsletters to show
admin.yml	admin.newsletters.new.header_footer_help_text	A fejléc és lábfej ugyanaz minden e-mail, akkor módosíthatja őket a<code>app / view / layouts / mailer _ header</code>és<code>app / view / layouts / mailer _ footer</code>.<br>A fejléckép helyettesíthető a%{link}.	A fejléc és a lábléc minden e-mailnél azonos, ezeket módosíthatja az <code>app/views/layouts/mailer_header</code> és az <code>app/views/layouts/mailer_footer</code> oldalon.<br>A fejlécképet lecserélheti az %{link} oldalon.	The heading and footer are the same for all emails, you can modify them on <code>app/views/layouts/mailer_header</code> and <code>app/views/layouts/mailer_footer</code>.<br>You can replace header image on %{link}.
admin.yml	admin.newsletters.show.send	Küldés	Elküld	Send
admin.yml	admin.newsletters.show.affected_users	(%{n})	(%{n} érintett felhasználók)	(%{n} affected users)
admin.yml	admin.newsletters.show.sent_emails.one	1 küldött e-mail	1 e-mail elküldve	1 email sent
admin.yml	admin.newsletters.show.sent_emails.other	%{count}Elküldött e-mailek	%{count} e-mailek elküldve	%{count} emails sent
admin.yml	admin.newsletters.show.sent_at	Elküldött:	Elküldve	Sent at
admin.yml	admin.newsletters.show.subject	Tárgy	Téma	Subject
admin.yml	admin.newsletters.show.segment_recipient	Címzett	Címzettek	Recipients
admin.yml	admin.newsletters.show.from	E-mail cím, amely megjelenik, mint küldő hírlevél	E-mail cím, amely a hírlevél küldésére fog megjelenni	E-mail address that will appear as sending the newsletter
admin.yml	admin.newsletters.show.body_help_text	Így látják majd a felhasználók az e-mailt.	A felhasználók így fogják látni az e-mailt.	This is how the users will see the email.
admin.yml	admin.newsletters.show.send_alert	Biztos vagy benne, hogy el akarod küldeni ezt a hírlevelet%{n}felhasználók?	Biztosan el szeretné küldeni ezt a hírlevelet az %{n} felhasználóknak?	Are you sure you want to send this newsletter to %{n} users?
admin.yml	admin.admin_notifications.create_success	Sikeresen létrehozott értesítés	Az értesítés sikeresen létrehozva	Notification created successfully
admin.yml	admin.admin_notifications.update_success	A bejelentés frissítése sikeresen	Az értesítés sikeresen frissítve	Notification updated successfully
admin.yml	admin.admin_notifications.send_success	Sikeresen küldött értesítés	Az értesítés sikeresen elküldve	Notification sent successfully
admin.yml	admin.admin_notifications.delete_success	Az értesítést sikeresen törölték	Az értesítés sikeresen törölve	Notification deleted successfully
admin.yml	admin.admin_notifications.index.segment_recipient	Címzett	Címzettek	Recipients
admin.yml	admin.admin_notifications.index.sent	Elküldött	Küldött	Sent
admin.yml	admin.admin_notifications.index.actions	Intézkedések	Akciók	Actions
admin.yml	admin.admin_notifications.index.draft	Táblázat	Piszkozat	Draft
admin.yml	admin.admin_notifications.index.view	Nézet	Kilátás	View
admin.yml	admin.admin_notifications.index.empty_notifications	Nincs értesítést, hogy	Nincsenek megjeleníthető értesítések	There are no notifications to show
admin.yml	admin.admin_notifications.show.section_title	Bejelentési előnézet	Értesítés előnézete	Notification preview
admin.yml	admin.admin_notifications.show.will_get_notified	(%{n}a felhasználókat értesítik)	(%{n} felhasználók értesítést kapnak)	(%{n} users will be notified)
admin.yml	admin.admin_notifications.show.got_notified	(%{n}a felhasználókat értesítették)	(%{n} felhasználók értesítést kaptak)	(%{n} users got notified)
admin.yml	admin.admin_notifications.show.sent_at	Elküldött:	Elküldve	Sent at
admin.yml	admin.admin_notifications.show.link	Kapcsolat	Link	Link
admin.yml	admin.admin_notifications.show.segment_recipient	Címzett	Címzettek	Recipients
admin.yml	admin.admin_notifications.show.send_alert	Biztosan el akarja küldeni ezt az értesítést%{n}felhasználók?	Biztosan el szeretné küldeni ezt az értesítést az %{n} felhasználóknak?	Are you sure you want to send this notification to %{n} users?
admin.yml	admin.system_emails.preview_pending.preview_of	Előnézet%{name}	Az %{name} előnézete	Preview of %{name}
admin.yml	admin.system_emails.preview_pending.pending_to_be_sent	Ez a küldendő tartalom	Ez az elküldésre váró tartalom	This is the content pending to be sent
admin.yml	admin.system_emails.preview_pending.send_pending	Küldés folyamatban	Küldés függőben	Send pending
admin.yml	admin.system_emails.preview_pending.send_pending_notification	A sikeres értesítések elküldéséig	A függőben lévő értesítések sikeresen elküldve	Pending notifications sent successfully
admin.yml	admin.system_emails.proposal_notification_digest.title	A javaslatról szóló értesítés megemésztése	Ajánlatértesítés kivonat	Proposal notification digest
admin.yml	admin.system_emails.proposal_notification_digest.description	Összegyűjti az összes javaslatot értesítést egy felhasználó egyetlen üzenetet, hogy elkerülje a túl sok e-maileket.	A túl sok e-mail elkerülése érdekében egyetlen üzenetben gyűjti össze a felhasználó összes ajánlati értesítését.	Gathers all proposal notifications for an user in a single message, to avoid too much emails.
admin.yml	admin.system_emails.proposal_notification_digest.preview_detail	A felhasználók csak az általuk követett javaslatokból kapnak értesítést.	A felhasználók csak az általuk követett ajánlatokról kapnak értesítést	Users will only recieve notifications from the proposals they are following
admin.yml	admin.system_emails.budget_investment_created.title	Költségvetési beruházások	Költségvetési beruházás létrejött	Budget investment created
admin.yml	admin.system_emails.budget_investment_created.description	Elküldött, ha egy felhasználó költségvetési befektetést hoz létre.	Akkor küldik el, amikor a felhasználó költségvetési befektetést hoz létre.	Sent when a user creates a budget investment.
admin.yml	admin.system_emails.budget_investment_selected.title	A kiválasztott költségvetési beruházások	Költségvetési beruházás kiválasztva	Budget investment selected
admin.yml	admin.system_emails.budget_investment_selected.description	A szerzőt akkor küldte el, amikor kiválasztották a költségvetési befektetését.	Elküldve a szerzőnek a költségvetési beruházás kiválasztása után.	Sent to the author when its budget investment has been selected.
admin.yml	admin.system_emails.budget_investment_unfeasible.title	A költségvetési beruházások megvalósíthatatlanok	A költségvetési beruházás megvalósíthatatlan	Budget investment unfeasible
admin.yml	admin.system_emails.budget_investment_unfeasible.description	A szerzőt akkor küldte el, amikor költségvetési beruházását megvalósíthatatlannak minősítették.	Elküldve a szerzőnek, amikor költségvetési beruházását megvalósíthatatlannak jelölték.	Sent to the author when its budget investment has been marked as unfeasible.
admin.yml	admin.system_emails.budget_investment_unselected.title	Kiválasztás nélküli költségvetési beruházás	Költségvetési beruházás nincs kiválasztva	Budget investment unselected
admin.yml	admin.system_emails.budget_investment_unselected.description	Elküldte a szerzőnek, amikor a költségvetési beruházását még nem választották ki a szavazási szakaszra.	Akkor küldjük el a szerzőnek, ha költségvetési beruházása nem került kiválasztásra a szavazási szakaszba.	Sent to the author when its budget investment hasn't been selected for voting phase.
admin.yml	admin.system_emails.comment.description	Küldtem a szerzőnek, ha kap egy megjegyzést.	Elküldve a szerzőnek, amikor észrevételt kap.	Sent to the author when recieves a comment.
admin.yml	admin.system_emails.reply.description	Elküldte a komment szerzőjének, amikor válaszol.	Elküldve a megjegyzés szerzőjének, amikor választ kap.	Sent to the comment's author when recieves a reply.
admin.yml	admin.system_emails.direct_message_for_receiver.title	Privát üzenetvevő	Privát üzenet fogadó	Private message receiver
admin.yml	admin.system_emails.direct_message_for_receiver.description	A privát üzenetrögzítőre küldték.	Elküldve a privát üzenet címzettjének.	Sent to the private message's receiver.
admin.yml	admin.system_emails.direct_message_for_sender.title	Privát üzenetküldő	Privát üzenet küldője	Private message sender
admin.yml	admin.system_emails.direct_message_for_sender.description	A privát üzenet feladójára küldték.	Elküldve a privát üzenet feladójának.	Sent to the private message's sender.
admin.yml	admin.system_emails.email_verification.description	Elküldött egy új felhasználónak, hogy ellenőrizze a fiókját.	Elküldve egy új felhasználónak, hogy ellenőrizze a fiókját.	Sent to a new user to verify its account.
admin.yml	admin.system_emails.user_invite.title	Felhasználó meghívása	Felhasználói meghívó	User Invitation
admin.yml	admin.system_emails.user_invite.description	Annak a személynek küldték, akit a fiók bejegyzésére felkértek.	Elküldve annak a személynek, akit meghívtak fiók regisztrálására.	Sent to the person that has been invited to register an account.
admin.yml	admin.system_emails.evaluation_comment.description	A referenciamutató-kezelőknek és -értékelőknek küldött észrevételek szerinti befektetés	Elküldve az adminisztrátoroknak és értékelőknek a megjegyzésben szereplő befektetéssel kapcsolatban	Sent to administrators and evaluators related to commented investment
admin.yml	admin.system_emails.edit_info	Az e-mail szerkesztése	Ezt az e-mailt itt szerkesztheti	You can edit this email in
admin.yml	admin.system_emails.message_title	Az üzenet címe	Üzenet címe	Message's Title
admin.yml	admin.system_emails.message_body	Ez egy minta az üzenet tartalmáról.	Ez egy példa az üzenet tartalmára.	This is a sample of message's content.
admin.yml	admin.system_emails.alert.no_investments	Nincs költségvetési befektetés. Néhány példa adat szükséges az e-mail megtekintéséhez.	Nem jött létre költségvetési beruházás. Néhány példaadatra van szükség az e-mail előnézetének megtekintéséhez.	There aren't any budget investment created. Some example data is needed in order to preview the email.
admin.yml	admin.system_emails.alert.no_comments	Nincs semmilyen megjegyzés. Néhány példa adat szükséges az e-mail megtekintéséhez.	Nincsenek létrehozott megjegyzések. Néhány példaadatra van szükség az e-mail előnézetének megtekintéséhez.	There aren't any comments created. Some example data is needed in order to preview the email.
admin.yml	admin.system_emails.alert.no_replies	Nincs semmilyen válasz. Néhány példa adat szükséges az e-mail megtekintéséhez.	Nem jött létre válasz. Néhány példaadatra van szükség az e-mail előnézetének megtekintéséhez.	There aren't any replies created. Some example data is needed in order to preview the email.
admin.yml	admin.system_emails.alert.no_evaluation_comments	Nincs semmilyen értékelési megjegyzés. Néhány példa adat szükséges az e-mail megtekintéséhez.	Nincsenek értékelő megjegyzések. Néhány példaadatra van szükség az e-mail előnézetének megtekintéséhez.	There aren't any evaluation comments created. Some example data is needed in order to preview the email.
admin.yml	admin.emails_download.index.download_emails_button	E-mailek listája letöltése	E-mail lista letöltése	Download emails list
admin.yml	admin.valuators.index.title	Értékesítők	Értékbecslők	Valuators
admin.yml	admin.valuators.index.email	E-mail	Email	Email
admin.yml	admin.valuators.index.abilities	Abilitások	Képességek	Abilities
admin.yml	admin.valuators.index.can_comment	Hozzászólhatunk	Kommentálni lehet	Can comment
admin.yml	admin.valuators.index.can_edit_dossier	A dosszié szerkesztése	Szerkesztheti a dossziét	Can edit dossier
admin.yml	admin.valuators.form.edit_title	Értékesítők: Értékelő szerkesztése	Értékbecslők: Értékelő szerkesztése	Valuators: Edit valuator
admin.yml	admin.valuators.form.updated	Az értékbecslő sikeresen frissítve	Az értékelő sikeresen frissítve	Valuator updated successfully
admin.yml	admin.valuators.show.email	E-mail	Email	Email
admin.yml	admin.valuators.show.abilities	Abilitások	Képességek	Abilities
admin.yml	admin.valuators.show.no_description	Ismertetés nélkül	Leírás nélkül	Without description
admin.yml	admin.valuators.show.no_abilities	Képesség nélkül	Képességek nélkül	Without abilities
admin.yml	admin.valuator_groups.index.new	Értékelő csoport létrehozása	Értékelői csoport létrehozása	Create valuators group
admin.yml	admin.valuator_groups.index.members	Tagok	tagok	Members
admin.yml	admin.valuator_groups.index.no_groups	Nincsenek értékelő csoportok.	Nincsenek értékelői csoportok	There are no valuator groups
admin.yml	admin.valuator_groups.show.title	Értékesítők csoportja:%{group}	Értékelők csoportja: %{group}	Valuators group: %{group}
admin.yml	admin.valuator_groups.show.no_valuators	Nincs erre a csoportra kijelölt értékelő.	Ehhez a csoporthoz nincsenek kiértékelők hozzárendelve	There are no valuators assigned to this group
admin.yml	admin.valuator_groups.form.new	Értékelő csoport létrehozása	Értékelői csoport létrehozása	Create valuators group
admin.yml	admin.valuator_groups.form.edit	Értékelő csoport mentése	Értékelők csoport mentése	Save valuators group
admin.yml	admin.poll_officers.index.title	Poll tisztek	Szavazási tisztek	Poll officers
admin.yml	admin.poll_officers.officer.delete	A pozíció törlése	Pozíció törlése	Delete position
admin.yml	admin.poll_officers.officer.email	E-mail	Email	Email
admin.yml	admin.poll_officers.officer.entry_name	tiszt	tisztviselő	officer
admin.yml	admin.poll_officers.search.email_placeholder	A felhasználó keresése e-mailben	Felhasználó keresése e-mailben	Search user by email
admin.yml	admin.poll_officers.search.user_not_found	Nem található	Felhasználó nem található	User not found
admin.yml	admin.poll_officers.search.help	A Poll tisztek hozzáadásához vagy eltávolításához használja az alábbi keresési űrlapot.	Szavazási tisztek hozzáadásához vagy eltávolításához használja az alábbi keresőt.	To add or remove Poll officers use the search form below.
admin.yml	admin.poll_officer_assignments.index.officers_title	Tisztek listája	A tisztek névsora	List of officers
admin.yml	admin.poll_officer_assignments.index.no_officers	Nincsenek erre a szavazásra kijelölt tisztek.	Nincsenek kijelölve tisztek ehhez a szavazáshoz.	There are no officers assigned to this poll.
admin.yml	admin.poll_officer_assignments.index.table_email	E-mail	Email	Email
admin.yml	admin.poll_officer_assignments.by_officer.date	Időpont	Dátum	Date
admin.yml	admin.poll_officer_assignments.by_officer.booth	Booth.	Bódé	Booth
admin.yml	admin.poll_officer_assignments.by_officer.assignments	Műszak a szavazáson	A szavazásban eltolódások történtek	Officing shifts in this poll
admin.yml	admin.poll_officer_assignments.by_officer.no_assignments	Ennek a felhasználónak nincs hivatalos műszakja ebben a felmérésben.	Ennek a felhasználónak nincs hivatali váltása ebben a szavazásban.	This user has no officing shifts in this poll.
admin.yml	admin.poll_shifts.new.add_shift	Változás hozzáadása	Váltás hozzáadása	Add shift
admin.yml	admin.poll_shifts.new.shift	Felosztás	Kijelölés	Assignment
admin.yml	admin.poll_shifts.new.shifts	Shifts ebben a fülkében	Változások ebben a fülkében	Shifts in this booth
admin.yml	admin.poll_shifts.new.date	Időpont	Dátum	Date
admin.yml	admin.poll_shifts.new.edit_shifts	Változás szerkesztése	Műszakok szerkesztése	Edit shifts
admin.yml	admin.poll_shifts.new.new_shift	Új váltás	Új műszak	New shift
admin.yml	admin.poll_shifts.new.no_shifts	Ennek a fülkének nincs műszakja.	Ebben a fülkében nincs műszak	This booth has no shifts
admin.yml	admin.poll_shifts.new.officer	Biztos úr!	Tisztviselő	Officer
admin.yml	admin.poll_shifts.new.remove_shift	Eltávolítás	Távolítsa el	Remove
admin.yml	admin.poll_shifts.new.search_officer_placeholder	Kereső tiszt	Kutatási tiszt	Search officer
admin.yml	admin.poll_shifts.new.search_officer_text	Keresés egy tiszt kijelölni egy új műszak	Keressen egy tisztet új műszak kijelöléséhez	Search for an officer to assign a new shift
admin.yml	admin.poll_shifts.new.no_voting_days	Szavazások napja véget ért	A szavazási napok véget értek	Voting days ended
admin.yml	admin.poll_shifts.new.select_task	A feladat kiválasztása	Válassza ki a feladatot	Select task
admin.yml	admin.poll_shifts.new.table_shift	Változás	Váltás	Shift
admin.yml	admin.poll_shifts.new.table_email	E-mail	Email	Email
admin.yml	admin.poll_shifts.flash.create	Hozzáadva	Shift hozzáadva	Shift added
admin.yml	admin.poll_shifts.flash.destroy	Eltávolítás	A váltó eltávolítva	Shift removed
admin.yml	admin.poll_shifts.flash.unable_to_destroy	A kapcsolódó eredményekkel vagy adatkészletekkel rendelkező Shifts nem törölhető	A kapcsolódó eredményekkel vagy újraszámlálással járó műszakok nem törölhetők	Shifts with associated results or recounts cannot be deleted
admin.yml	admin.poll_shifts.flash.date_missing	Dátum	Ki kell választani egy dátumot	A date must be selected
admin.yml	admin.poll_shifts.recount_scrutiny	Újraszámlálás és lekérdezés	Újraszámolás és ellenőrzés	Recount & Scrutiny
admin.yml	admin.booth_assignments.manage_assignments	A feladatok kezelése	Feladatok kezelése	Manage assignments
admin.yml	admin.booth_assignments.manage.assignments_list	"A közvélemény-kutatás megbízásai ""%{poll}'"	Hozzárendelések a(z) „%{poll}” szavazáshoz	Assignments for poll '%{poll}'
admin.yml	admin.booth_assignments.manage.status.assign_status	Felosztás	Kijelölés	Assignment
admin.yml	admin.booth_assignments.manage.status.assigned	Címzett	Kijelölt	Assigned
admin.yml	admin.booth_assignments.manage.status.unassigned	Nem hozzárendelt	Nincs hozzárendelve	Unassigned
admin.yml	admin.booth_assignments.manage.actions.assign	Kijelölt stand	Fülke hozzárendelése	Assign booth
admin.yml	admin.booth_assignments.manage.actions.unassign	Kiosztó stand	A fülke hozzárendelésének visszavonása	Unassign booth
admin.yml	admin.poll_booth_assignments.alert.shifts	Vannak váltások ehhez a fülkéhez. Ha eltávolítja a fülkét, a műszakokat is töröljük. Folytassam?	Ehhez a standhoz műszakok kapcsolódnak. Ha eltávolítja a fülke hozzárendelését, a műszakok is törlődnek. Folytatja?	There are shifts associated to this booth. If you remove the booth assignment, the shifts will be also deleted. Continue?
admin.yml	admin.poll_booth_assignments.show.location	Hely	Elhelyezkedés	Location
admin.yml	admin.poll_booth_assignments.show.officers_list	Tiszti lista ehhez a fülkéhez	Tisztek listája ehhez a fülkéhez	Officer list for this booth
admin.yml	admin.poll_booth_assignments.show.no_officers	Itt nincsenek tisztek.	Nincsenek tisztek ehhez a fülkéhez	There are no officers for this booth
admin.yml	admin.poll_booth_assignments.show.recounts	Készletek	Beszámol	Recounts
admin.yml	admin.poll_booth_assignments.show.recounts_list	A stand újraszámlálási listája	Újraszámolja a listát ehhez a standhoz	Recount list for this booth
admin.yml	admin.poll_booth_assignments.show.date	Időpont	Dátum	Date
admin.yml	admin.poll_booth_assignments.show.count_final	Végső újraszámlálás (tiszt szerint)	Végső számonkérés (tiszt által)	Final recount (by officer)
admin.yml	admin.poll_booth_assignments.show.count_by_system	Szavazás (automatikus)	Szavazatok (automatikus)	Votes (automatic)
admin.yml	admin.poll_booth_assignments.index.no_booths	A felméréshez nem rendeltek fülkét.	Nincsenek fülkék hozzárendelve ehhez a szavazáshoz.	There are no booths assigned to this poll.
admin.yml	admin.poll_booth_assignments.index.table_location	Hely	Elhelyezkedés	Location
admin.yml	admin.active_polls.edit.title	A szavazatok leírása	Szavazás leírása	Polls description
admin.yml	admin.active_polls.form.description.help_text	Ez a szöveg megjelenik a közvélemény-kutatások oldalán. Használható a nyílt közvélemény-kutatások kontextusának kiegészítésére.	Ez a szöveg a szavazások oldalának fejlécében fog megjelenni. Használható kontextus hozzáadására a nyílt szavazásokhoz.	This text will appear in the header of the polls page. It can be used to add a context to the open polls.
admin.yml	admin.polls.index.no_polls	Nincsenek felmérések.	Nincsenek szavazások.	There are no polls.
admin.yml	admin.polls.index.create	A felmérés létrehozása	Szavazás létrehozása	Create poll
admin.yml	admin.polls.index.dates	Datolya	Dátumok	Dates
admin.yml	admin.polls.index.closing_date	Záró dátum	Zárás dátuma	Closing Date
admin.yml	admin.polls.index.geozone_restricted	Körzetekre korlátozva	kerületekre korlátozva	Restricted to districts
admin.yml	admin.polls.new.title	Új felmérés	Új szavazás	New poll
admin.yml	admin.polls.new.submit_button	A felmérés létrehozása	Szavazás létrehozása	Create poll
admin.yml	admin.polls.edit.title	A felmérés szerkesztése	Szavazás szerkesztése	Edit poll
admin.yml	admin.polls.edit.submit_button	A felmérés frissítése	Szavazás frissítése	Update poll
admin.yml	admin.polls.show.booths_tab	Fejléc	fülkék	Booths
admin.yml	admin.polls.show.recounts_tab	Felvétel	Beszámoló	Recounting
admin.yml	admin.polls.show.no_questions	Nincsenek kérdések a közvélemény-kutatáshoz.	Ehhez a szavazáshoz nincsenek kérdések hozzárendelve.	There are no questions assigned to this poll.
admin.yml	admin.polls.destroy.alert	Ez az intézkedés eltávolítja a felmérést és az összes kapcsolódó kérdést.	Ez a művelet eltávolítja a szavazást és az összes kapcsolódó kérdést.	This action will remove the poll and all its associated questions.
admin.yml	admin.polls.destroy.success_notice	Sikeresen törölve	Szavazás sikeresen törölve	Poll deleted successfully
admin.yml	admin.polls.destroy.unable_notice	Nem törölhetsz egy szavazatot, aminek szavazata van.	Nem törölhet szavazatot tartalmazó szavazást	You cannot delete a poll that has votes
admin.yml	admin.polls.votation_type.title	Votáció típusa	Szavazás típusa	Votation type
admin.yml	admin.polls.votation_type.unique_description	Csak egyszer lehet válaszolni a kérdésre.	A kérdésre csak egyszer lehet válaszolni.	It's only possible to answer one time to the question.
admin.yml	admin.polls.votation_type.multiple_description	Lehetővé teszi több válasz kiválasztását. Lehetséges a válaszok maximális számát meghatározni.	Lehetővé teszi több válasz kiválasztását. Lehetőség van a válaszok maximális számának beállítására.	Allows to choose multiple answers. It's possible to set the maximum number of answers.
admin.yml	admin.polls.votation_type.open_description	Felbontott kérdés, amely lehetővé teszi a felhasználók számára, hogy egyetlen választ a saját szavaik.	Nyílt végű kérdés, amely lehetővé teszi a felhasználók számára, hogy egyetlen választ adjanak saját szavaikkal.	Open-ended question that allows users to provide a single answer in their own words.
admin.yml	admin.questions.index.select_poll	Válassza ki a poll	Válassza a Szavazás lehetőséget	Select Poll
admin.yml	admin.questions.form.poll_help	Csak olyan szavazásokat választhatsz, amelyek még nem kezdődtek el	Csak azokat a szavazásokat választhatja ki, amelyek még nem indultak el	You can only select polls that have not started yet
admin.yml	admin.questions.new.title	Kérdés létrehozása a felméréshez%{poll}	Kérdés létrehozása a szavazáshoz %{poll}	Create question to poll %{poll}
admin.yml	admin.questions.destroy.notice	A kérdést sikeresen törölték	A kérdés sikeresen törölve	Question deleted successfully
admin.yml	admin.questions.answers.images.add_image	Képek hozzáadása	Kép hozzáadása	Add image
admin.yml	admin.questions.answers.images.save_image	Képmentés	Kép mentése	Save image
admin.yml	admin.questions.show.answers.video_list	Videólista	Videó lista	Video list
admin.yml	admin.questions.show.answers.document_actions	Intézkedések	Akciók	Actions
admin.yml	admin.questions.no_edit	Miután a közvélemény-kutatás elkezdődött, nem lesz lehetőség kérdések, válaszok vagy a felméréshez kapcsolódó bármely tartalom létrehozására, szerkesztésére vagy törlésére.	A szavazás megkezdése után nem lehet kérdéseket, válaszokat vagy a szavazáshoz kapcsolódó tartalmat létrehozni, szerkeszteni vagy törölni.	Once the poll has started it will not be possible to create, edit or delete questions, answers or any content associated with the poll.
admin.yml	admin.answers.videos.index.add_video	Videó hozzáadása	Videó hozzáadása lehetőségre	Add video
admin.yml	admin.recounts.index.title	Készletek	Beszámol	Recounts
admin.yml	admin.recounts.index.no_recounts	Nincs mit elmondani.	Nincs mit mesélni	There is nothing to be recounted
admin.yml	admin.recounts.index.total_final	Zárókészletek	Utolsó beszámolók	Final recounts
admin.yml	admin.recounts.index.total_system	Szavazás (automatikus)	Szavazatok (automatikus)	Votes (automatic)
admin.yml	admin.recounts.index.table_booth_name	Booth.	Bódé	Booth
admin.yml	admin.recounts.index.table_total_recount	Teljes újraszámlálás (tisztenként)	Teljes újraszámlálás (tiszt szerint)	Total recount (by officer)
admin.yml	admin.recounts.index.table_system_count	Szavazás (automatikus)	Szavazatok (automatikus)	Votes (automatic)
admin.yml	admin.results.index.no_results	Nincsenek eredmények.	Nincsenek eredmények	There are no results
admin.yml	admin.results.result.table_nulls	Érvénytelen szavazatok	Érvénytelen szavazólapok	Invalid ballots
admin.yml	admin.results.result.table_total	Érvényes szavazatok	Érvényes szavazólapok	Valid ballots
admin.yml	admin.results.result.table_votes	Szavazások	Szavazatok	Votes
admin.yml	admin.results.results_by_booth.booth	Booth.	Bódé	Booth
admin.yml	admin.booths.index.title	Aktív fülkék listája	Az aktív standok listája	List of active booths
admin.yml	admin.booths.index.no_booths	Nincsenek aktív fülkék a közelgő felmérésekhez.	Nincsenek aktív fülkék egyik közelgő szavazáshoz sem.	There are no active booths for any upcoming poll.
admin.yml	admin.booths.index.location	Hely	Elhelyezkedés	Location
admin.yml	admin.booths.new.title	Új stand	Új fülke	New booth
admin.yml	admin.booths.new.submit_button	A stand létrehozása	Hozzon létre standot	Create booth
admin.yml	admin.booths.edit.title	A stand szerkesztése	A fülke szerkesztése	Edit booth
admin.yml	admin.booths.edit.submit_button	Frissítő stand	Frissítse a fülkét	Update booth
admin.yml	admin.booths.show.location	Hely	Elhelyezkedés	Location
admin.yml	admin.booths.booth.shifts	Szállítások	Változások Feladatok	Shifts Assignments
admin.yml	admin.officials.edit.destroy	"A ""Hivatalos"" állapot törlése"	Távolítsa el a „Hivatalos” állapotot	"Remove ""Official"" status"
admin.yml	admin.officials.edit.title	Tisztviselők: A felhasználó szerkesztése	Tisztviselők: Felhasználó szerkesztése	Officials: Edit user
admin.yml	admin.officials.flash.official_destroyed	Részletek elmentve: a felhasználó már nem hivatalos	Részletek mentve: a felhasználó már nem hivatalos	Details saved: the user is no longer an official
admin.yml	admin.officials.flash.official_updated	A hivatalos mentés részletei	A hivatalos adatai mentve	Details of official saved
admin.yml	admin.officials.index.help	A tisztviselőként megjelölt felhasználói számlák a platformon kiemelik a beavatkozásaikat. Meghatározhatja a címkét, amely e fiókok felhasználói neve mellett jelenik meg a legfontosabb (1. szint) és a legkisebb (5. szint) között.	A hivatalosként megjelölt felhasználói fiókok beavatkozásaik kiemelve lesznek a platformon. Meghatározhatja a fiókok felhasználói nevei mellett megjelenő címkét a legfontosabbtól (1. szint) a legalacsonyabbig (5. szint).	User accounts marked as officials will have their interventions on the platform highlighted. You can define the label that appears next to the user names of these accounts from most important (level 1) to least (level 5).
admin.yml	admin.officials.index.no_officials	Nincsenek hivatalnokok.	Nincsenek tisztviselők.	There are no officials.
admin.yml	admin.officials.level_1	szint	1. szint	Level 1
admin.yml	admin.officials.level_2	szint	2. szint	Level 2
admin.yml	admin.officials.level_3	szint	3. szint	Level 3
admin.yml	admin.officials.level_4	szint	4. szint	Level 4
admin.yml	admin.officials.level_5	szint	5. szint	Level 5
admin.yml	admin.officials.search.make_official	Hivatalossá tenni	Tedd hivatalossá	Make official
admin.yml	admin.officials.search.title	Hivatalos álláspontok: Felhasználói keresés	Hivatalos pozíciók: Felhasználói keresés	Official positions: User search
admin.yml	admin.officials.search.no_results	Hivatalos álláspont nem található.	Hivatalos pozíciók nem találhatók.	Official positions not found.
admin.yml	admin.organizations.index.filters.all	Valamennyi	Minden	All
admin.yml	admin.organizations.index.filters.pending	Függőben	Függőben levő	Pending
admin.yml	admin.organizations.index.hidden_count.one	Van még<strong>egy szervezet</strong>felhasználók nélkül vagy rejtett felhasználóval.	Van még <strong>egy olyan szervezet</strong>, ahol nincsenek felhasználók vagy rejtett felhasználó van.	There is also <strong>one organisation</strong> with no users or with a hidden user.
admin.yml	admin.organizations.index.hidden_count.other	Vannak<strong>%{count}szervezetek</strong>felhasználók nélkül vagy rejtett felhasználóval.	Vannak <strong>%{count} szervezetek</strong>, ahol nincsenek felhasználók, vagy rejtett felhasználójuk van.	There are <strong>%{count} organisations</strong> with no users or with a hidden user.
admin.yml	admin.organizations.index.email	E-mail	Email	Email
admin.yml	admin.organizations.index.reject	Elutasítás	Elutasít	Reject
admin.yml	admin.organizations.index.verify	Ellenőrzés	Ellenőrizze	Verify
admin.yml	admin.organizations.index.pending	Függőben	Függőben levő	Pending
admin.yml	admin.organizations.search.title	Kereső szervezetek	Szervezetek keresése	Search Organisations
admin.yml	admin.organizations.search.no_results	Nincsenek szervezetek.	Nem található szervezet.	No organizations found.
admin.yml	admin.proposals.index.id	Azonosító	ID	ID
admin.yml	admin.proposals.index.list.id	Azonosító	ID	ID
admin.yml	admin.proposals.index.list.summary	Összefoglaló	Összegzés	Summary
admin.yml	admin.proposals.show.create_question	A javaslat hozzáadása a szavazandó szavazáshoz	Adja hozzá ezt a javaslatot egy szavazáshoz	Add this proposal to a poll to be voted
admin.yml	admin.proposals.form.update	A javaslat frissítése	Javaslat frissítése	Update proposal
admin.yml	admin.proposals.update.notice	A javaslat frissítése	Az ajánlat sikeresen frissítve	Proposal updated successfully
admin.yml	admin.hidden_proposals.index.filters.all	Valamennyi	Minden	All
admin.yml	admin.hidden_proposals.index.filters.with_confirmed_hide	Megerősítve	Megerősített	Confirmed
admin.yml	admin.hidden_proposals.index.filters.without_confirmed_hide	Függőben	Függőben levő	Pending
admin.yml	admin.hidden_proposal_notifications.index.filters.all	Valamennyi	Minden	All
admin.yml	admin.hidden_proposal_notifications.index.filters.with_confirmed_hide	Megerősítve	Megerősített	Confirmed
admin.yml	admin.hidden_proposal_notifications.index.filters.without_confirmed_hide	Függőben	Függőben levő	Pending
admin.yml	admin.hidden_proposal_notifications.index.no_hidden_proposals	Nincsenek rejtett bejelentések.	Nincsenek rejtett értesítések.	There are no hidden notifications.
admin.yml	admin.settings.flash.updated	Frissített érték	Érték frissítve	Value updated
admin.yml	admin.settings.index.title	Beállítások	Beállítások elemre	Settings
admin.yml	admin.settings.index.general	Beállítások	Konfigurációs beállítások	Configuration settings
admin.yml	admin.settings.index.blank_option	Nincs	Egyik sem	None
admin.yml	admin.settings.index.map.title	Térképbeállítás	Térkép konfiguráció	Map configuration
admin.yml	admin.settings.index.map.help	"Itt lehet testreszabni a térkép megjelenítésének módját. Húzza a térkép marker vagy kattintson bárhol a térképen, állítsa be a kívánt zoom és kattintson a ""Frissítés"" gombra."	"Itt testreszabhatja, hogy a térkép hogyan jelenjen meg a felhasználók számára. Húzza a térképjelölőt, vagy kattintson bárhová a térképen, állítsa be a kívánt nagyítást, és kattintson a ""Frissítés"" gombra."	"Here you can customize the way the map is displayed to users. Drag map marker or click anywhere over the map, set desired zoom and click button ""Update""."
admin.yml	admin.settings.index.map.flash.update	A térkép beállítása sikeresen frissítve.	A térkép konfigurációja sikeresen frissítve.	Map configuration updated successfully.
admin.yml	admin.settings.index.map.how_to_enable	"Ahhoz, hogy megjelenítse a térképet a felhasználók számára, lehetővé kell tennie a ""Javaslatok és a költségvetés beruházások geoslocation"" a ""Jellemzők"" lapon."	A térkép megjelenítéséhez a felhasználóknak engedélyeznie kell az „Javaslatok és költségvetési beruházások földrajzi elhelyezkedése” lehetőséget a „Jellemzők” lapon.	"To show the map to users you must enable ""Proposals and budget investments geolocation"" on ""Features"" tab."
admin.yml	admin.settings.index.dashboard.title	Javaslatok műszerfal	Javaslatok irányítópultja	Proposals dashboard
admin.yml	admin.settings.index.remote_census.title	Távoli népszámlálási konfiguráció	Távoli népszámlálás konfigurációja	Remote Census configuration
admin.yml	admin.settings.index.remote_census.how_to_enable	"A távoli népszámlálás (SOAP) beállításához lehetővé kell tenni a ""Konfigurációs kapcsolat a távoli népszámláláshoz (SOAP)"" használatát a ""Jellemzők"" lapon."	"A távoli népszámlálás (SOAP) konfigurálásához engedélyeznie kell a ""Kapcsolat konfigurálása a távoli cenzushoz (SOAP)"" lehetőséget a ""Tulajdonságok"" lapon."	"To configure remote census (SOAP) you must enable ""Configure connection to remote census (SOAP)"" on ""Features"" tab."
admin.yml	admin.settings.index.sdg.how_to_enable	"A fenntartható fejlesztési célok konfigurációs lehetőségeinek megjelenítéséhez lehetővé kell tenni az ""SDG"" használatát a ""Jellemzők"" lapon."	A Fenntartható Fejlesztési Célok konfigurációs opcióinak megjelenítéséhez engedélyeznie kell az „SDG” funkciót a „Jellemzők” lapon.	"To show the configuration options from Sustainable Development Goals you must enable ""SDG"" on ""Features"" tab."
admin.yml	admin.settings.index.cookies_consent.title	A sütik beleegyezése	Cookie-k hozzájárulása	Cookies consent
admin.yml	admin.settings.index.cookies_consent_banner.title	Sütik beleegyezése banner	Cookie-k beleegyezését banner	Cookies consent banner
admin.yml	admin.settings.setting	Jellemzők	Funkció	Feature
admin.yml	admin.shared.search.advanced_filters.sdg_goals.all	Minden cél	Minden gól	All goals
admin.yml	admin.shared.search.advanced_filters.sdg_goals.label	Gól szerint	A gól szerint	By goal
admin.yml	admin.shared.search.advanced_filters.sdg_targets.all	Valamennyi célkitűzés	Minden cél	All targets
admin.yml	admin.shared.search.advanced_filters.sdg_targets.label	Célpont szerint	Cél szerint	By target
admin.yml	admin.shared.search.label.booths	Keresőfülke neve vagy helye szerint	Keresés a fülkében név vagy hely alapján	Search booth by name or location
admin.yml	admin.shared.search.label.budget_investments	Keresési beruházások cím, leírás vagy cím szerint	Keressen befektetéseket cím, leírás vagy címszó szerint	Search investments by title, description or heading
admin.yml	admin.shared.search.label.comments	Megjegyzések keresése	Keresés a megjegyzésekben	Search comments
admin.yml	admin.shared.search.label.debates	Viták keresése cím vagy leírás szerint	Keresés a vitákban cím vagy leírás alapján	Search debates by title or description
admin.yml	admin.shared.search.label.legislation_processes	Keresési eljárások cím vagy leírás szerint	Keresés a folyamatokban cím vagy leírás alapján	Search processes by title or description
admin.yml	admin.shared.search.label.legislation_proposals	Keresési javaslatok cím vagy leírás szerint	Keressen az ajánlatokban cím vagy leírás alapján	Search proposals by title or description
admin.yml	admin.shared.search.label.local_census_records	Dokumentumszám szerinti keresés	Keresés dokumentumszám alapján	Search by document number
admin.yml	admin.shared.search.label.organizations	Név, e-mail vagy telefonszám	Név, email vagy telefonszám	Name, email or phone number
admin.yml	admin.shared.search.label.poll_officers	A közvélemény-kutatás tisztjei	Keresés a közvélemény-kutatóknál	Search poll officers
admin.yml	admin.shared.search.label.poll_questions	A közvélemény-kutatás kérdései	Keresés a szavazás kérdéseire	Search poll questions
admin.yml	admin.shared.search.label.polls	Keresési felmérések név vagy leírás szerint	Keresés a szavazások között név vagy leírás alapján	Search polls by name or description
admin.yml	admin.shared.search.label.proposals	Keresési javaslatok cím, kód, leírás vagy kérdés szerint	Keressen az ajánlatokban cím, kód, leírás vagy kérdés alapján	Search proposals by title, code, description or question
admin.yml	admin.shared.search.label.proposal_notifications	Keresés bejelentése cím vagy leírás szerint	Keresés az értesítésekben cím vagy leírás alapján	Search notifications by title or description
admin.yml	admin.shared.search.label.users	Keresés a felhasználó neve vagy e-mail	Felhasználó keresése név vagy e-mail cím alapján	Search user by name or email
admin.yml	admin.shared.search_results	Keresés eredményei	Keresési eredmények	Search results
admin.yml	admin.shared.no_search_results	Nincs eredmény.	Nincs találat.	No results found.
admin.yml	admin.shared.actions	Intézkedések	Akciók	Actions
admin.yml	admin.shared.show_image	Képek megjelenítése	Kép megjelenítése	Show image
admin.yml	admin.shared.moderated_content	Ellenőrizze a moderátorok által moderált tartalmat, és erősítse meg, hogy a moderáció helyesen történt-e.	Ellenőrizze a moderátorok által moderált tartalmat, és ellenőrizze, hogy a moderálás helyesen történt-e.	Check the content moderated by the moderators, and confirm if the moderation has been done correctly.
admin.yml	admin.shared.view	Nézet	Kilátás	View
admin.yml	admin.shared.results_and_stats_reminder	Ezek a jelölések az eredményeket és / vagy statisztikákat nyilvánosan elérhetőek lesznek, és minden felhasználó látni fogja azokat.	Ha bejelöli ezeket a jelölőnégyzeteket, az eredmények és/vagy statisztikák nyilvánosak lesznek, és minden felhasználó látni fogja őket.	Marking these checkboxes the results and/or stats will be publicly available and every user will see them.
admin.yml	admin.shared.close_modal	Szoros modál	Modális bezárása	Close modal
admin.yml	admin.shared.example_url	Például, https://consuldemocracy.org vagy / segítség	Például https://consuldemocracy.org vagy /help	For example, https://consuldemocracy.org or /help
admin.yml	admin.geozones.index.title	Geózon	Geozone	Geozone
admin.yml	admin.geozones.index.create	Geozone létrehozása	Hozzon létre geozónát	Create geozone
admin.yml	admin.geozones.index.geojson_map_help	Ha GeoJSON koordináták rendelkezésre állnak, azok megjelennek az alábbi térképen	Ha rendelkezésre állnak GeoJSON koordináták, azok az alábbi térképen jelennek meg	If GeoJSON coordinates are available they will be displayed on the map below
admin.yml	admin.geozones.geozone.code_help	Válaszkód erre a geozonra a népszámlálási API-n	Válaszkód ehhez a geozónához a népszámlálási API-n	Response code for this geozone on the census API
admin.yml	admin.geozones.geozone.color_help	A zóna színe a költségvetés térképén.%{format_help}	A zóna színe a költségvetés térképén. %{format_help}	Color of the zone in a budget's map. %{format_help}
admin.yml	admin.geozones.geozone.coordinates	Koordináták rendelkezésre állnak	Elérhető koordináták	Coordinates available
admin.yml	admin.geozones.geozone.coordinates_help	Koordináták, amelyek egy kattintható területet hoznak létre egy HTML képtérképen	Koordináták, amelyek kattintható területet hoznak létre egy HTML képtérképen	Coordinates that will generate a clickable area on an HTML image map
admin.yml	admin.geozones.geozone.geojson	GeoJSON elérhető	A GeoJSON elérhető	GeoJSON available
admin.yml	admin.geozones.geozone.geojson_help	"A ""Polygon"" vagy a ""MultiPolygon"" típusú formátumot kell követnie; a költségvetés térképén egy ezen az adaton alapuló sokszög jelenik meg, ha egy cím ehhez a geozonhoz kapcsolódik."	"Követnie kell a ""Polygon"" vagy ""MultiPolygon"" típusú formátumot; a költségvetés térképén egy ezen adatokon alapuló sokszög jelenik meg, amikor egy fejléc hozzá van rendelve ehhez a geozónához"	"Must follow the ""Polygon"" or ""MultiPolygon"" type format; on a budget's map, a polygon based on this data will appear when a heading is associated to this geozone"
admin.yml	admin.geozones.create.notice	Sikeresen létrehozott geózon	Geozone sikeresen létrehozva	Geozone created successfully
admin.yml	admin.geozones.edit.form.submit_button	Változások mentése	Módosítások mentése	Save changes
admin.yml	admin.geozones.edit.editing	Geozóna szerkesztése	Geozone szerkesztése	Editing geozone
admin.yml	admin.geozones.edit.back	Menj vissza!	Menj vissza	Go back
admin.yml	admin.geozones.new.back	Menj vissza!	Menj vissza	Go back
admin.yml	admin.geozones.new.creating	Kerület létrehozása	Körzet létrehozása	Create district
admin.yml	admin.geozones.delete.success	A geózon sikeresen törlődött	Geozone sikeresen törölve	Geozone successfully deleted
admin.yml	admin.geozones.delete.error	Ezt a geozont nem lehet törölni, mert vannak hozzá kapcsolódó elemek.	Ez a geozóna nem törölhető, mivel elemek vannak hozzá csatolva	This geozone can't be deleted since there are elements attached to it
admin.yml	admin.geozones.update.notice	A geózon frissítése sikeresen	Geozone sikeresen frissítve	Geozone updated successfully
admin.yml	admin.signature_sheets.no_signature_sheets	Nincs aláírás _ lap	Nincsenek aláírási_lapok	There are not signature_sheets
admin.yml	admin.signature_sheets.index.title	Aláírás	Aláíró lapok	Signature sheets
admin.yml	admin.signature_sheets.index.new	Új aláírási lapok	Új aláírási ívek	New signature sheets
admin.yml	admin.signature_sheets.new.title	Új aláírási lapok	Új aláírási ívek	New signature sheets
admin.yml	admin.signature_sheets.new.document_numbers_note	A pontosvesszők által elválasztott számok (;)	Írd pontosvesszővel (;) elválasztva a számokat!	Write the numbers separated by semicolons (;)
admin.yml	admin.signature_sheets.new.submit	Aláíró lap létrehozása	Hozzon létre aláírási lapot	Create signature sheet
admin.yml	admin.signature_sheets.new.text_help.required_fields_note	A felhasználó ellenőrzése érdekében az alkalmazás: Dokumentumszám	A felhasználó igazolásához az alkalmazásnak szüksége van: Dokumentumszámra	To verify a user, your application needs: Document number
admin.yml	admin.signature_sheets.new.text_help.date_of_birth_note	Születési nap (éééé / hh / nn)	, Születési nap (nn/hh/éééé)	, Day of birth (dd/mm/yyyy)
admin.yml	admin.signature_sheets.new.text_help.required_fields_structure_note	A szükséges mezőket minden felhasználó számára vesszővel kell elválasztani, és minden felhasználót félüvegekkel kell elválasztani.	Az egyes felhasználók kötelező mezőit vesszővel, a felhasználókat pedig pontosvesszővel kell elválasztani.	Required fields for each user must be separated by commas and each user must be separated by semicolons.
admin.yml	admin.signature_sheets.show.signature_count	Aláírás száma:	Aláírások száma:	Number of signatures:
admin.yml	admin.signature_sheets.show.verified.one	Van%{count}érvényes aláírás	Van %{count} érvényes aláírás	There is %{count} valid signature
admin.yml	admin.signature_sheets.show.verified.other	Vannak%{count}érvényes aláírások	Vannak %{count} érvényes aláírások	There are %{count} valid signatures
admin.yml	admin.signature_sheets.show.unverified.one	Van%{count}érvénytelen aláírás	%{count} érvénytelen aláírás	There is %{count} invalid signature
admin.yml	admin.signature_sheets.show.unverified.other	Vannak%{count}Érvénytelen aláírás	%{count} érvénytelen aláírások vannak	There are %{count} invalid signatures
admin.yml	admin.signature_sheets.show.unverified_error	(A népszámlálás nem ellenőrzi)	(Nem igazolt népszámlálás)	(Not verified by Census)
admin.yml	admin.signature_sheets.show.voted.zero	Nincsenek szavazatok az ellenőrzött aláírásokból.	Az ellenőrzött aláírásokból nem jött létre szavazat.	There are no votes created from the verified signatures.
admin.yml	admin.signature_sheets.show.voted.one	Van%{count}az ellenőrzött aláírásokból létrehozott szavazás.	Az ellenőrzött aláírásokból %{count} szavazat jött létre.	There is %{count} vote created from the verified signatures.
admin.yml	admin.signature_sheets.show.voted.other	Van%{count}ellenőrzött aláírásokból létrehozott szavazatok.	Ellenőrzött aláírásokból %{count} szavazat jött létre.	There is %{count} votes created from verified signatures.
admin.yml	admin.signature_sheets.show.loading	Vannak még aláírások, amiket a népszámlálás ellenőriz, kérem, néhány perc múlva frissítse fel az oldalt.	Még mindig vannak aláírások, amelyeket a népszámlálás ellenőriz, kérjük, frissítse az oldalt néhány pillanat múlva	There are still signatures that are being verified by the Census, please refresh the page in a few moments
admin.yml	admin.stats.show.stats_title	Statok	Statisztika	Stats
admin.yml	admin.stats.show.summary.comment_votes	Hozzászólási szavazatok	Komment szavazatok	Comment votes
admin.yml	admin.stats.show.summary.debate_votes	Vita szavazatok	Vitaszavazatok	Debate votes
admin.yml	admin.stats.show.summary.proposal_votes	A javaslat szavazata	Javaslat szavazatok	Proposal votes
admin.yml	admin.stats.show.summary.budgets	Nyitott költségvetés	Nyitott költségvetések	Open budgets
admin.yml	admin.stats.show.summary.unverified_users	Nem ellenőrzött felhasználók	Ellenőrizetlen felhasználók	Unverified users
admin.yml	admin.stats.show.summary.user_level_two	2. szintű felhasználók	Második szintű felhasználók	Level two users
admin.yml	admin.stats.show.summary.verified_users_who_didnt_vote_proposals	Ellenőrzött felhasználók, akik nem szavaztak	Ellenőrzött felhasználók, akik nem szavaztak az ajánlatokra	Verified users who didn't votes proposals
admin.yml	admin.stats.show.participatory_budgets	Részvételi költségvetés	közösségi költségvetések	Participatory Budgets
admin.yml	admin.stats.show.proposal_notifications	A javaslatról szóló értesítések	Ajánlatértesítések	Proposal notifications
admin.yml	admin.stats.graph.budget_investment_created	Létrehozott költségvetési beruházások	Költségvetési beruházások létrejöttek	Budget investments created
admin.yml	admin.stats.graph.debate_created	Viták	Viták létrejöttek	Debates created
admin.yml	admin.stats.graph.legislation_annotation_created	Létrehozott jogi megjegyzések	Jogszabályi megjegyzések létrehozva	Legislation annotations created
admin.yml	admin.stats.graph.legislation_answer_created	Létrehozott jogszabályi válaszok	Jogszabályi válaszok létrehozva	Legislation answers created
admin.yml	admin.stats.graph.level_3_user	A 3. szintű felhasználók ellenőrzése	3. szintű felhasználók ellenőrizve	Level 3 users verified
admin.yml	admin.stats.graph.proposal_created	Létrehozott polgári javaslatok	Lakossági javaslatok készültek	Citizen proposals created
admin.yml	admin.stats.graph.title	Grafikák	Grafikonok	Graphs
admin.yml	admin.stats.budgets.no_data_before_balloting_phase	Nincs semmi adat, amit fel lehetne mutatni a korszak előtt.	Nincsenek megjeleníthető adatok a szavazási szakasz előtt.	There isn't any data to show before the balloting phase.
admin.yml	admin.stats.budgets.title	Részvételi költségvetés - Részvételi statisztika	közösségi költségvetések – Részvételi statisztikák	Participatory Budgets - Participation stats
admin.yml	admin.stats.budgets.supporting_phase	Támogatási szakasz	Támogató fázis	Supporting phase
admin.yml	admin.stats.budgets.balloting_phase	Záró szavazás	Végső szavazás	Final voting
admin.yml	admin.stats.budget_balloting.title	Végső szavazási statisztika	A szavazás végső statisztikái	Final voting stats
admin.yml	admin.stats.budget_balloting.vote_count	Szavazások	Szavazatok	Votes
admin.yml	admin.stats.budget_balloting.participant_count	A résztvevők	Résztvevők	Participants
admin.yml	admin.stats.budget_balloting.votes_per_heading	Szavazatok fejenként	Szavazatok címsoronként	Votes per heading
admin.yml	admin.stats.budget_supporting.title	A fázisstatisztika támogatása	Támogatási fázisstatisztikák	Supporting phase stats
admin.yml	admin.stats.budget_supporting.headings	Fejezet	Címsorok	Headings
admin.yml	admin.stats.budget_supporting.vote_count	Szavazások	Szavazatok	Votes
admin.yml	admin.stats.budget_supporting.participant_count	A résztvevők	Résztvevők	Participants
admin.yml	admin.stats.direct_messages.total	Összesen	Teljes	Total
admin.yml	admin.stats.direct_messages.users_who_have_sent_message	Magánüzenetet küldő felhasználók	Felhasználók, akik privát üzenetet küldtek	Users that have sent a private message
admin.yml	admin.stats.proposal_notifications.title	A javaslatról szóló értesítések	Ajánlatértesítések	Proposal notifications
admin.yml	admin.stats.proposal_notifications.total	Összesen	Teljes	Total
admin.yml	admin.stats.proposal_notifications.proposals_with_notifications	Értesítéssel ellátott javaslatok	Javaslatok értesítéssel	Proposals with notifications
admin.yml	admin.stats.proposal_notifications.not_available	A javaslat nem áll rendelkezésre	Az ajánlat nem elérhető	Proposal not available
admin.yml	admin.stats.polls.title	Szavazási statisztikák	Szavazási statisztika	Poll Stats
admin.yml	admin.stats.polls.web_participants	Internetes résztvevők	Web résztvevők	Web participants
admin.yml	admin.stats.polls.poll_questions	Kérdések a közvélemény-kutatásból:%{poll}	Kérdések a szavazásból: %{poll}	Questions from poll: %{poll}
admin.yml	admin.stats.polls.table.origin_web	Internetes résztvevők	Web résztvevők	Web participants
admin.yml	admin.stats.sdg.budget_investments.amount	Jóváhagyott összeg	Jóváhagyott mennyiség	Approved amount
admin.yml	admin.stats.sdg.budget_investments.sent	Elküldött beruházási projektek	Beruházási projektek elküldve	Investment projects sent
admin.yml	admin.stats.sdg.title	Fenntartható fejlesztési célok - Statok	Fenntartható fejlődési célok – Statisztikák	Sustainable Development Goals - Stats
admin.yml	admin.tags.index.add_tag	Új javaslattéma hozzáadása	Új ajánlattéma hozzáadása	Add a new proposal topic
admin.yml	admin.tags.index.title	Javaslattéma	Javaslati témák	Proposal topics
admin.yml	admin.tags.index.help	Amikor a felhasználó meghoz egy javaslatot, a következő témák javasoljuk, mint alapértelmezett címkék.	Amikor egy felhasználó javaslatot hoz létre, a következő témakörök javasoltak alapértelmezett címkékként.	When a user creates a proposal, the following topics are suggested as default tags.
admin.yml	admin.users.columns.id	Azonosító	ID	ID
admin.yml	admin.users.columns.erase_reason	Törlés oka	Törölje az okot	Erase reason
admin.yml	admin.users.columns.email	E-mail	Email	Email
admin.yml	admin.users.columns.document_number	Dokumentumszám	Iratszám	Document number
admin.yml	admin.users.columns.roles	Színpad	Szerepek	Roles
admin.yml	admin.users.columns.activation_status	Aktiválási állapot	Aktiválás állapota	Activation Status
admin.yml	admin.users.account.inactive_status	A fiók nem aktiválódott	A fiók nincs aktiválva	Account not activated
admin.yml	admin.users.search.placeholder	Keresési felhasználó e-mailben, név vagy dokumentumszám	Felhasználó keresése e-mail, név vagy dokumentumszám alapján	Search user by email, name or document number
admin.yml	admin.verifications.index.phone_not_given	Nem adott telefon	Telefon nincs megadva	Phone not given
admin.yml	admin.verifications.index.sms_code_not_confirmed	Nem erősítette meg az SSM kódot.	Nem erősítette meg az sms kódot	Has not confirmed the sms code
admin.yml	admin.site_customization.content_blocks.information	A tartalomtömbökre vonatkozó információk	Információk a tartalomblokkokról	Information about content blocks
admin.yml	admin.site_customization.content_blocks.about	Létrehozhat HTML tartalomblokkokat, amelyek a webhely különböző helyein helyezhetők el.	Létrehozhat HTML tartalomblokkokat, amelyeket beilleszthet webhelye különböző helyeire.	You can create HTML content blocks that can be inserted in different places of your website.
admin.yml	admin.site_customization.content_blocks.html_format	A tartalomblokk linkek csoportja, és a következő formátummal kell rendelkeznie:	A tartalomblokk hivatkozások csoportja, és a következő formátumúnak kell lennie:	A content block is a group of links, and it must have the following format:
admin.yml	admin.site_customization.content_blocks.no_blocks	Nincsenek tartalomblokkok.	Nincsenek tartalmi blokkok.	There are no content blocks.
admin.yml	admin.site_customization.content_blocks.create.notice	Sikeresen létrehozott tartalomblokk	A tartalomblokk sikeresen létrehozva	Content block created successfully
admin.yml	admin.site_customization.content_blocks.create.error	A tartalom blokkot nem lehet létrehozni.	A tartalomblokkot nem sikerült létrehozni	Content block couldn't be created
admin.yml	admin.site_customization.content_blocks.update.notice	Tartalom blokk frissítve sikeresen	A tartalomblokk frissítése sikeresen megtörtént	Content block updated successfully
admin.yml	admin.site_customization.content_blocks.update.error	A tartalomblokkot nem lehetett frissíteni	A tartalomblokkot nem sikerült frissíteni	Content block couldn't be updated
admin.yml	admin.site_customization.content_blocks.destroy.notice	Tartalom blokk törölve sikeresen	A tartalomblokk sikeresen törölve	Content block deleted successfully
admin.yml	admin.site_customization.content_blocks.edit.title	A tartalom szerkesztése	Tartalomblokk szerkesztése	Editing content block
admin.yml	admin.site_customization.content_blocks.index.delete	Törlés	Blokk törlése	Delete block
admin.yml	admin.site_customization.content_blocks.index.title	Tartalom	Tartalmi blokkok	Content blocks
admin.yml	admin.site_customization.content_blocks.content_block.names.top_links	Top LinkComment	Top linkek	Top Links
admin.yml	admin.site_customization.content_blocks.content_block.names.footer	Footer (közösségi média)	Lábléc (közösségi média)	Footer (social media)
admin.yml	admin.site_customization.content_blocks.content_block.names.footer_legal	Footer (jogi feltételek)	Lábléc (jogi feltételek)	Footer (legal terms)
admin.yml	admin.site_customization.content_blocks.content_block.names.subnavigation_left	Fő navigációs bal	Fő navigáció balra	Main Navigation Left
admin.yml	admin.site_customization.content_blocks.content_block.names.subnavigation_right	Fő navigációs jog	Fő navigációs jobb	Main Navigation Right
admin.yml	admin.site_customization.images.index.title	Egyéni képek	Egyedi képek	Custom images
admin.yml	admin.site_customization.images.update.notice	A kép frissítése sikeresen	A kép sikeresen frissítve	Image updated successfully
admin.yml	admin.site_customization.images.update.error	A képet nem lehetett frissíteni.	A képet nem sikerült frissíteni	Image couldn't be updated
admin.yml	admin.site_customization.images.destroy.notice	A kép sikeresen törlődött	A kép sikeresen törölve	Image deleted successfully
admin.yml	admin.site_customization.images.destroy.error	A képet nem lehetett törölni.	A képet nem sikerült törölni	Image couldn't be deleted
admin.yml	admin.site_customization.pages.create.error	Az oldal nem jött létre	Az oldalt nem sikerült létrehozni	Page couldn't be created
admin.yml	admin.site_customization.pages.update.notice	Az oldal frissítése sikeresen	Az oldal sikeresen frissítve	Page updated successfully
admin.yml	admin.site_customization.pages.update.error	Az oldal nem lett frissítve.	Az oldalt nem sikerült frissíteni	Page couldn't be updated
admin.yml	admin.site_customization.pages.destroy.notice	Az oldal törlése sikeresen	Az oldal sikeresen törölve	Page deleted successfully
admin.yml	admin.site_customization.pages.edit.title	Szerkesztés%{page_title}	%{page_title} szerkesztése	Editing %{page_title}
admin.yml	admin.site_customization.pages.index.delete	Az oldal törlése	Oldal törlése	Delete page
admin.yml	admin.site_customization.pages.index.title	Egyéni oldalak	Egyedi oldalak	Custom Pages
admin.yml	admin.site_customization.pages.index.see_page	Nézet	Kilátás	View
admin.yml	admin.site_customization.pages.new.slug_help	Szöveg, hogy azonosítsa ezt az oldalt az URL, például<code>https://consuldemocracy.org/page-slug</code>	Szöveg az oldal azonosítására az URL-en, például <code>https://consuldemocracy.org/page-slug</code>	Text to identify this page on URL, for example <code>https://consuldemocracy.org/page-slug</code>
admin.yml	admin.site_customization.pages.page.slug	Keresőbarát azonosító	Meztelen csiga	Slug
admin.yml	admin.site_customization.pages.page.see_cards	Kezelési kártyák	Kártyák kezelése	Manage cards
admin.yml	admin.site_customization.pages.cards.cards_title	kártya	kártyákat	cards
admin.yml	admin.site_customization.pages.cards.columns_help	A kártya szélessége oszlopszámban. A mobil képernyőn mindig 100% -os a szélesség.	A kártya szélessége az oszlopok számában. Mobilképernyőkön a szélesség mindig 100%.	Width of the card in number of columns. On mobile screens it's always a width of 100%.
admin.yml	admin.site_customization.pages.cards.order_help	A kártya megjelenésének helye megadható.	Megadhatja azt a pozíciót, ahol ez a kártya megjelenik.	You can enter the position where this card will be shown.
admin.yml	admin.site_customization.pages.cards.update.notice	A kártya frissítése sikeresen	A kártya sikeresen frissítve	Card updated successfully
admin.yml	admin.site_customization.pages.cards.destroy.notice	A kártya eltávolítása sikeresen	A kártya sikeresen eltávolítva	Card removed successfully
admin.yml	admin.tenants.create.notice	Sikeresen létrehozott bérlő	A bérlő sikeresen létrehozva	Tenant created successfully
admin.yml	admin.tenants.form.use_subdomain	Aldomain használata a%{domain}domain hozzáférni a bérlő	A bérlő eléréséhez használja az %{domain} tartomány aldomainjét	Use a subdomain in the %{domain} domain to access this tenant
admin.yml	admin.tenants.form.use_domain	Használjon egy másik domain, hogy hozzáférjen a bérlő	Használjon másik domaint a bérlő eléréséhez	Use a different domain to access this tenant
admin.yml	admin.tenants.hide.notice	A bérlő sikeresen letiltva	A bérlő letiltása sikeres volt	Tenant disabled successfully
admin.yml	admin.tenants.index.enable	Bérlő engedélyezése%{tenant}	Bérlő engedélyezése %{tenant}	Enable tenant %{tenant}
admin.yml	admin.tenants.new.admin_information	"Amikor létrehoz egy bérlőt, a jelenlegi felhasználója<strong>""%{username}""</strong>e-mailben<strong>""%{email}""</strong>és a jelszavát átmásoljuk az új bérlő adatbázisába, és automatikusan megadjuk az adminisztrációs engedélyeket. Vegye figyelembe, hogy ezeket a felhasználói fiókokat teljesen különálló adatbázisokban tárolják, így ha egy bérlőnél megváltoztatja a felhasználó jelszavát, a többi bérlőnél lévő számlái sértetlenek maradnak."	"Bérlő létrehozásakor a jelenlegi <strong>""%{username}""</strong> felhasználója az <strong>""%{email}""</strong> e-mail-címmel és jelszavával átmásolódik az új bérlő adatbázisába, és automatikusan megkapja az adminisztrációs engedélyeket. Ne feledje, hogy ezek a felhasználói fiókok teljesen különálló adatbázisokban vannak tárolva, így ha megváltoztatja a felhasználó jelszavát az egyik bérlőnél, a többi bérlőnél lévő fiókok érintetlenek maradnak."	"When you create a tenant, your current user <strong>""%{username}""</strong> with the email <strong>""%{email}""</strong> and your password will be copied into the new tenant's database and will be automatically granted administration permissions. Note that these user accounts are stored in completely separate databases, so if you change the password of your user in one tenant, your accounts in other tenants will remain intact."
admin.yml	admin.tenants.update.notice	A pályázó sikeresen frissítve	A bérlő sikeresen frissítve	Tenant updated successfully
admin.yml	admin.homepage.title	Honlap	Kezdőlap	Homepage
admin.yml	admin.homepage.edit.header_title	Fejléc szerkesztése	Szerkessze a fejlécet	Edit header
admin.yml	admin.audits.title	A napló módosítása	Változásnapló	Change Log
admin.yml	admin.audits.id	Azonosító	ID	ID
admin.yml	admin.audits.field	mező	Mező	Field
admin.yml	admin.audits.old_value	Régi érték	Régi Érték	Old Value
admin.yml	admin.audits.edited_at	Szerkesztve:	Szerkesztette:	Edited at
admin.yml	admin.audits.edited_by	Szerkesztette:	Szerkesztette	Edited by
admin.yml	admin.audits.actions	Intézkedések	Akciók	Actions
admin.yml	admin.audits.empty	Nincs változás bejelentkezve	Nincsenek naplózva változások	There are no changes logged
admin.yml	admin.local_census_records.index.create	Új helyi népszámlálási rekord létrehozása	Hozzon létre új helyi népszámlálási rekordot	Create new local census record
admin.yml	admin.local_census_records.index.no_local_census_records	Nincsenek helyi népszámlálási adatok.	Nincsenek helyi népszámlálási feljegyzések.	There are no local census records.
admin.yml	admin.local_census_records.index.document_type	Dokumentumtípus	Dokumentum típusa	Document type
admin.yml	admin.local_census_records.index.document_number	Dokumentumszám	Iratszám	Document number
admin.yml	admin.local_census_records.new.creating	Új helyi népszámlálási rekord létrehozása	Új helyi népszámlálási rekord készítése	Creating new local census record
admin.yml	admin.local_census_records.create.notice	Új helyi népszámlálási rekordot sikerült létrehozni!	Új helyi népszámlálási rekord sikeresen elkészült!	New local census record created successfully!
admin.yml	admin.local_census_records.edit.editing	Helyi népszámlálási adatok szerkesztése	Helyi népszámlálási jegyzőkönyv szerkesztése	Editing local census record
admin.yml	admin.local_census_records.update.notice	Helyi népszámlálási rekord frissítve sikeresen!	A helyi népszámlálási rekord sikeresen frissítve!	Local census record updated successfully!
admin.yml	admin.local_census_records.destroy.notice	A helyi népszámlálási rekordot sikeresen eltávolították!	A helyi népszámlálási rekord sikeresen eltávolítva!	Local census record removed successfully!
admin.yml	admin.local_census_records.imports.new.title	Helyi népszámlálási adatok	Helyi népszámlálási jegyzőkönyvek	Local census records
admin.yml	admin.local_census_records.imports.new.subtitle	CSV fájl importálása	CSV-fájl importálása	Import CSV file
admin.yml	admin.local_census_records.imports.create.notice	Helyi népszámlálás rekordok import folyamat sikeresen végrehajtott!	A helyi népszámlálási rekordok importálása sikeresen végrehajtva!	Local census records import process executed successfully!
admin.yml	admin.local_census_records.imports.show.subtitle	Importálási folyamat eredményei	A folyamat eredményeinek importálása	Import process results
admin.yml	admin.local_census_records.imports.show.import	Újra importálás	Importálja újra	Import again
admin.yml	admin.local_census_records.imports.show.errored	Törölt sorok	Hibás sorok	Errored rows
admin.yml	admin.local_census_records.imports.show.created	Létrehozott nyilvántartások	Létrehozott rekordok	Created records
admin.yml	admin.local_census_records.imports.local_census_records.no_records_found	Nincs adat.	Nem található rekord.	No records found.
admin.yml	admin.machine_learning.cancel	A művelet törlése	A művelet megszakítása	Cancel operation
admin.yml	admin.machine_learning.cancel_alert	Ez az akció törli az aktuális szkriptet, és újra le kell futtatni a szkriptet.	Ez a művelet törli az aktuális szkriptet, és újra kell futtatni a szkriptet.	This action will cancel the current script and it will be necessary to run the script again.
admin.yml	admin.machine_learning.comments_summary	Megjegyzések összefoglalása	Megjegyzések összefoglalója	Comments summary
admin.yml	admin.machine_learning.comments_summary_description	Megjelenít egy automatikusan generált megjegyzés összefoglalót minden elemet, hogy lehet kommentálni.	Automatikusan generált megjegyzés-összefoglalót jelenít meg minden olyan elemről, amelyhez megjegyzést lehet fűzni.	Displays an automatically generated comment summary on all items that can be commented on.
admin.yml	admin.machine_learning.executed_by	Végrehajtotta:	Végrehajtó:	Executed by:
admin.yml	admin.machine_learning.executed_script	Futtatott szkript:	Végrehajtott szkript:	Executed script:
admin.yml	admin.machine_learning.feature_disabled	Ez a funkció kikapcsolva. Használata gép tanulás lehetővé teheti, hogy a%{link}.	Ez a funkció le van tiltva. A Machine Learning használatához engedélyezheti az %{link}-ból.	This feature is disabled. To use Machine Learning you can enable it from the %{link}.
admin.yml	admin.machine_learning.feature_disabled_link	Beállítások oldal	beállítások oldalon	settings page
admin.yml	admin.machine_learning.help.title_1	Milyen típusú gyógyszer az AI / Machine Learning?	Mi az AI/gépi tanulás?	What is AI / Machine Learning?
admin.yml	admin.machine_learning.help.description_1	Hagyományosan a számítógépes programokat úgy tervezték meg, hogy pontos szabályokat állapítanak meg arra vonatkozóan, hogy a programnak mit kell tennie minden egyes helyzetben, és hogyan kell feldolgozni a rendelkezésre álló információkat minden pillanatban. Amit általában MI / Machine Learning-nek neveznek, az olyan programok, amelyek esetében pontosan az a feladat, amit el kell végezni, és annak értékelése, hogy a feladat jobb vagy rosszabb-e. De ellentétben az előbbivel, a rendszer felfedezi vagy megtanulja, mi lenne a legmegfelelőbb módszer a feladat elvégzésére.	Hagyományosan a számítógépes programokat úgy tervezték, hogy pontos szabályokat állapítanak meg arra vonatkozóan, hogy a programnak mit kell tennie az egyes helyzetekben, és hogyan kell minden pillanatban feldolgozni a rendelkezésre álló információkat. A közismert nevén AI/gépi tanulás olyan programok, amelyeknél pontosan meghatározható, hogy mi az elvégzendő feladat, és hogyan értékelik, hogy a feladatot jobban vagy rosszabbul hajtják-e végre. De az előbbitől eltérően a rendszer felfedezi vagy megtanulja, hogy mi lenne a legmegfelelőbb módszer a feladat végrehajtására.	Traditionally, computer programs are designed by establishing precise rules about what the program should do in each situation, and how to process the available information at each moment. What is commonly known as AI/Machine Learning is a type of programs for which what is precisely established is what the task to be performed is and how it is assessed whether the task is better or worse performed. But unlike the former, the system discovers or learns what would be the most suitable method to perform the task.
admin.yml	admin.machine_learning.help.title_2	Mit jelent az AI / Machine Learning modul CONSUL DEMOCRACY?	Mit jelent az AI / Machine Learning modul a KONZULI DEMOKRÁCIÁBAN?	What does the AI / Machine Learning module in CONSUL DEMOCRACY?
admin.yml	admin.machine_learning.help.description_2	Ez a modul lehetővé teszi bármilyen típusú AI / Machine Learning programok végrehajtását CONSUL DEMOKRACY. A programok feldolgozzák a CONSUL DEMOCRACY-ban rendelkezésre álló információkat, és olyan eredményeket hoznak, amelyek mind a felhasználók, mind az adminisztrátorok számára lehetővé teszik a polgárok hatékonyabb és intelligensebb részvételét. A modult úgy fejlesztették ki, hogy az új programok végrehajtása és működtetése könnyen lehetséges legyen, a CONSUL DEMOKRACY általános kódját és az új programok kódját egymástól függetlenül tartva.	Ez a modul lehetővé teszi bármilyen típusú mesterséges intelligencia/gépi tanulási program megvalósítását a CONSUL DEMOKRÁCIÁBAN. A programok képesek feldolgozni a CONSUL DEMOKRÁCIÁBAN elérhető információkat, és olyan eredményeket produkálni, amelyek mind a felhasználók, mind az adminisztrátorok hatékonyabb és intelligensebb állampolgári részvételt tesznek lehetővé. A modult úgy fejlesztették ki, hogy megkönnyítse az új programok bevezetését és futtatását, a CONSUL DEMOKRÁCIA általános kódját és ezen új programok kódjait egymástól függetlenül megőrizve.	This module allows any type of AI/Machine Learning programs to be implemented in CONSUL DEMOCRACY. The programs can process the information available in CONSUL DEMOCRACY and produce results that help both users and administrators to carry out more effective and intelligent citizen participation. The module has been developed to make it easy to implement and run new programs, keeping the general code of CONSUL DEMOCRACY and the code of these new programs independent from each other.
admin.yml	admin.machine_learning.help.title_3	Hogyan használjuk ezt a modult?	Hogyan kell használni ezt a modult	How to use this module
admin.yml	admin.machine_learning.help.description_3	"Az első használatához a CONSUL DEMOCRACY dokumentációban található utasításokat kell követni a modul megfelelő aktiválásához. Miután a modul megfelelően aktiválódott, a programok a ""Futtatás szkriptek"" fülről kerülnek végrehajtásra. A kivitelezés előtt egy lapon láthatjuk a végrehajtási idő becslését és más releváns információkat. A kivitelezés végén aktiválhatjuk a CONSUL DEMOCRACY-ban megjelenített tartalmat a ""Beállítások"" fülről, valamint letölthetünk más generált fájlokat, amelyek hasznosak lehetnek számunkra."	"Az első használathoz kövesse a CONSUL DEMOCRACY dokumentációjában található utasításokat a modul megfelelő aktiválásához. A modul helyes aktiválása után a programok a ""Szkriptek végrehajtása"" fülről futnak le. A végrehajtás előtt ugyanazon a lapon láthatjuk a végrehajtási idő becslését és egyéb releváns információkat. A végrehajtás végén a ""Beállítások"" fülről aktiválhatjuk a CONSUL DEMOCRACY-ban megjelenő tartalmakat, valamint letölthetünk más generált fájlokat, amelyek hasznosak lehetnek számunkra."	"To use it for the first time it is necessary to follow the instructions available in the CONSUL DEMOCRACY documentation to properly activate this module. Once the module is correctly activated, the programs are executed from the ""Execute scripts"" tab. Before executing it, we can see in the same tab an estimation of the execution time and other relevant information. At the end of the execution, we can activate the content that will be shown in CONSUL DEMOCRACY from the ""Settings"" tab, as well as download other generated files that may be useful to us."
admin.yml	admin.machine_learning.help.title_4	Új AI / Machine Learning szkriptek végrehajtása	Új AI/Gépi tanulási szkriptek implementálása	How to implement new AI / Machine Learning scripts
admin.yml	admin.machine_learning.help.description_4b	Az új szkripteket a mappában kell elhelyezni.<code>nyilvános / gép _ tanulás / szkriptek</code>	Az új szkripteknek a <code>public/machine_learning/scripts</code> mappában kell lenniük.	The new scripts should be located in the folder <code>public/machine_learning/scripts</code>
admin.yml	admin.machine_learning.help.description_4c	A script által használt bemeneti adatok JSON fájlként lesznek létrehozva a mappában<code>.. / adatok</code>	A szkript által használandó bemeneti adatok JSON-fájlokként jönnek létre az <code>../data</code> mappában	The input data to be used by the script will be created as JSON files in the folder <code>../data</code>
admin.yml	admin.machine_learning.help.description_4d	A generált kimenetet a mappába kell helyezni<code>.. / adatok</code>	Minden generált kimenetet az <code>../data</code> mappába kell helyezni	Any generated output should be placed in the folder <code>../data</code>
admin.yml	admin.machine_learning.help.description_4e	Ajánlott egy független<code>.ini</code>szöveges fájl a szkript beállításaival, a szkript azonos nevével és konfiguráló által olvasható. Ez a fájl megkönnyíti a beállítások módosítását az adminisztrátorok.	Javasoljuk, hogy készítsünk egy független <code>.ini</code> szövegfájlt a szkript beállításaival, ugyanazzal a névvel, mint a szkript, és a configparser által olvasható. Ez a fájl megkönnyíti a beállítások módosítását a rendszergazdák által.	It is recommended to create an independent <code>.ini</code> text file with the settings of the script, with the same name of the script and readable by configparser. This file will facilitate settings change by the administrators.
admin.yml	admin.machine_learning.help.description_4f	Javasoljuk, hogy a szkript első sorában egy kezdeti tripla-idézőjeles sztring szerepeljen, amely rövid információkat tartalmaz róla, és linkeket tartalmaz minden lényeges információhoz. Ez a sztring automatikusan megjelenik az Igazgatási felületen.	Javasoljuk, hogy a szkript első sorában szerepeltessen egy kezdeti hármas idézőjelből álló karakterláncot, amelyhez néhány rövid információ és a releváns információkra mutató hivatkozások szerepelnek. Ez a karakterlánc automatikusan megjelenik az adminisztrációs felületen.	It is recommended to include as the first line of the script an initial triple-quote string with some brief information about it and links to any relevant information. This string will be automatically shown in the Administration interface.
admin.yml	admin.machine_learning.help.description_4g	Ajánlatos a szkript vonatkozó adatait a<code>.log</code>szöveges fájl, a szkript azonos nevével.	Javasoljuk, hogy a szkript releváns információit egy <code>.log</code> szövegfájlban naplózza, a szkript azonos nevével.	It is recommended to log the relevant information of the script in a <code>.log</code> text file, with the same name of the script.
admin.yml	admin.machine_learning.help.title_5	Az AI / Machine Learning szkriptek használatához a Python telepítése szükséges a szerverre	Az AI / Machine Learning szkriptek használatához telepíteni kell a Pythont a szerverére	To use AI / Machine Learning scripts you need to have Python installed on your server
admin.yml	admin.machine_learning.help.description_5	Itt látható az Ubuntu 18.04 szerver példájának útmutatója:	Itt láthatja az Ubuntu 18.04 kiszolgálóhoz tartozó példa utasításokat:	Here you can see the example instructions for an Ubuntu 18.04 server:
admin.yml	admin.machine_learning.help_text	Ez a funkció kísérleti.	Ez a funkció kísérleti jellegű.	This functionality is experimental.
admin.yml	admin.machine_learning.last_execution	Utolsó végrehajtás	Utolsó kivégzés	Last execution
admin.yml	admin.machine_learning.no_content	Még nem keletkezett tartalom.	Még nincs tartalom generálva.	No content generated yet.
admin.yml	admin.machine_learning.notice.success	Az utolsó szkriptet sikeresen végrehajtották.	Az utolsó szkript sikeresen végrehajtva.	The last script has been executed successfully.
admin.yml	admin.machine_learning.notice.error	Hiba történt. A részleteket lásd alább.	Hiba történt. A részleteket alább láthatja.	An error has occurred. You can see the details below.
admin.yml	admin.machine_learning.notice.working	A forgatókönyv működik. Az adminisztrátor, aki végrehajtotta, megkapja az e-mailt, ha befejezte.	A szkript fut. Az adminisztrátor, aki végrehajtotta, e-mailt kap, amikor befejeződött.	The script is running. The administrator who executed it will receive an email when it is finished.
admin.yml	admin.machine_learning.notice.delete_generated_content	A generált tartalmat sikeresen törölték.	A generált tartalom sikeresen törölve.	Generated content has been successfully deleted.
admin.yml	admin.machine_learning.related_content_description	A kapcsolódó tartalmak automatikus hozzáadása a javaslatokhoz és a részvételi költségvetési projektekhez.	Automatikusan generált kapcsolódó tartalmat ad hozzá az ajánlatokhoz és a közösségi költségvetési projektekhez.	Adds automatically generated related content to proposals and participatory budget projects.
admin.yml	admin.machine_learning.script_info	Kapsz egy e-mailt%{email}amikor a forgatókönyv véget ér.	E-mailt fog kapni az %{email} címen, amikor a szkript fut.	You will receive an email in %{email} when the script finishes running.
admin.yml	admin.machine_learning.select_script	Válassza ki a Python szkriptet	Válassza ki a végrehajtani kívánt python szkriptet	Select python script to execute
admin.yml	admin.machine_learning.tags_description	Automatikus címkéket generál minden olyan elemre, amit fel lehet címkézni.	Automatikus címkéket generál minden olyan elemhez, amelyen meg lehet címkézni.	Generates automatic tags on all items that can be tagged on.
admin.yml	admin.cookies.vendors.empty	Nem találtak eladókat.	Nem található eladó	No vendors found
admin.yml	admin.cookies.vendors.third_party_cookies	Harmadik féltől származó süti	Harmadik féltől származó cookie-k	Third party cookies
admin.yml	admin.cookies.vendors.create_button	Sütiárus létrehozása	Cookie-szállító létrehozása	Create cookie vendor
admin.yml	admin.cookies.vendors.create.notice	Cookie eladó sikeresen létrehozott	A cookie-szolgáltató sikeresen létrehozva	Cookie vendor created successfully
admin.yml	admin.cookies.vendors.new.title	Új sütiárus	Új süti eladó	New cookie vendor
admin.yml	admin.cookies.vendors.edit.title	Sütiárus szerkesztése	Cookie-szolgáltató szerkesztése	Edit cookie vendor
admin.yml	admin.cookies.vendors.update.notice	A cookie-árus sikeresen frissítve	A cookie-szolgáltató sikeresen frissítve	Cookie vendor updated successfully
admin.yml	admin.cookies.vendors.destroy.notice	A cookie-árus sikeresen törlődött	A cookie-szolgáltató sikeresen törölve	Cookie vendor deleted successfully
admin.yml	admin.cookies.vendors.form.cookie.help_text	Ez az információ belső felhasználásra kerül. A süti nevének egyedinek kell lennie, és csak betűket, számjegyeket és alátéteket tartalmazhat.	Ezeket az információkat belsőleg használjuk fel. A cookie nevének egyedinek kell lennie, és csak betűket, számokat és aláhúzásjeleket tartalmazhat.	This information will be used internally. The cookie name must be unique, and it can only contain letters, digits and underscores.
admin.yml	admin.cookies.vendors.form.script.help_text	Ez az a szkript, amit akkor kell futtatni, amikor ezt a sütit a felhasználó elfogadja. Itt lehet megadni a vanília Javascript kódot, és be lehet vezetni utalásokat más alkalmazás javascript.	Ez az a szkript, amely akkor fut, amikor a felhasználó elfogadja ezt a cookie-t. Itt adhatja meg a vanília Javascript kódot, és hivatkozhat más javascript alkalmazásokra.	This is the script to run when this cookie is accepted by the user. You can enter vanilla Javascript code here and introduce references to other application javascript.
pages.yml	pages.conditions.subtitle	JOGI MEGJEGYZÉS A NYILVÁNTARTÁSBA VÉTEL PORTAL SZEMÉLYES ADATOK HASZNÁLATI FELTÉTELEIRŐL, PRIVÁCIÓJA ÉS VÉDELME	JOGI KÖZLEMÉNY A NYÍLT KORMÁNYZATI PORTÁL FELHASZNÁLÁSI FELTÉTELEIRE, ADATVÉDELME ÉS VÉDELME	LEGAL NOTICE ON THE CONDITIONS OF USE, PRIVACY AND PROTECTION OF PERSONAL DATA OF THE OPEN GOVERNMENT PORTAL
pages.yml	pages.conditions.description	Tájékoztató oldal a használat feltételeiről, a magánélet védelméről és a személyes adatok védelméről.	Információs oldal a felhasználás feltételeiről, a személyes adatok védelméről és védelméről.	Information page on the conditions of use, privacy and protection of personal data.
pages.yml	pages.privacy.title	Adatvédelmi irányelvek	Adatvédelmi szabályzat	Privacy Policy
pages.yml	pages.privacy.subtitle	Adatvédelem	Információs oldal az adatvédelemről	Information page on privacy
pages.yml	pages.accessibility.examples[0]	A képek helyett a vak vagy látássérült felhasználók speciális olvasókat használhatnak az információk eléréséhez.	A képekhez alternatív szöveget adva a vak vagy gyengénlátó felhasználók speciális olvasókkal érhetik el az információkat.	Providing alternative text to the images, blind or visually impaired users can use special readers to access the information.
pages.yml	pages.accessibility.examples[1]	Ha a videóknak van feliratuk, a hallási problémákkal küzdő felhasználók teljesen megérthetik őket.	Ha a videóknak van felirata, a hallássérült felhasználók teljesen megértik azt.	When videos have subtitles, users with hearing difficulties can fully understand them.
pages.yml	pages.accessibility.examples[2]	Ha a tartalom egyszerű és illusztrált nyelven van megírva, a tanulási problémákkal küzdő felhasználók jobban megérthetik azokat.	Ha a tartalom egyszerű és illusztrált nyelven van megírva, a tanulási problémákkal küzdő felhasználók jobban meg tudják érteni azokat.	If the contents are written in a simple and illustrated language, users with learning problems are better able to understand them.
pages.yml	pages.accessibility.examples[3]	Ha a felhasználónak mobilitási problémái vannak, és nehéz használni az egeret, az alternatív billentyűzet segít a navigációban.	Ha a felhasználónak mozgási problémái vannak, és nehezen tudja használni az egeret, a billentyűzettel ellátott alternatívák segítenek a navigációban.	If the user has mobility problems and it is difficult to use the mouse, the alternatives with the keyboard help in navigation.
pages.yml	pages.accessibility.keyboard_shortcuts.title	Billentyűzet	Billentyűparancsok	Keyboard shortcuts
pages.yml	pages.accessibility.keyboard_shortcuts.navigation_table.description	Ahhoz, hogy ezen a weboldalon keresztül elérhető módon tájékozódhasson, egy gyors hozzáférési kulcsokból álló csoportot programoztak be, amely összegyűjti az általános érdekű főbb szakaszokat, amelyek között az oldal szerveződik.	Annak érdekében, hogy könnyen navigálhasson ezen a webhelyen, gyors hozzáférési kulcsok csoportját programozták, amelyek összegyűjtik azokat a főbb, általános érdeklődésre számot tartó részeket, amelyekbe a webhely fel van rendezve.	To be able to navigate through this website in an accessible way, a group of quick access keys has been programmed that gather the main sections of general interest in which the site is organized.
pages.yml	pages.accessibility.keyboard_shortcuts.navigation_table.caption	Billentyűzet a navigációs menühöz	Billentyűparancsok a navigációs menühöz	Keyboard shortcuts for the navigation menu
pages.yml	pages.accessibility.keyboard_shortcuts.navigation_table.key_header	Kulcs	Kulcsfontosságú	Key
pages.yml	pages.accessibility.keyboard_shortcuts.navigation_table.page_header	Oldal	oldal	Page
pages.yml	pages.accessibility.keyboard_shortcuts.navigation_table.rows[0].page_column	Tartalom	Otthon	Home
pages.yml	pages.accessibility.keyboard_shortcuts.navigation_table.rows[3].page_column	Szavazások	Szavazatok	Votes
pages.yml	pages.accessibility.keyboard_shortcuts.navigation_table.rows[4].page_column	Közösségi költségvetések	közösségi költségvetések	Participatory budgets
pages.yml	pages.accessibility.keyboard_shortcuts.navigation_table.rows[5].page_column	Jogalkotási eljárások	Jogalkotási folyamatok	Legislative processes
pages.yml	pages.accessibility.keyboard_shortcuts.browser_table.description	Az operációs rendszertől és az alkalmazott böngészőtől függően a kulcskombináció a következő lesz:	Az operációs rendszertől és a használt böngészőtől függően a billentyűkombináció a következő lesz:	Depending on the operating system and the browser used, the key combination will be as follows:
pages.yml	pages.accessibility.keyboard_shortcuts.browser_table.caption	A kulcskombináció az operációs rendszertől és a böngészőtől függően	Az operációs rendszertől és a böngészőtől függően billentyűkombináció	Key combination depending on the operating system and browser
pages.yml	pages.accessibility.keyboard_shortcuts.browser_table.key_header	Kulcsfontosságú kombináció	Kulcskombináció	Key combination
pages.yml	pages.accessibility.textsize.title	Szövegméret	Szöveg mérete	Text size
pages.yml	pages.accessibility.textsize.browser_settings_table.description	A hozzáférhető design ezen a honlapon lehetővé teszi a felhasználó számára, hogy válassza ki a méretét a szöveget, amely megfelel neki. Ez a művelet az alkalmazott böngészőtől függően különböző módon hajtható végre.	A weboldal akadálymentes kialakítása lehetővé teszi, hogy a felhasználó kiválaszthassa a számára megfelelő szövegméretet. Ez a művelet a használt böngészőtől függően különböző módon hajtható végre.	The accessible design of this website allows the user to choose the size of the text that suits him. This action can be carried out in different ways depending on the browser used.
pages.yml	pages.accessibility.textsize.browser_settings_table.action_header	A meghozandó intézkedések	Intézkedések	Action to be taken
pages.yml	pages.accessibility.textsize.browser_shortcuts_table.description	Egy másik módja annak, hogy módosítsa a szöveg méretét, hogy használja a billentyűzet rövidítések meghatározott böngészők, különösen a kulcskombináció:	A szövegméret módosításának másik módja a böngészőkben definiált billentyűparancsok használata, különösen a billentyűkombináció:	Another way to modify the text size is to use the keyboard shortcuts defined in browsers, in particular the key combination:
pages.yml	pages.accessibility.textsize.browser_shortcuts_table.rows[0].shortcut_column	CTRL és + (CMD és + MAC)	CTRL és + (CMD és + MAC-on)	CTRL and + (CMD and + on MAC)
pages.yml	pages.accessibility.textsize.browser_shortcuts_table.rows[0].description_column	Szövegméret növelése	Növeli a szöveg méretét	Increases text size
pages.yml	pages.accessibility.textsize.browser_shortcuts_table.rows[1].shortcut_column	CTRL és - (CMD és - MAC)	CTRL és - (CMD és - MAC-on)	CTRL and - (CMD and - on MAC)
pages.yml	pages.titles.help	Mi %{org}- Polgári részvétel	Mi az %{org}? - Állampolgári részvétel	What is %{org}? - Citizen participation
pages.yml	pages.verify.info	A fiókjának ellenőrzése a hozzáférési adatok bevezetésével:	Fiókja ellenőrzéséhez adja meg hozzáférési adatait:	To verify your account introduce your access data:
pages.yml	pages.verify.info_code	Most vezesse be a kódot kapott levélben:	Most mutassa be a levélben kapott kódot:	Now introduce the code you received in letter:
pages.yml	pages.verify.submit	Ellenőrizzétek a számlámat!	Ellenőrizze a fiókomat	Verify my account
pages.yml	pages.verify.title	Fiókjának ellenőrzése	Igazolja fiókját	Verify your account
sdg.yml	sdg.goals.goal_1.title_in_two_lines	"Nem.
Szegénység"	"Nem
Szegénység"	"No
Poverty"
sdg.yml	sdg.goals.goal_1.description	Véget vetünk a szegénységnek minden formájában, mindenhol.	Vess véget a szegénységnek minden formájában, mindenhol.	End poverty in all its forms, everywhere.
sdg.yml	sdg.goals.goal_1.long_description	"<p>Globális szinten a rendkívüli szegénységben élők száma az 1990-es 36% -ról 2015-re 10% -ra csökkent. De a változás üteme lelassul és a COVID-19 válság <a href=""https://www.un.org/sites/un2.un.org/files/sg_report_socio-economic_impact_of_covid19.pdf"">a haladás évtizedeinek visszafordításával járó kockázatok,</a> a szegénység elleni küzdelemben. <a href=""https://www.wider.unu.edu/node/237051"">Új kutatás</a> az UNU Fejlesztési Közgazdaságtudományi Kutatóintézete által közzétett jelentés arra figyelmeztet, hogy <a href=""https://www.wider.unu.edu/publication/estimates-impact-covid-19-global-poverty"">a világjárvány akár fél milliárd emberrel is növelheti a globális szegénységet</a>vagy a teljes emberi populáció 8% -a. 1990 óta ez lenne az első alkalom, hogy a szegénység világszerte növekedett.</p>  <p>Több mint <a href=""http://www.worldbank.org/en/news/press-release/2018/09/19/decline-of-global-extreme-poverty-continues-but-has-slowed-world-bank"">700 millió ember</a>vagy a világ lakosságának 10% -a még ma is rendkívüli szegénységben él, a legalapvetőbb szükségletek, például az egészség, az oktatás, a vízhez és a higiéniához való hozzáférés kielégítésével küzd. A legtöbb ember él kevesebb, mint 1,90 $egy nap él szubszaharai Afrika. A világ <a href=""https://unstats.un.org/sdgs/report/2019/goal-01/"">a szegénység aránya a vidéki területeken 17,2%</a>- több mint háromszor magasabb, mint a városi területeken. & nbsp;</p>  <p>Azok számára, akik dolgoznak, a munka nem garantálja a tisztességes megélhetést. Valójában, <a href=""https://unstats.un.org/sdgs/report/2019/goal-01/"">8 százalék</a> 2018-ban a foglalkoztatottak és családjaik világszerte rendkívüli szegénységben éltek. Öt gyerekből egy rendkívüli szegénységben él. A szegénység csökkentéséhez elengedhetetlen a szociális védelem biztosítása valamennyi gyermek és más kiszolgáltatott csoportok számára.</p>"	"<p>Globálisan a mélyszegénységben élők száma az 1990-es 36 százalékról 2015-re 10 százalékra csökkent. A változás üteme azonban lassul, és a COVID-19 válság <a href=""https://www.un.org/sites/un2.un.org/files/sg_report_socio-economic_impact_of_covid19.pdf""> azt kockáztatja, hogy a szegénység elleni küzdelem több évtizedes előrehaladását</a> megfordítja. <a href=""https://www.wider.unu.edu/node/237051"">Az UNU World Institute for Development Economics Research által közzétett új kutatás</a> arra figyelmeztet, hogy a globális világjárvány <a href=""https://www.wider.unu.edu/publication/estimates-impact-covid-19-global-poverty""> gazdasági következményei akár félmilliárd emberrel </a>, vagyis a teljes emberiség 8%-ával növelhetik a globális szegénységet. Ez lenne az első alkalom, hogy 1990 óta harminc év alatt globálisan nőtt a szegénység.</p> <p>Több mint <a href=""http://www.worldbank.org/en/news/press-release/2018/09/19/decline-of-global-extreme-poverty-continues-but-has-slowed-world-bank"">700 millió ember</a>, vagyis a világ népességének 10 százaléka, még ma is rendkívüli szegénységben él, és a legalapvetőbb egészségügyi, oktatási és vízellátási szükségletek kielégítéséért küzd. A napi 1,90 dollárnál kevesebbből élő emberek többsége a Szaharától délre fekvő Afrikában él. Világszerte az <a href=""https://unstats.un.org/sdgs/report/2019/goal-01/"">szegénységi ráta a vidéki területeken 17,2 százalék</a> – ez több mint háromszorosa a városi területeknek. </p> <p>A dolgozók számára az állás nem garantálja a tisztességes megélhetést. Valójában 2018-ban világszerte a foglalkoztatott munkavállalók és családjaik <a href=""https://unstats.un.org/sdgs/report/2019/goal-01/"">8 százaléka</a> élt rendkívüli szegénységben. Minden ötödik gyermek él rendkívüli szegénységben. A szegénység csökkentése szempontjából kritikus fontosságú minden gyermek és más kiszolgáltatott csoport szociális védelmének biztosítása.</p>"	"<p>Globally, the number of people living in extreme poverty declined from 36 per cent in 1990 to 10 per cent in 2015. But the pace of change is decelerating and the COVID-19 crisis <a href=""https://www.un.org/sites/un2.un.org/files/sg_report_socio-economic_impact_of_covid19.pdf"">risks reversing decades of progress</a> in the fight against poverty. <a href=""https://www.wider.unu.edu/node/237051"">New research</a> published by the UNU World Institute for Development Economics Research warns that the economic fallout from <a href=""https://www.wider.unu.edu/publication/estimates-impact-covid-19-global-poverty"">the global pandemic could increase global poverty by as much as half a billion people</a>, or 8% of the total human population. This would be the first time that poverty has increased globally in thirty years, since 1990.</p> <p>More than <a href=""http://www.worldbank.org/en/news/press-release/2018/09/19/decline-of-global-extreme-poverty-continues-but-has-slowed-world-bank"">700 million people</a>, or 10 per cent of the world population, still live in extreme poverty today, struggling to fulfil the most basic needs like health, education, and access to water and sanitation, to name a few. The majority of people living on less than $1.90 a day live in sub-Saharan Africa. Worldwide, the <a href=""https://unstats.un.org/sdgs/report/2019/goal-01/"">poverty rate in rural areas is 17.2 per cent</a>—more than three times higher than in urban areas.&nbsp;</p> <p>For those who work, having a job does not guarantee a decent living. In fact, <a href=""https://unstats.un.org/sdgs/report/2019/goal-01/"">8 per cent</a> of employed workers and their families worldwide lived in extreme poverty in 2018. One out of five children live in extreme poverty. Ensuring social protection for all children and other vulnerable groups is critical to reduce poverty.</p>"
sdg.yml	sdg.goals.goal_1.targets.target_1_1.long_title	2030-ra minden ember számára felszámolják a rendkívüli szegénységet, jelenleg a napi 1,25 dollárnál kevesebb emberből élnek.	2030-ra mindenhol fel kell számolni a szélsőséges szegénységet, amely jelenleg napi 1,25 dollárnál kevesebbből él	By 2030, eradicate extreme poverty for all people everywhere, currently measured as people living on less than $1.25 a day
sdg.yml	sdg.goals.goal_1.targets.target_1_1.short_title	Extrém szegénység felszámolása	Az extrém szegénység felszámolása	Eradicate Extreme Poverty
sdg.yml	sdg.goals.goal_1.targets.target_1_2.long_title	2030-ra a szegénységben élő férfiak, nők és gyermekek arányának legalább felével kell csökkenteni a nemzeti fogalommeghatározások szerint.	2030-ra legalább felére kell csökkenteni a szegénységben élő minden korosztályú férfiak, nők és gyermekek arányát annak minden dimenziójában a nemzeti meghatározások szerint	By 2030, reduce at least by half the proportion of men, women and children of all ages living in poverty in all its dimensions according to national definitions
sdg.yml	sdg.goals.goal_1.targets.target_1_2.short_title	A szegénység csökkentése legalább 50% -kal	A szegénység csökkentése legalább 50%-kal	Reduce Poverty by at Least 50%
sdg.yml	sdg.goals.goal_1.targets.target_1_3.long_title	A megfelelő nemzeti szociális védelmi rendszerek és intézkedések végrehajtása mindenki számára, beleértve a padozatokat is, valamint 2030-ig a szegények és a kiszolgáltatott helyzetben lévők jelentős lefedettségének elérése	Végre kell hajtani a nemzeti szinten megfelelő szociális védelmi rendszereket és intézkedéseket mindenki számára, beleértve a padlószinteket is, és 2030-ra a szegények és a kiszolgáltatottak jelentős lefedettségének elérése	Implement nationally appropriate social protection systems and measures for all, including floors, and by 2030 achieve substantial coverage of the poor and the vulnerable
sdg.yml	sdg.goals.goal_1.targets.target_1_4.long_title	2030-ra biztosítani kell, hogy minden férfi és nő, különösen a szegények és a kiszolgáltatottak egyenlő jogokkal rendelkezzenek a gazdasági erőforrásokhoz, valamint az alapvető szolgáltatásokhoz, a földterületek és egyéb ingatlanok, örökség, természeti erőforrások, a megfelelő új technológiák és pénzügyi szolgáltatások - beleértve a mikrofinanszírozást - feletti tulajdonjogokhoz és ellenőrzéshez való hozzáféréshez.	2030-ra biztosítsa, hogy minden férfi és nő, különösen a szegények és a kiszolgáltatottak, egyenlő jogokkal rendelkezzenek a gazdasági erőforrásokhoz, valamint az alapvető szolgáltatásokhoz, a földtulajdonhoz és a tulajdonjoghoz és a tulajdonhoz, az örökséghez, a természeti erőforrásokhoz, a megfelelő új technológiához és pénzügyi szolgáltatásokhoz, beleértve a mikrofinanszírozást is.	By 2030, ensure that all men and women, in particular the poor and the vulnerable, have equal rights to economic resources, as well as access to basic services, ownership and control over land and other forms of property, inheritance, natural resources, appropriate new technology and financial services, including microfinance
sdg.yml	sdg.goals.goal_1.targets.target_1_4.short_title	Egyenlő jogok a tulajdonjoghoz, az alapvető szolgáltatásokhoz, a technológiához és a gazdasági erőforrásokhoz	Egyenlő jogok a tulajdonhoz, az alapvető szolgáltatásokhoz, a technológiához és a gazdasági erőforrásokhoz	Equal Rights to Ownership, Basic Services, Technology and Economic Resources
sdg.yml	sdg.goals.goal_1.targets.target_1_5.long_title	2030-ra építsék ki a szegények és a kiszolgáltatott helyzetben lévők ellenálló képességét, és csökkentsék a kiszolgáltatottságukat és sebezhetőségüket az éghajlatváltozással kapcsolatos szélsőséges eseményekkel és más gazdasági, társadalmi és környezeti sokkokkal és katasztrófákkal szemben.	2030-ra növelni kell a szegények és a kiszolgáltatott helyzetben lévők ellenálló képességét, és csökkenteni kell az éghajlattal összefüggő szélsőséges eseményekkel és egyéb gazdasági, társadalmi és környezeti sokkokkal és katasztrófákkal szembeni kitettségüket és sebezhetőségüket	By 2030, build the resilience of the poor and those in vulnerable situations and reduce their exposure and vulnerability to climate-related extreme events and other economic, social and environmental shocks and disasters
sdg.yml	sdg.goals.goal_1.targets.target_1_5.short_title	A környezeti, gazdasági és társadalmi katasztrófák ellenálló képességének építése	A környezeti, gazdasági és társadalmi katasztrófákkal szembeni ellenálló képesség kialakítása	Build Resilience to Environmental, Economic and Social Disasters
sdg.yml	sdg.goals.goal_1.targets.target_1_A.long_title	A különféle forrásokból származó források jelentős mozgósításának biztosítása, többek között a megerősített fejlesztési együttműködés révén, hogy megfelelő és kiszámítható eszközöket biztosítson a fejlődő országok, különösen a legkevésbé fejlett országok számára a szegénység minden dimenziójában történő felszámolását célzó programok és politikák végrehajtásához	Biztosítsa a források jelentős mozgósítását különféle forrásokból, többek között a megerősített fejlesztési együttműködés révén, hogy megfelelő és kiszámítható eszközöket biztosítson a fejlődő országoknak, különösen a legkevésbé fejlett országoknak a szegénység minden dimenziójában való felszámolására irányuló programok és politikák végrehajtására.	Ensure significant mobilization of resources from a variety of sources, including through enhanced development cooperation, in order to provide adequate and predictable means for developing countries, in particular least developed countries, to implement programmes and policies to end poverty in all its dimensions
sdg.yml	sdg.goals.goal_1.targets.target_1_A.short_title	Erőforrások mozgósítása a politikák végrehajtásához a szegénység felszámolása érdekében	Erőforrások mozgósítása a szegénység felszámolását célzó politikák végrehajtásához	Mobilize Resources to Implement Policies to End Poverty
sdg.yml	sdg.goals.goal_1.targets.target_1_B.long_title	Nemzeti, regionális és nemzetközi szinten szilárd szakpolitikai keretek létrehozása a szegénységre és a nemekre érzékeny fejlesztési stratégiákon alapuló, a szegénység felszámolására irányuló intézkedésekbe történő beruházások felgyorsításának támogatása érdekében	Szilárd politikai keretek létrehozása nemzeti, regionális és nemzetközi szinten, szegénybarát és nemi szempontokat figyelembe vevő fejlesztési stratégiákon alapulva a szegénység felszámolását célzó intézkedésekbe történő felgyorsított befektetések támogatása érdekében	Create sound policy frameworks at the national, regional and international levels, based on pro-poor and gender-sensitive development strategies, to support accelerated investment in poverty eradication actions
sdg.yml	sdg.goals.goal_1.targets.target_1_B.short_title	A szegény és férfiérzékeny politikai keretek létrehozása	Szegénybarát és a nemek közötti egyenlőségre érzékeny politikai keretek létrehozása	Create pro-poor and gender-sensitive policy frameworks
sdg.yml	sdg.goals.goal_2.title	Zéró éhség	Zero Hunger	Zero Hunger
sdg.yml	sdg.goals.goal_2.description	Zéró éhség.	Zero Hunger.	Zero Hunger.
sdg.yml	sdg.goals.goal_2.targets.target_2_1.long_title	2030-ra véget kell vetni az éhezésnek, és biztosítani kell, hogy minden ember, különösen a szegények és a kiszolgáltatott helyzetben lévő emberek, beleértve a csecsemőket is, egész évben biztonságos, tápláló és elegendő élelemhez jussanak.	2030-ra vessen véget az éhezésnek, és biztosítsa, hogy minden ember – különösen a szegények és a kiszolgáltatott helyzetben lévők – beleértve a csecsemőket is – egész évben biztonságos, tápláló és elegendő élelmiszerhez jussanak.	By 2030, end hunger and ensure access by all people, in particular the poor and people in vulnerable situations, including infants, to safe, nutritious and sufficient food all year round.
sdg.yml	sdg.goals.goal_2.targets.target_2_1.short_title	A biztonságos és tápláló élelmiszerekhez való egyetemes hozzáférés	Univerzális hozzáférés a biztonságos és tápláló élelmiszerekhez	Universal Access to Safe and Nutritious Food
sdg.yml	sdg.goals.goal_2.targets.target_2_2.long_title	2030-ra véget kell vetni az alultápláltság valamennyi formájának, beleértve 2025-ig az 5 évesnél fiatalabb gyermekek esetében a dadogással és a pazarlással kapcsolatos, nemzetközileg elfogadott célok elérését, valamint a serdülő lányok, a várandós és szoptató nők és az idősebb személyek táplálkozási szükségleteinek kielégítését.	2030-ra fel kell számolni az alultápláltság minden formájával, ideértve az 5 év alatti gyermekek növekedésére és elsorvadására vonatkozó, nemzetközileg elfogadott célkitűzések 2025-ig történő elérését, valamint a serdülő lányok, a terhes és szoptató nők és az idősek táplálkozási szükségleteinek kielégítését.	By 2030, end all forms of malnutrition, including achieving, by 2025, the internationally agreed targets on stunting and wasting in children under 5 years of age, and address the nutritional needs of adolescent girls, pregnant and lactating women and older persons.
sdg.yml	sdg.goals.goal_2.targets.target_2_2.short_title	Az alultápláltság összes formájának vége	Vess véget az alultápláltság minden formájának	End All Forms of Malnutrition
sdg.yml	sdg.goals.goal_2.targets.target_2_3.long_title	2030-ra megduplázzák a kisüzemi élelmiszertermelők, különösen a nők, az őslakosok, a családi gazdálkodók, a lelkipásztorok és a halászok mezőgazdasági termelékenységét és bevételeit, többek között a földterülethez, egyéb termelési erőforrásokhoz és ráfordításokhoz, ismeretekhez, pénzügyi szolgáltatásokhoz, piacokhoz és értékteremtési lehetőségekhez való biztonságos és egyenlő hozzáférés révén.	2030-ra megduplázza a kisüzemi élelmiszertermelők, különösen a nők, az őslakosok, a családi gazdálkodók, a pásztorok és a halászok mezőgazdasági termelékenységét és jövedelmét, többek között a földhöz, más termelő erőforrásokhoz és inputokhoz, tudáshoz, pénzügyi szolgáltatásokhoz, piacokhoz, valamint értéknövelési és nem mezőgazdasági foglalkoztatási lehetőségekhez való biztonságos és egyenlő hozzáférés révén.	By 2030, double the agricultural productivity and incomes of small-scale food producers, in particular women, indigenous peoples, family farmers, pastoralists and fishers, including through secure and equal access to land, other productive resources and inputs, knowledge, financial services, markets and opportunities for value addition and non-farm employment.
sdg.yml	sdg.goals.goal_2.targets.target_2_3.short_title	A kis méretű élelmiszergyártók termelékenységének és bevételeinek megduplázása	Duplázza meg a kisipari élelmiszertermelők termelékenységét és bevételeit	Double the Productivity and Incomes of Small-Scale Food Producers
sdg.yml	sdg.goals.goal_2.targets.target_2_4.long_title	2030-ra biztosítsák a fenntartható élelmiszer-termelési rendszereket és hajtsanak végre olyan rugalmas mezőgazdasági gyakorlatokat, amelyek növelik a termelékenységet és a termelést, segítik az ökoszisztémák fenntartását, erősítik az éghajlatváltozáshoz, a szélsőséges időjáráshoz, az aszályhoz, az árvízhez és más katasztrófákhoz való alkalmazkodási képességet, és fokozatosan javítják a föld és a talaj minőségét.	2030-ig biztosítsa a fenntartható élelmiszer-termelési rendszereket, és alkalmazzon olyan ellenálló mezőgazdasági gyakorlatokat, amelyek növelik a termelékenységet és a termelést, elősegítik az ökoszisztémák fenntartását, erősítik az éghajlatváltozáshoz, szélsőséges időjáráshoz, aszályhoz, áradásokhoz és egyéb katasztrófákhoz való alkalmazkodási képességet, és fokozatosan javítják a talaj és a talaj minőségét.	By 2030, ensure sustainable food production systems and implement resilient agricultural practices that increase productivity and production, that help maintain ecosystems, that strengthen capacity for adaptation to climate change, extreme weather, drought, flooding and other disasters and that progressively improve land and soil quality.
sdg.yml	sdg.goals.goal_2.targets.target_2_4.short_title	Fenntartható élelmiszertermelés és ellenálló mezőgazdasági gyakorlatok	Fenntartható élelmiszertermelés és rugalmas mezőgazdasági gyakorlatok	Sustainable Food Production and Resilient Agricultural Practices
sdg.yml	sdg.goals.goal_2.targets.target_2_5.long_title	2020-ig megőrizzék a vetőmagok, a termesztett növények, a tenyésztett és háziasított állatok, valamint a hozzájuk kapcsolódó vadon élő fajok genetikai sokféleségét, beleértve a nemzeti, regionális és nemzetközi szinten mélyen irányított és diverzifikált vetőmag- és növénybankokat, valamint a genetikai erőforrások hasznosításából és a kapcsolódó hagyományos ismeretekből származó előnyök hozzáférésének, valamint méltányos és méltányos megosztásának elősegítését, amint arról nemzetközi megállapodás született.	2020-ra a vetőmagok, a kultúrnövények, valamint a tenyésztett és háziasított állatok, valamint a hozzájuk kapcsolódó vadon élő fajok genetikai sokféleségének fenntartása, többek között nemzeti, regionális és nemzetközi szintű, megfelelően kezelt és diverzifikált vetőmag- és növénybankok révén, valamint a genetikai erőforrások és a kapcsolódó hagyományos ismeretek hasznosításából adódó előnyökhöz való hozzáférés, valamint azok méltányos és méltányos megosztásának előmozdítása a nemzetközi megállapodásoknak megfelelően.	By 2020, maintain the genetic diversity of seeds, cultivated plants and farmed and domesticated animals and their related wild species, including through soundly managed and diversified seed and plant banks at the national, regional and international levels, and promote access to and fair and equitable sharing of benefits arising from the utilization of genetic resources and associated traditional knowledge, as internationally agreed.
sdg.yml	sdg.goals.goal_2.targets.target_2_5.short_title	A genetikai sokféleség fenntartása az élelmiszertermelésben	Fenntartani a genetikai sokféleséget az élelmiszer-termelésben	Maintain the Genetic Diversity in Food Production
sdg.yml	sdg.goals.goal_2.targets.target_2_A.long_title	A fejlődő országok, különösen a legkevésbé fejlett országok mezőgazdasági termelési kapacitásának növelése érdekében növelni kell a vidéki infrastruktúrába, a mezőgazdasági kutatási és bővítési szolgáltatásokba, a technológiafejlesztésbe, valamint a növény- és állattenyésztési génbankokba történő beruházásokat, többek között a megerősített nemzetközi együttműködés révén.	A vidéki infrastruktúrába, a mezőgazdasági kutatási és bővítési szolgáltatásokba, a technológiafejlesztésbe, valamint a növény- és állattenyésztési génbankokba történő beruházások növelése, többek között a megerősített nemzetközi együttműködés révén, a fejlődő országok, különösen a legkevésbé fejlett országok mezőgazdasági termelési kapacitásának növelése érdekében.	Increase investment, including through enhanced international cooperation, in rural infrastructure, agricultural research and extension services, technology development and plant and livestock gene banks in order to enhance agricultural productive capacity in developing countries, in particular least developed countries.
sdg.yml	sdg.goals.goal_2.targets.target_2_A.short_title	Befektetés a vidéki infrastruktúrába, a mezőgazdasági kutatásba, a technológiába és a génbankokba	Fektessen be a vidéki infrastruktúrába, a mezőgazdasági kutatásba, a technológiába és a génbankokba	Invest in Rural Infrastructure, Agricultural Research, Technology and Gene Banks
sdg.yml	sdg.goals.goal_2.targets.target_2_B.long_title	A dohai fejlesztési forduló mandátumával összhangban a kereskedelem korlátozásainak és torzulásainak korrekciója és megelőzése a világ mezőgazdasági piacain, többek között a mezőgazdasági exporttámogatások valamennyi formájának és az azokkal azonos hatású valamennyi exportintézkedésnek a párhuzamos megszüntetése révén.	A világ mezőgazdasági piacain a kereskedelmi korlátozások és torzulások kijavítása és megelőzése, többek között a mezőgazdasági exporttámogatás minden formájának és az azzal azonos hatású exportintézkedéseknek párhuzamos megszüntetése révén, a dohai fejlesztési forduló mandátumával összhangban.	Correct and prevent trade restrictions and distortions in world agricultural markets, including through the parallel elimination of all forms of agricultural export subsidies and all export measures with equivalent effect, in accordance with the mandate of the Doha Development Round.
sdg.yml	sdg.goals.goal_2.targets.target_2_B.short_title	A mezőgazdasági kereskedelmi korlátozások, piaci torzulások és exporttámogatások megelőzése	Megakadályozza a mezőgazdasági kereskedelmi korlátozásokat, a piaci torzulásokat és az exporttámogatásokat	Prevent Agricultural Trade Restrictions, Market Distortions and Export Subsidies
sdg.yml	sdg.goals.goal_2.targets.target_2_C.long_title	Intézkedések elfogadása az élelmiszer-árupiacok és származékaik megfelelő működésének biztosítása érdekében, valamint a piaci információkhoz - többek között az élelmiszer-tartalékokról - való megfelelő hozzáférés megkönnyítése a szélsőséges élelmiszeráringadozások csökkentése érdekében.	Intézkedések elfogadása az élelmiszer-árupiacok és származékaik megfelelő működésének biztosítására, valamint a piaci információkhoz való időben történő hozzáférés elősegítésére, beleértve az élelmiszer-tartalékokat is, az élelmiszerárak szélsőséges ingadozásának korlátozása érdekében.	Adopt measures to ensure the proper functioning of food commodity markets and their derivatives and facilitate timely access to market information, including on food reserves, in order to help limit extreme food price volatility.
sdg.yml	sdg.goals.goal_2.targets.target_2_C.short_title	A stabil élelmiszer-árupiacok és az információkhoz való időben történő hozzáférés biztosítása	Stabil élelmiszerpiacok és az információkhoz való időben történő hozzáférés biztosítása	Ensure Stable Food Commodity Markets and Timely Access to Information
sdg.yml	sdg.goals.goal_3.title	Jó egészség és jólét	Jó egészséget és jó közérzetet	Good Health and Well-Being
sdg.yml	sdg.goals.goal_3.title_in_two_lines	"Jó egészség
és Well- Being"	"Jó egészséget
és a Jólét"	"Good Health
and Well-Being"
sdg.yml	sdg.goals.goal_3.description	Az egészséges élet biztosítása és a jólét előmozdítása minden korosztály számára.	Biztosítson egészséges életet és mozdítsa elő a jólétet minden korosztály számára.	Ensure healthy lives and promote well-being for all at all ages.
sdg.yml	sdg.goals.goal_3.targets.target_3_1.long_title	2030-ra a globális anyai mortalitás aránya kevesebb mint 70 / 100 000 élő születés.	2030-ra csökkentse a globális anyai halálozási arányt 100 000 élveszületésre számítva 70 alá.	By 2030, reduce the global maternal mortality ratio to less than 70 per 100,000 live births.
sdg.yml	sdg.goals.goal_3.targets.target_3_1.short_title	Az anyai mortalitás csökkentése	Az anyai halandóság csökkentése	Reduce Maternal Mortality
sdg.yml	sdg.goals.goal_3.targets.target_3_2.long_title	2030-ra az újszülöttek és az 5 év alatti gyermekek halálozásának vége, minden olyan ország, amelynek célja az újszülöttkori halálozás legalább 12 / 1000 élő születés és kevesebb, mint 5 halálozás legalább 25 / 1000 élő születés.	2030-ra meg kell szüntetni az újszülöttek és az 5 év alatti gyermekek megelőzhető halálozását, és minden ország arra törekszik, hogy az újszülöttek halálozását 1000 élveszületésre számítva legalább 12-re, az 5 év alatti halálozást pedig 1000 élveszületésre számítva legalább 25-re csökkentse.	By 2030, end preventable deaths of newborns and children under 5 years of age, with all countries aiming to reduce neonatal mortality to at least as low as 12 per 1,000 live births and under-5 mortality to at least as low as 25 per 1,000 live births.
sdg.yml	sdg.goals.goal_3.targets.target_3_2.short_title	Minden megelőzhető haláleset vége 5 év alatt	Vége minden megelőzhető halálesetnek 5 éves kor alatt	End All Preventable Deaths Under 5 Years of Age
sdg.yml	sdg.goals.goal_3.targets.target_3_3.long_title	2030-ra véget kell vetni az AIDS, a tuberkulózis, a malária és az elhanyagolt trópusi betegségek járványainak, valamint fel kell számolni a hepatitist, a vízi eredetű betegségeket és más fertőző betegségeket.	2030-ra meg kell szüntetni az AIDS, a tuberkulózis, a malária és az elhanyagolt trópusi betegségek járványait, és küzdeni a hepatitis, a víz által terjedő betegségek és más fertőző betegségek ellen.	By 2030, end the epidemics of AIDS, tuberculosis, malaria and neglected tropical diseases and combat hepatitis, water-borne diseases and other communicable diseases.
sdg.yml	sdg.goals.goal_3.targets.target_3_3.short_title	A fertőző betegségek elleni küzdelem	Küzdj a fertőző betegségek ellen	Fight Communicable Diseases
sdg.yml	sdg.goals.goal_3.targets.target_3_4.long_title	2030-ra a nem fertőző betegségekből eredő korai mortalitás egyharmadával, megelőzéssel és kezeléssel, valamint a mentális egészség és jólét előmozdításával kell csökkenteni.	2030-ra a megelőzés és a kezelés révén egyharmadával csökkenteni kell a nem fertőző betegségek miatti korai halálozást, valamint előmozdítani a mentális egészséget és a jólétet.	By 2030, reduce by one third premature mortality from non-communicable diseases through prevention and treatment and promote mental health and well-being.
sdg.yml	sdg.goals.goal_3.targets.target_3_4.short_title	A halálozás csökkentése a nem kommunikálható betegségekből és a mentális egészség előmozdítása	Csökkentse a nem fertőző betegségek okozta halálozást és támogassa a mentális egészséget	Reduce Mortality from Non-Communicable Diseases and Promote Mental Health
sdg.yml	sdg.goals.goal_3.targets.target_3_5.long_title	A kábítószerrel való visszaélés megelőzése és kezelése, beleértve a kábítószerrel való visszaélést és az alkohol káros felhasználását.	A kábítószerrel való visszaélés megelőzésének és kezelésének megerősítése, beleértve a kábítószerrel való visszaélést és az alkohol káros fogyasztását.	Strengthen the prevention and treatment of substance abuse, including narcotic drug abuse and harmful use of alcohol.
sdg.yml	sdg.goals.goal_3.targets.target_3_5.short_title	Megelőzés és kezelés	A kábítószerrel való visszaélés megelőzése és kezelése	Prevent and Treat Substance Abuse
sdg.yml	sdg.goals.goal_3.targets.target_3_6.long_title	2020-ra a közúti balesetek okozta globális halálesetek és sérülések számának felére csökkentése.	2020-ra felére kell csökkenteni a közúti balesetekben bekövetkezett halálesetek és sérülések számát.	By 2020, halve the number of global deaths and injuries from road traffic accidents.
sdg.yml	sdg.goals.goal_3.targets.target_3_6.short_title	A közúti sérülések és halálesetek csökkentése	Csökkentse a közúti sérülések és halálesetek számát	Reduce Road Injuries and Deaths
sdg.yml	sdg.goals.goal_3.targets.target_3_7.long_title	2030-ra biztosítani kell a szexuális és reproduktív egészségügyi szolgáltatásokhoz való egyetemes hozzáférést, beleértve a családtervezést, a tájékoztatást és az oktatást, valamint a reproduktív egészségnek a nemzeti stratégiákba és programokba való integrálását.	2030-ra biztosítsa a szexuális és reproduktív egészségügyi szolgáltatásokhoz való egyetemes hozzáférést, ideértve a családtervezést, a tájékoztatást és az oktatást, valamint a reproduktív egészségügy nemzeti stratégiákba és programokba való integrálását.	By 2030, ensure universal access to sexual and reproductive health-care services, including for family planning, information and education, and the integration of reproductive health into national strategies and programmes.
sdg.yml	sdg.goals.goal_3.targets.target_3_7.short_title	Egyetemes hozzáférés a szexuális és reproduktív gondozáshoz, családtervezéshez és oktatáshoz	Univerzális hozzáférés a szexuális és reproduktív gondozáshoz, családtervezéshez és oktatáshoz	Universal Access to Sexual and Reproductive Care, Family Planning and Education
sdg.yml	sdg.goals.goal_3.targets.target_3_8.long_title	Általános egészségügyi lefedettség elérése, beleértve a pénzügyi kockázatok védelmét, a minőségi alapvető egészségügyi ellátáshoz való hozzáférést, valamint a biztonságos, hatékony, minőségi és megfizethető alapvető gyógyszerekhez és vakcinákhoz való hozzáférést mindenki számára.	Univerzális egészségügyi fedezet elérése, beleértve a pénzügyi kockázatok védelmét, a minőségi alapvető egészségügyi szolgáltatásokhoz való hozzáférést, valamint a biztonságos, hatékony, minőségi és megfizethető alapvető gyógyszerekhez és vakcinákhoz való hozzáférést mindenki számára.	Achieve universal health coverage, including financial risk protection, access to quality essential health-care services and access to safe, effective, quality and affordable essential medicines and vaccines for all.
sdg.yml	sdg.goals.goal_3.targets.target_3_8.short_title	Egyetemes egészségügyi lefedettség elérése	Univerzális egészségügyi lefedettség elérése	Achieve Universal Health Coverage
sdg.yml	sdg.goals.goal_3.targets.target_3_9.long_title	2030-ra jelentősen csökken a veszélyes vegyi anyagok és a levegő, a víz és a talaj szennyezettsége, valamint a szennyezés okozta halálesetek és betegségek száma.	2030-ra jelentősen csökkenteni kell a veszélyes vegyi anyagok okozta halálesetek és megbetegedések számát, valamint a levegő-, víz- és talajszennyezés és szennyeződések számát.	By 2030, substantially reduce the number of deaths and illnesses from hazardous chemicals and air, water and soil pollution and contamination.
sdg.yml	sdg.goals.goal_3.targets.target_3_9.short_title	A veszélyes vegyi anyagok okozta megbetegedések és halálesetek és a szennyezés csökkentése	Csökkentse a betegségek és a halálozások számát a veszélyes vegyi anyagok és a szennyezés miatt	Reduce Illnesses and Death from Hazardous Chemicals and Pollution
sdg.yml	sdg.goals.goal_3.targets.target_3_A.long_title	Az Egészségügyi Világszervezet Dohányzás-ellenőrzési Keretegyezménye végrehajtásának megerősítése adott esetben valamennyi országban.	Adott esetben minden országban meg kell erősíteni az Egészségügyi Világszervezet Dohányzás-ellenőrzési Keretegyezményének végrehajtását.	Strengthen the implementation of the World Health Organization Framework Convention on Tobacco Control in all countries, as appropriate.
sdg.yml	sdg.goals.goal_3.targets.target_3_A.short_title	A WHO dohányzásellenőrzési keretegyezményének végrehajtása	A WHO dohányzás-ellenőrzési keretegyezményének végrehajtása	Implement the WHO Framework Convention on Tobacco Control
sdg.yml	sdg.goals.goal_3.targets.target_3_B.long_title	Az elsősorban a fejlődő országokat érintő fertőző és nem fertőző betegségek elleni vakcinák és gyógyszerek kutatásának és fejlesztésének támogatása, a TRIPS-megállapodásról és a közegészségügyről szóló dohai nyilatkozattal összhangban megfizethető alapvető gyógyszerekhez és vakcinákhoz való hozzáférés biztosítása, amely megerősíti a fejlődő országok azon jogát, hogy teljes mértékben alkalmazzák a szellemi tulajdonjogok kereskedelmi vonatkozásairól szóló megállapodásban foglalt, a közegészség védelmét szolgáló rugalmasságra vonatkozó rendelkezéseket, és különösen a gyógyszerekhez való hozzáférést mindenki számára.	Az elsősorban a fejlődő országokat érintő fertőző és nem fertőző betegségek elleni vakcinák és gyógyszerek kutatásának és fejlesztésének támogatása, hozzáférés biztosítása megfizethető alapvető gyógyszerekhez és oltóanyagokhoz a TRIPS-egyezményről és a közegészségügyről szóló dohai nyilatkozattal összhangban, amely megerősíti a fejlődő országok jogát arra, hogy maradéktalanul alkalmazzák a Megállapodásban foglalt rendelkezéseket a közegészségügy, a szellemi tulajdon, a rugalmasság és a szellemi tulajdon védelmére vonatkozó különleges jogok biztosítására vonatkozóan. gyógyszerekhez való hozzáférés mindenki számára.	Support the research and development of vaccines and medicines for the communicable and noncommunicable diseases that primarily affect developing countries, provide access to affordable essential medicines and vaccines, in accordance with the Doha Declaration on the TRIPS Agreement and Public Health, which affirms the right of developing countries to use to the full the provisions in the Agreement on Trade Related Aspects of Intellectual Property Rights regarding flexibilities to protect public health, and, in particular, provide access to medicines for all.
sdg.yml	sdg.goals.goal_3.targets.target_3_B.short_title	A megfizethető vakcinákhoz és gyógyszerekhez való kutatás, fejlesztés és egyetemes hozzáférés támogatása	Támogassa a kutatást, fejlesztést és a megfizethető oltóanyagokhoz és gyógyszerekhez való egyetemes hozzáférést	Support Research, Development and Universal Access to Affordable Vaccines and Medicines
sdg.yml	sdg.goals.goal_3.targets.target_3_C.long_title	Az egészségügyi finanszírozás jelentős növelése, valamint az egészségügyi munkaerő toborzása, fejlesztése, képzése és megtartása a fejlődő országokban, különösen a legkevésbé fejlett országokban és a kis szigetfejlődő országokban.	Jelentősen növelni kell az egészségügy finanszírozását, valamint az egészségügyi munkaerő toborzását, fejlesztését, képzését és megtartását a fejlődő országokban, különösen a legkevésbé fejlett országokban és a fejlődő kis szigetállamokban.	Substantially increase health financing and the recruitment, development, training and retention of the health workforce in developing countries, especially in least developed countries and small island developing States.
sdg.yml	sdg.goals.goal_3.targets.target_3_C.short_title	Az egészségügyi finanszírozás növelése és az egészségügyi dolgozók támogatása a fejlődő országokban	Az egészségügyi finanszírozás növelése és az egészségügyi munkaerő támogatása a fejlődő országokban	Increase Health Financing and Support Health Workforce in Developing Countries
sdg.yml	sdg.goals.goal_3.targets.target_3_D.long_title	Valamennyi ország, különösen a fejlődő országok kapacitásának megerősítése a korai előrejelzés, a kockázatcsökkentés és a nemzeti és globális egészségügyi kockázatok kezelése érdekében.	Valamennyi ország, különösen a fejlődő országok kapacitásának megerősítése a nemzeti és globális egészségügyi kockázatok korai előrejelzésére, kockázatcsökkentésére és kezelésére.	Strengthen the capacity of all countries, in particular developing countries, for early warning, risk reduction and management of national and global health risks.
sdg.yml	sdg.goals.goal_3.targets.target_3_D.short_title	A globális egészségügyi kockázatok korai előrejelző rendszereinek javítása	A globális egészségügyi kockázatokra vonatkozó korai előrejelző rendszerek fejlesztése	Improve Early Warning Systems for Global Health Risks
sdg.yml	sdg.goals.goal_4.title	Minőségoktatás	Minőségi oktatás	Quality Education
sdg.yml	sdg.goals.goal_4.long_description	"<p>Az oktatás felfelé irányuló társadalmi-gazdasági mobilitást tesz lehetővé, és kulcsfontosságú a szegénység elkerüléséhez. Az elmúlt évtizedben jelentős előrelépés történt az oktatáshoz és az iskolai beiratkozási arányokhoz való hozzáférés növelése terén minden szinten, különösen a lányok esetében. Mindazonáltal, <a href=""http://uis.unesco.org/en/topic/out-school-children-and-youth"">260 millió gyerek járt iskolába.</a> 2018-ban - a globális népesség közel egyötöde ebben a korcsoportban. És az összes gyermek és serdülő több mint fele világszerte <a href=""https://unstats.un.org/sdgs/report/2019/goal-04/"">nem felel meg a minimális jártassági követelményeknek</a> olvasás és matematika. & nbsp;</p>  <p>2020-ban, mivel a COVID- 19 pandémia világszerte elterjedt, az országok többsége bejelentette az iskolák ideiglenes bezárását, ami világszerte a diákok több mint 91% -át érinti. 2020 áprilisáig <a href=""https://en.unesco.org/covid19/educationresponse"">1,6 milliárd gyermek és fiatal ment iskolába.</a>És majdnem <a href=""https://www.un.org/sites/un2.un.org/files/policy_brief_on_covid_impact_on_children_16_april_2020.pdf"">369 millió gyermek, akik iskolai étkezésre támaszkodnak</a> a napi táplálkozás más forrásait kell keresni. & nbsp;</p>  <p>Eddig még soha nem volt ennyi gyerek, aki egyszerre hagyta volna abba az iskolát, megzavarta volna a tanulást és az életeket, különösen a legkiszolgáltatottabbakat és a marginalizálódottakat. A világméretű pandémia jelentős következményekkel jár, amelyek veszélyeztethetik a világszintű oktatás fejlesztése terén elért kemény nyereségeket.</p>"	"<p>Az oktatás lehetővé teszi a felfelé irányuló társadalmi-gazdasági mobilitást, és kulcsfontosságú a szegénységből való kilépéshez. Az elmúlt évtizedben jelentős előrelépés történt az oktatáshoz való hozzáférés és az iskolai beiratkozások arányának növelésében minden szinten, különösen a lányok esetében. Ennek ellenére <a href=""http://uis.unesco.org/en/topic/out-school-children-and-youth"">körülbelül 260 millió gyerek még mindig nem járt iskolába</a> 2018-ban – ez a világ népességének közel egyötöde ebben a korcsoportban. És világszerte a gyermekek és serdülők több mint fele <a href=""https://unstats.un.org/sdgs/report/2019/goal-04/"">nem teljesíti a minimális készségkövetelményeket</a> az olvasás és a matematika terén. </p> <p>2020-ban, amikor a COVID-19 világjárvány világszerte elterjedt, az országok többsége bejelentette az iskolák átmeneti bezárását19, mint ahányan több diákot. 2020 áprilisáig közel <a href=""https://en.unesco.org/covid19/educationresponse"">1,6 milliárd gyermek és fiatal nem járt iskolába</a>. Közel <a href=""https://www.un.org/sites/un2.un.org/files/policy_brief_on_covid_impact_on_children_16_april_2020.pdf"">369 millió, iskolai étkezésre szoruló gyermeknek</a> pedig más forrásokat kellett keresnie a napi táplálékhoz. </p> <p>Soha korábban nem járt ennyi gyermek egyszerre az iskolából, ami megzavarta a tanulást és felborította az életet, különösen a legsebezhetőbbek és a marginalizáltak életét. A globális világjárványnak messzemenő következményei vannak, amelyek veszélyeztethetik a globális oktatás javítása terén elért, keményen elért eredményeket.</p>"	"<p>Education enables upward socioeconomic mobility and is a key to escaping poverty. Over the past decade, major progress was made towards increasing access to education and school enrollment rates at all levels, particularly for girls. Nevertheless, <a href=""http://uis.unesco.org/en/topic/out-school-children-and-youth"">about 260 million children were still out of school</a> in 2018 — nearly one fifth of the global population in that age group. And more than half of all children and adolescents worldwide are <a href=""https://unstats.un.org/sdgs/report/2019/goal-04/"">not meeting minimum proficiency standards</a> in reading and mathematics.&nbsp;</p> <p>In 2020, as the COVID-19 pandemic spread across the globe, a majority of countries announced the temporary closure of schools, impacting more than 91 per cent of students worldwide. By April 2020, close to <a href=""https://en.unesco.org/covid19/educationresponse"">1.6 billion children and youth were out of school</a>. And nearly <a href=""https://www.un.org/sites/un2.un.org/files/policy_brief_on_covid_impact_on_children_16_april_2020.pdf"">369 million children who rely on school meals</a> needed to look to other sources for daily nutrition.&nbsp;</p> <p>Never before have so many children been out of school at the same time, disrupting learning and upending lives, especially the most vulnerable and marginalised. The global pandemic has far-reaching consequences that may jeopardize hard won gains made in improving global education.</p>"
sdg.yml	sdg.goals.goal_4.targets.target_4_1.long_title	2030-ra minden lány és fiú számára biztosítani kell, hogy ingyenes, méltányos és minőségi alap- és középfokú oktatás valósuljon meg, ami releváns és Goal4 hatékony tanulási eredményekhez vezet.	2030-ra gondoskodni kell arról, hogy minden lány és fiú elvégezze az ingyenes, méltányos és minőségi általános és középfokú oktatást, amely releváns és a 4. cél szerinti hatékony tanulási eredményekhez vezet.	By 2030, ensure that all girls and boys complete free, equitable and quality primary and secondary education leading to relevant and Goal-4 effective learning outcomes.
sdg.yml	sdg.goals.goal_4.targets.target_4_1.short_title	Ingyenes alap- és középfokú oktatás	Ingyenes általános és középfokú oktatás	Free Primary and Secondary Education
sdg.yml	sdg.goals.goal_4.targets.target_4_2.long_title	2030-ra biztosítani kell, hogy minden lány és fiú hozzájusson a minőségi korai gyermekkori fejlődéshez, a gondozáshoz és az általános iskola előtti oktatáshoz, hogy készen álljanak az alapfokú oktatásra.	2030-ra biztosítsa, hogy minden lány és fiú hozzáférjen a minőségi koragyermekkori fejlesztéshez, gondozáshoz és óvodai neveléshez, hogy készen álljon az alapfokú oktatásra.	By 2030, ensure that all girls and boys have access to quality early childhood development, care and preprimary education so that they are ready for primary education.
sdg.yml	sdg.goals.goal_4.targets.target_4_2.short_title	Egyenlő hozzáférés a minőségi alapfokú oktatáshoz	Egyenlő hozzáférés a minőségi iskola előtti oktatáshoz	Equal Access to Quality Pre-Primary Education
sdg.yml	sdg.goals.goal_4.targets.target_4_3.long_title	2030-ra minden nő és férfi számára egyenlő hozzáférést kell biztosítani a megfizethető és minőségi műszaki, szakmai és felsőfokú oktatáshoz, beleértve az egyetemet is.	2030-ra minden nő és férfi számára egyenlő hozzáférést kell biztosítani a megfizethető és minőségi műszaki, szakképzéshez és felsőoktatáshoz, beleértve az egyetemet is.	By 2030, ensure equal access for all women and men to affordable and quality technical, vocational and tertiary education, including university.
sdg.yml	sdg.goals.goal_4.targets.target_4_3.short_title	Egyenlő hozzáférés a megfizethető műszaki, szakképzési és felsőoktatáshoz	Egyenlő hozzáférés megfizethető műszaki, szakképzéshez és felsőoktatáshoz	Equal Access to Affordable Technical, Vocational and Higher Education
sdg.yml	sdg.goals.goal_4.targets.target_4_4.long_title	2030-ra jelentősen növelni kell azon fiatalok és felnőttek számát, akik megfelelő készségekkel rendelkeznek, beleértve a műszaki és szakmai készségeket, a foglalkoztatás, a tisztességes munkahelyek és a vállalkozói szellem terén.	2030-ra jelentősen növelni kell azoknak a fiataloknak és felnőtteknek a számát, akik rendelkeznek a foglalkoztatáshoz, a tisztességes munkákhoz és a vállalkozói szellemhez szükséges készségekkel, beleértve a műszaki és szakmai készségeket.	By 2030, substantially increase the number of youth and adults who have relevant skills, including technical and vocational skills, for employment, decent jobs and entrepreneurship.
sdg.yml	sdg.goals.goal_4.targets.target_4_4.short_title	A pénzügyi sikerhez kapcsolódó készségekkel rendelkező személyek számának növelése	Növelje a pénzügyi sikerhez szükséges készségekkel rendelkező emberek számát	Increase the Number of People with Relevant Skills for Financial Success
sdg.yml	sdg.goals.goal_4.targets.target_4_5.long_title	2030-ra meg kell szüntetni a nemek közötti oktatási egyenlőtlenségeket, és egyenlő hozzáférést kell biztosítani a kiszolgáltatott helyzetben lévő személyek - köztük a fogyatékkal élők, az őslakosok és a veszélyeztetett helyzetben lévő gyermekek - számára az oktatás és a szakképzés valamennyi szintjéhez.	2030-ra szüntesse meg a nemek közötti egyenlőtlenségeket az oktatásban, és biztosítsa az oktatás és a szakképzés minden szintjéhez való egyenlő hozzáférést a kiszolgáltatottak számára, beleértve a fogyatékkal élőket, az őslakosokat és a veszélyeztetett helyzetben lévő gyermekeket.	By 2030, eliminate gender disparities in education and ensure equal access to all levels of education and vocational training for the vulnerable, including persons with disabilities, indigenous peoples and children in vulnerable situations.
sdg.yml	sdg.goals.goal_4.targets.target_4_5.short_title	Minden hátrányos megkülönböztetés megszüntetése az oktatásban	Minden diszkrimináció megszüntetése az oktatásban	Eliminate All Discrimination in Education
sdg.yml	sdg.goals.goal_4.targets.target_4_6.long_title	2030-ra biztosítani kell, hogy az összes fiatal és a felnőttek - férfiak és nők egyaránt - jelentős hányada jártasságot és számozást érjen el.	2030-ra gondoskodni kell arról, hogy minden fiatal és a felnőttek jelentős része – férfiak és nők egyaránt – elsajátítsa az írni-olvasni és számolni tudást.	By 2030, ensure that all youth and a substantial proportion of adults, both men and women, achieve literacy and numeracy.
sdg.yml	sdg.goals.goal_4.targets.target_4_6.short_title	Egyetemes irodalom és számozás	Univerzális írás- és számolási készség	Universal Literacy and Numeracy
sdg.yml	sdg.goals.goal_4.targets.target_4_7.long_title	2030-ra minden tanuló számára biztosítani kell, hogy megszerezze a fenntartható fejlődés előmozdításához szükséges ismereteket és készségeket, többek között a fenntartható fejlődés és a fenntartható életmód oktatása, az emberi jogok, a nemek közötti egyenlőség, a béke és az erőszakmentesség kultúrájának előmozdítása, a globális polgárság, valamint a kulturális sokszínűség és a kultúra fenntartható fejlődéshez való hozzájárulása révén.	2030-ra gondoskodni kell arról, hogy minden tanuló megszerezze a fenntartható fejlődés előmozdításához szükséges ismereteket és készségeket, többek között a fenntartható fejlődésre és a fenntartható életmódra, az emberi jogokra, a nemek közötti egyenlőségre, a béke és az erőszakmentesség kultúrájának előmozdítására, a globális állampolgárságra, valamint a kulturális sokszínűség és a kultúra fenntartható fejlődéshez való hozzájárulásának elismerésére.	By 2030, ensure that all learners acquire the knowledge and skills needed to promote sustainable development, including, among others, through education for sustainable development and sustainable lifestyles, human rights, gender equality, promotion of a culture of peace and non-violence, global citizenship and appreciation of cultural diversity and of culture’s contribution to sustainable development.
sdg.yml	sdg.goals.goal_4.targets.target_4_A.long_title	Olyan oktatási létesítmények építése és fejlesztése, amelyek gyermekek, fogyatékkal élők és a nemek közötti egyenlőség érzékenysége, valamint biztonságos, erőszakmentes, inkluzív és hatékony tanulási környezet mindenki számára.	Olyan oktatási létesítmények építése és fejlesztése, amelyek érzékenyek a gyermekekre, a fogyatékosságra és a nemekre, és biztonságos, erőszakmentes, befogadó és hatékony tanulási környezetet biztosítanak mindenki számára.	Build and upgrade education facilities that are child, disability and gender sensitive and provide safe, nonviolent, inclusive and effective learning environments for all.
sdg.yml	sdg.goals.goal_4.targets.target_4_B.long_title	2020-ra a fejlődő országok, különösen a legkevésbé fejlett országok, a kis-szigeti fejlődő államok és az afrikai országok számára a felsőoktatásba való beiratkozásra - beleértve a szakképzést, az információs és kommunikációs technológiát, a műszaki, mérnöki és tudományos programokat - rendelkezésre álló ösztöndíjak számának jelentős mértékű növelése a fejlett országokban és más fejlődő országokban.	2020-ig globálisan jelentősen bővíteni kell a fejlődő országok, különösen a legkevésbé fejlett országok, a fejlődő kis szigetállamok és afrikai országok számára a felsőoktatásba való beiratkozáshoz, beleértve a szakképzést, valamint az információs és kommunikációs technológiai, műszaki, mérnöki és tudományos programokat a fejlett országokban és más fejlődő országokban.	By 2020, substantially expand globally the number of scholarships available to developing countries, in particular least developed countries, small island developing States and African countries, for enrolment in higher education, including vocational training and information and communications technology, technical, engineering and scientific programmes, in developed countries and other developing countries.
sdg.yml	sdg.goals.goal_4.targets.target_4_B.short_title	A fejlődő országok felsőoktatási ösztöndíjai	A felsőoktatási ösztöndíjak kiterjesztése a fejlődő országok számára	Expand Higher Education Scholarships for Developing Countries
sdg.yml	sdg.goals.goal_4.targets.target_4_C.long_title	2030-ra jelentősen növelni kell a képzett tanárok kínálatát, többek között a fejlődő országokban, különösen a legkevésbé fejlett országokban és a kis szigetfejlődő országokban a tanárképzés terén folytatott nemzetközi együttműködés révén.	2030-ra jelentősen növelni kell a képzett tanárok kínálatát, többek között a fejlődő országokban, különösen a legkevésbé fejlett országokban és a fejlődő kis szigetállamokban a tanárképzés terén folytatott nemzetközi együttműködés révén.	By 2030, substantially increase the supply of qualified teachers, including through international cooperation for teacher training in developing countries, especially least developed countries and small island developing states.
sdg.yml	sdg.goals.goal_5.title_in_two_lines	"Nem
Egyenlőség"	"Nem
Egyenjogúság"	"Gender
Equality"
sdg.yml	sdg.goals.goal_5.description	A nemek közötti egyenlőség megvalósítása és minden nő és lány felruházása.	El kell érni a nemek közötti egyenlőséget, és minden nőt és lányt felhatalmazni.	Achieve gender equality and empower all women and girls.
sdg.yml	sdg.goals.goal_5.long_description	"<p>A nemek közötti egyenlőség nemcsak alapvető emberi jog, hanem a békés, virágzó és fenntartható világ szükséges alapja is. & nbsp;</p>  <p>Voltak <a href=""https://www.unwomen.org/-/media/headquarters/attachments/sections/library/publications/2020/gender-equality-womens-rights-in-review-key-facts-and-figures-en.pdf?la=en&amp;vs=935"">előrehaladás</a> az elmúlt évtizedekben: Több lány megy iskolába, kevesebb lány kényszerül a korai házasságra, több nő szolgál parlamenti és vezetői pozíciókban, és a törvényeket a nemek közötti egyenlőség előmozdítása érdekében reformálják meg. & nbsp;</p>  <p>Ennek ellenére sok <a href=""https://www.unwomen.org/-/media/headquarters/attachments/sections/library/publications/2020/gender-equality-womens-rights-in-review-key-facts-and-figures-en.pdf?la=en&amp;vs=935"">kihívások</a> továbbra is: a diszkriminatív törvények és a társadalmi normák továbbra is áthatottak, a nők továbbra is alulreprezentáltak a politikai vezetés minden szintjén, és 15 és 49 év közötti 5 nő és lány közül 1-nél fordul elő egy meghitt partner által 12 hónapon belül elkövetett fizikai vagy szexuális erőszak.</p>  <p>A <a href=""https://www.un.org/sites/un2.un.org/files/policy_brief_on_covid_impact_on_women_9_apr_2020_updated.pdf"">a COVID- 19 pandémia visszafordíthatja a korlátozott előrehaladást</a> ami a nemek közötti egyenlőség és a nők jogai terén történt. & nbsp; A coronavirus járvány <a href=""https://www.unfpa.org/sites/default/files/resource-pdf/COVID-19_A_Gender_Lens_Guidance_Note.pdf"">a meglévő egyenlőtlenségek súlyosbítása</a> a nők és lányok számára minden területen - az egészségtől és a gazdaságtól kezdve a biztonságig és a szociális védelemig. & nbsp;</p>  <p>A nők aránytalan szerepet játszanak a vírusra adott válaszban, beleértve a frontvonalbeli egészségügyi dolgozókat és otthoni gondozókat. Az iskolai bezárások és az idősek megnövekedett szükségletei miatt a nők fizetés nélküli ápolása jelentősen nőtt. A COVID-19 gazdasági hatásai is nehezebben érintik a nőket, mivel aránytalanul nagy arányban dolgoznak bizonytalan munkaerőpiacokon. A nők közel 60% -a dolgozik az informális gazdaságban, ami nagyobb veszélynek teszi ki őket a szegénységben. & nbsp;</p>  <p>A pandémia is vezetett meredek növekedés <a href=""https://www.unwomen.org/-/media/headquarters/attachments/sections/library/publications/2020/issue-brief-covid-19-and-ending-violence-against-women-and-girls-en.pdf?la=en&amp;vs=5006"">nők és lányok elleni erőszak</a>. A zárlat intézkedéseket, sok nő csapdába otthon a bántalmazók, küzd, hogy a szolgáltatások, amelyek szenvednek a megszorítások és korlátozások. Az újonnan megjelenő adatok azt mutatják, hogy a világjárvány kitörése óta erősödött a nők és lányok elleni erőszak, különösen a családon belüli erőszak.</p>"	"<p>A nemek közötti egyenlőség nemcsak alapvető emberi jog, hanem egy békés, virágzó és fenntartható világ szükséges alapja is. </p> <p>Az elmúlt évtizedekben <a href=""https://www.unwomen.org/-/media/headquarters/attachments/sections/library/publications/2020/gender-equality-womens-rights-in-review-key-facts-and-figures-en.pdf?la=en&amp;vs=935"">fejlődés</a> történt: egyre több lány jár iskolába, kevesebb nő kerül a házasságba, egyre több nő kerül a parlamentbe, és egyre több nő kerül be a parlamentbe a törvényeket a nemek közötti egyenlőség előmozdítása érdekében reformálják meg. </p> <p>Ezen előnyök ellenére számos <a href=""https://www.unwomen.org/-/media/headquarters/attachments/sections/library/publications/2020/gender-equality-womens-rights-in-review-key-facts-and-figures-en.pdf?la=en&amp;vs=935"">kihívás</a> továbbra is fennáll: a diszkriminatív törvények és társadalmi normák továbbra is elterjedtek, a nők továbbra is alulreprezentáltak a politikai vezetés minden szintjén, és 1 a nők és a lányok között5 intim partner által elkövetett fizikai vagy szexuális erőszakot 12 hónapon belül tapasztalni.</p> <p>A COVID-19 világjárvány <a href=""https://www.un.org/sites/un2.un.org/files/policy_brief_on_covid_impact_on_women_9_apr_2020_updated.pdf""> hatásai megfordíthatják a nemek közötti egyenlőség és a nők jogai terén elért korlátozott előrelépést</a>.  A koronavírus-járvány <a href=""https://www.unfpa.org/sites/default/files/resource-pdf/COVID-19_A_Gender_Lens_Guidance_Note.pdf""> súlyosbítja a fennálló egyenlőtlenségeket</a> a nők és a lányok között minden területen – az egészségügytől a gazdaságon át a biztonságig és a szociális védelemig. </p> <p>A nők aránytalanul nagy szerepet játszanak a vírusra való reagálásban, beleértve az otthoni dolgozókat és az egészségügyi ellátás frontvonalát. A nők fizetetlen gondozási munkája jelentősen megnőtt az iskolabezárások és az idősek megnövekedett szükségletei miatt. A nőket is jobban sújtják a COVID-19 gazdasági hatásai, mivel aránytalanul sokat dolgoznak bizonytalan munkaerőpiacokon. A nők közel 60 százaléka az informális gazdaságban dolgozik, ami nagyobb kockázatot jelent a szegénységbe kerülésben. </p> <p>A világjárvány a <a href=""https://www.unwomen.org/-/media/headquarters/attachments/sections/library/publications/2020/issue-brief-covid-19-and-ending-violence-against-women-and-girls-en.pdf?la=en&amp;vs=5006"">nők és lányok elleni erőszak </a> meredek növekedéséhez is vezetett. A bezárási intézkedések hatására sok nő otthon rekedt bántalmazóival, és nehezen jut hozzá a megszorításoktól és korlátozásoktól sújtott szolgáltatásokhoz. A megjelenő adatok azt mutatják, hogy a világjárvány kitörése óta a nők és lányok elleni erőszak – és különösen a családon belüli erőszak – felerősödött.</p>"	"<p>Gender equality is not only a fundamental human right, but a necessary foundation for a peaceful, prosperous and sustainable world.&nbsp;</p> <p>There has been <a href=""https://www.unwomen.org/-/media/headquarters/attachments/sections/library/publications/2020/gender-equality-womens-rights-in-review-key-facts-and-figures-en.pdf?la=en&amp;vs=935"">progress</a> over the last decades: More girls are going to school, fewer girls are forced into early marriage, more women are serving in parliament and positions of leadership, and laws are being reformed to advance gender equality.&nbsp;</p> <p>Despite these gains, many <a href=""https://www.unwomen.org/-/media/headquarters/attachments/sections/library/publications/2020/gender-equality-womens-rights-in-review-key-facts-and-figures-en.pdf?la=en&amp;vs=935"">challenges</a> remain: discriminatory laws and social norms remain pervasive, women continue to be underrepresented at all levels of political leadership, and 1 in 5 women and girls between the ages of 15 and 49 report experiencing physical or sexual violence by an intimate partner within a 12-month period.</p> <p>The effects of <a href=""https://www.un.org/sites/un2.un.org/files/policy_brief_on_covid_impact_on_women_9_apr_2020_updated.pdf"">the COVID-19 pandemic could reverse the limited progress</a> that has been made on gender equality and women’s rights.&nbsp; The coronavirus outbreak <a href=""https://www.unfpa.org/sites/default/files/resource-pdf/COVID-19_A_Gender_Lens_Guidance_Note.pdf"">exacerbates existing inequalities</a> for women and girls across every sphere – from health and the economy, to security and social protection.&nbsp;</p> <p>Women play a disproportionate role in responding to the virus, including as frontline healthcare workers and carers at home. Women’s unpaid care work has increased significantly as a result of school closures and the increased needs of older people. Women are also harder hit by the economic impacts of COVID-19, as they disproportionately work in insecure labour markets. Nearly 60 per cent of women work in the informal economy, which puts them at greater risk of falling into poverty.&nbsp;</p> <p>The pandemic has also led to a steep increase in <a href=""https://www.unwomen.org/-/media/headquarters/attachments/sections/library/publications/2020/issue-brief-covid-19-and-ending-violence-against-women-and-girls-en.pdf?la=en&amp;vs=5006"">violence against women and girls</a>. With lockdown measures in place, many women are trapped at home with their abusers, struggling to access services that are suffering from cuts and restrictions. Emerging data shows that, since the outbreak of the pandemic, violence against women and girls – and particularly domestic violence – has intensified.</p>"
sdg.yml	sdg.goals.goal_5.targets.target_5_1.long_title	Véget vet a nőkkel és lányokkal szembeni megkülönböztetés minden formájának mindenhol.	Vessünk véget minden nő és lány elleni diszkrimináció minden formájának.	End all forms of discrimination against all women and girls everywhere.
sdg.yml	sdg.goals.goal_5.targets.target_5_1.short_title	A nők és lányok elleni megkülönböztetés megszüntetése	A nők és lányok diszkriminációjának megszüntetése	End Discrimination Against Women and Girls
sdg.yml	sdg.goals.goal_5.targets.target_5_2.long_title	Az összes, köz- és magánszférában élő nő és lány elleni erőszak minden formájának megszüntetése, beleértve az emberkereskedelmet, valamint a szexuális és egyéb kizsákmányolást is.	Szüntesse meg a nők és lányok elleni erőszak minden formáját a köz- és magánszférában, beleértve az emberkereskedelmet, a szexuális és egyéb kizsákmányolást is.	Eliminate all forms of violence against all women and girls in the public and private spheres, including trafficking and sexual and other types of exploitation.
sdg.yml	sdg.goals.goal_5.targets.target_5_2.short_title	A nők és lányok elleni erőszak és kizsákmányolás vége	Vess véget a nők és lányok elleni erőszaknak és kizsákmányolásának	End All Violence Against and Exploitation of Women and Girls
sdg.yml	sdg.goals.goal_5.targets.target_5_3.long_title	Minden káros gyakorlat, mint például a gyermek, a korai és kényszerházasság és a női nemi szervek megcsonkítása megszüntetése.	Szüntess meg minden káros gyakorlatot, mint például a gyermekek, a korai és kényszerházasság és a női nemi szervek megcsonkítása.	Eliminate all harmful practices, such as child, early and forced marriage and female genital mutilation.
sdg.yml	sdg.goals.goal_5.targets.target_5_3.short_title	A kényszerházasság és a nemi csonkítás megszüntetése	A kényszerházasságok és a nemi szervek csonkításának megszüntetése	Eliminate Forced Marriages and Genital Mutilation
sdg.yml	sdg.goals.goal_5.targets.target_5_4.long_title	Ismerje el és értékelje a fizetetlen ellátást és a háztartási munkát közszolgáltatások, infrastruktúra és szociális védelmi politikák biztosításával, valamint a megosztott felelősségvállalás előmozdításával a háztartáson és a családon belül, nemzeti szinten megfelelő módon.	Elismerjék és értékeljék a nem fizetett gondozást és a háztartási munkát a közszolgáltatások, az infrastruktúra és a szociális védelmi politikák biztosítása, valamint a háztartáson és családon belüli megosztott felelősség előmozdítása révén, ha nemzeti szinten megfelelő.	Recognize and value unpaid care and domestic work through the provision of public services, infrastructure and social protection policies and the promotion of shared responsibility within the household and the family as nationally appropriate.
sdg.yml	sdg.goals.goal_5.targets.target_5_4.short_title	A nem fizetett gondozás értéke és a megosztott belföldi felelősségvállalás előmozdítása	Értékelje a nem fizetett gondozást és mozdítsa elő a megosztott háztartási kötelezettségeket	Value Unpaid Care and Promote Shared Domestic Responsibilities
sdg.yml	sdg.goals.goal_5.targets.target_5_5.long_title	Biztosítani kell a nők teljes körű és hatékony részvételét és esélyegyenlőségét a politikai, gazdasági és közéletben a döntéshozatal minden szintjén.	Biztosítani kell a nők teljes és hatékony részvételét és egyenlő esélyeit a vezetésre a politikai, gazdasági és közéleti döntéshozatal minden szintjén.	Ensure women’s full and effective participation and equal opportunities for leadership at all levels of decisionmaking in political, economic and public life.
sdg.yml	sdg.goals.goal_5.targets.target_5_5.short_title	Teljes részvétel biztosítása a vezetésben és a döntéshozatalban	Biztosítsa a teljes részvételt a vezetésben és a döntéshozatalban	Ensure Full Participation in Leadership and Decision-Making
sdg.yml	sdg.goals.goal_5.targets.target_5_6.long_title	Biztosítani kell a szexuális és reproduktív egészséghez, valamint a reproduktív jogokhoz való egyetemes hozzáférést a népességről és fejlődésről szóló nemzetközi konferencia és a pekingi cselekvési platform cselekvési programjának, valamint a felülvizsgálati konferenciák eredménydokumentumainak megfelelően.	Biztosítani kell a szexuális és reproduktív egészséghez, valamint a reproduktív jogokhoz való egyetemes hozzáférést a Népesedési és Fejlődési Nemzetközi Konferencia cselekvési programjával és a pekingi cselekvési platformmal, valamint a felülvizsgálati konferenciáik eredménydokumentumával összhangban.	Ensure universal access to sexual and reproductive health and reproductive rights as agreed in accordance with the Programme of Action of the International Conference on Population and Development and the Beijing Platform for Action and the outcome documents of their review conferences.
sdg.yml	sdg.goals.goal_5.targets.target_5_6.short_title	A reproduktív egészséghez és jogokhoz való egyetemes hozzáférés	Univerzális hozzáférés a reproduktív egészséghez és jogokhoz	Universal Access to Reproductive Health and Rights
sdg.yml	sdg.goals.goal_5.targets.target_5_A.long_title	A nemzeti jogszabályokkal összhangban reformokat kell végrehajtani annak érdekében, hogy a nők egyenlő jogokkal rendelkezzenek a gazdasági erőforrásokhoz, valamint hogy hozzáférjenek a földterületek és egyéb ingatlanok, pénzügyi szolgáltatások, öröklés és természeti erőforrások tulajdonjogához és ellenőrzéséhez.	Végezzen reformokat annak érdekében, hogy a nők egyenlő jogokat biztosítsanak a gazdasági erőforrásokhoz, valamint a föld és a tulajdon egyéb formáihoz, a pénzügyi szolgáltatásokhoz, az örökséghez és a természeti erőforrásokhoz való tulajdonjoghoz, valamint a feletti ellenőrzéshez, a nemzeti jogszabályokkal összhangban.	Undertake reforms to give women equal rights to economic resources, as well as access to ownership and control over land and other forms of property, financial services, inheritance and natural resources, in accordance with national laws.
sdg.yml	sdg.goals.goal_5.targets.target_5_A.short_title	A gazdasági erőforrásokhoz, a tulajdonhoz és a pénzügyi szolgáltatásokhoz való egyenlő jogok	Egyenlő jogok a gazdasági erőforrásokhoz, a tulajdonjoghoz és a pénzügyi szolgáltatásokhoz	Equal Rights to Economic Resources, Property Ownership and Financial Services
sdg.yml	sdg.goals.goal_5.targets.target_5_B.long_title	Az alaptechnológia, különösen az információs és kommunikációs technológia használatának fokozása a nők felruházásának előmozdítása érdekében.	Az alaptechnológia, különösen az információs és kommunikációs technológia használatának fokozása a nők szerepvállalásának előmozdítása érdekében.	Enhance the use of enabling technology, in particular information and communications technology, to promote the empowerment of women.
sdg.yml	sdg.goals.goal_5.targets.target_5_B.short_title	A nők szerepének előmozdítása a technológia révén	A nők felhatalmazásának előmozdítása technológia révén	Promote Empowerment of Women through Technology
sdg.yml	sdg.goals.goal_5.targets.target_5_C.long_title	A nemek közötti egyenlőség előmozdítására és az összes nő és lány minden szinten való felruházására vonatkozó szilárd politikák és végrehajtható jogszabályok elfogadása és megerősítése.	Hatékony szakpolitikák és végrehajtható jogszabályok elfogadása és megerősítése a nemek közötti egyenlőség előmozdítása, valamint minden nő és lány szerepének megerősítése érdekében minden szinten.	Adopt and strengthen sound policies and enforceable legislation for the promotion of gender equality and the empowerment of all women and girls at all levels.
sdg.yml	sdg.goals.goal_5.targets.target_5_C.short_title	A nemek közötti egyenlőségre vonatkozó politikák és hatékony jogszabályok elfogadása és megerősítése	A nemek közötti egyenlőségre vonatkozó politikák és végrehajtható jogszabályok elfogadása és megerősítése	Adopt and Strengthen Policies and Enforceable Legislation for Gender Equality
sdg.yml	sdg.goals.goal_6.title_in_two_lines	"Tiszta víz
és higiénia"	"Tiszta Víz
és Higiénia"	"Clean Water
and Sanitation"
sdg.yml	sdg.goals.goal_6.description	Biztosítani kell a hozzáférést a vízhez és a higiéniához mindenki számára.	Biztosítson mindenki számára hozzáférést a vízhez és a higiéniához.	Ensure access to water and sanitation for all.
sdg.yml	sdg.goals.goal_6.long_description	"<p>Noha jelentős előrelépés történt a tiszta ivóvízhez és a szennyvízelvezetéshez való hozzáférés növelése terén, emberek milliárdjai - főként vidéki területeken - még mindig hiányoznak ezek az alapvető szolgáltatások. Világszerte, <a href=""https://www.who.int/news-room/detail/18-06-2019-1-in-3-people-globally-do-not-have-access-to-safe-drinking-water-unicef-who"">minden harmadik embernek nincs hozzáférése a biztonságos ivóvízhez</a>, <a href=""https://www.unwater.org/water-facts/water-sanitation-and-hygiene/"">ötből kettő embernek nincs alapvető kézmosója.</a> szappannal és vízzel, és több mint <a href=""https://news.un.org/en/story/2019/11/1051561"">673 millió ember gyakorolja a nyílt ürítést</a>.</p>  <p>A COVID- 19 pandémia bebizonyította a higiénia, a higiénia és a tiszta vízhez való megfelelő hozzáférés kritikus jelentőségét a betegségek megelőzése és kezelése szempontjából. <a href=""https://www.unwater.org/water-facts/handhygiene/"">A kézhigiénia életeket ment.</a>Az Egészségügyi Világszervezet szerint <a href=""https://www.who.int/news-room/events/detail/2020/05/05/default-calendar/hand-hygiene-day"">a kézmosás az egyik leghatékonyabb lépés, amit megtehetsz</a> a kórokozók terjedésének csökkentése és fertőzések, köztük a COVID- 19 vírus megelőzése. Mégis több milliárd embernek hiányzik a biztonságos víztisztítás, és a finanszírozás nem megfelelő.</p>"	"<p>Miközben jelentős előrelépés történt a tiszta ivóvízhez és a higiéniához való hozzáférés javítása terén, emberek milliárdjainak – főként vidéki területeken – továbbra sem hiányoznak ezek az alapvető szolgáltatások. Világszerte <a href=""https://www.who.int/news-room/detail/18-06-2019-1-in-3-people-globally-do-not-have-access-to-safe-drinking-water-unicef-who""> minden harmadik embernek nincs hozzáférése biztonságos ivóvízhez</a>, <a href=""https://www.unwater.org/water-facts/water-sanitation-and-hygiene/"">ötből két embernek nincs alapvető kézmosási lehetősége</a> szappannal és vízzel, és több mint <a href=""https://news.un.org/en/story/2019/11/1051561"">673 millió ember gyakorol még mindig nyílt székletürítést A COVID-19 világjárvány bebizonyította a higiénia, a higiénia és a tiszta vízhez való megfelelő hozzáférés kritikus fontosságát a betegségek megelőzésében és megfékezésében. <a href=""https://www.unwater.org/water-facts/handhygiene/"">A kézhigiénia életeket menthet</a>. Az Egészségügyi Világszervezet szerint az <a href=""https://www.who.int/news-room/events/detail/2020/05/05/default-calendar/hand-hygiene-day"">kézmosás az egyik leghatékonyabb intézkedés, amelyet megtehet</a> a kórokozók terjedésének csökkentése és a fertőzések, köztük a COVID-19 vírus megelőzése érdekében. Ennek ellenére még mindig több milliárd embernek hiányzik a biztonságos vízelvezetés, és a finanszírozás sem megfelelő.</p>"	"<p>While substantial progress has been made in increasing access to clean drinking water and sanitation, billions of people—mostly in rural areas—still lack these basic services. Worldwide, <a href=""https://www.who.int/news-room/detail/18-06-2019-1-in-3-people-globally-do-not-have-access-to-safe-drinking-water-unicef-who"">one in three people do not have access to safe drinking water</a>, <a href=""https://www.unwater.org/water-facts/water-sanitation-and-hygiene/"">two out of five people do not have a basic hand-washing facility</a> with soap and water, and more than <a href=""https://news.un.org/en/story/2019/11/1051561"">673 million people still practice open defecation</a>.</p> <p>The COVID-19 pandemic has demonstrated the critical importance of sanitation, hygiene and adequate access to clean water for preventing and containing diseases. <a href=""https://www.unwater.org/water-facts/handhygiene/"">Hand hygiene saves lives</a>. According to the World Health Organization, <a href=""https://www.who.int/news-room/events/detail/2020/05/05/default-calendar/hand-hygiene-day"">handwashing is one of the most effective actions you can take</a> to reduce the spread of pathogens and prevent infections, including the COVID-19 virus. Yet billions of people still lack safe water sanitation, and funding is inadequate.</p>"
sdg.yml	sdg.goals.goal_6.targets.target_6_1.long_title	2030-ra mindenki számára biztosítani kell a biztonságos és megfizethető ivóvízhez való egyetemes és méltányos hozzáférést.	2030-ra mindenki számára elérhetővé kell tenni a biztonságos és megfizethető ivóvízhez való egyetemes és méltányos hozzáférést.	By 2030, achieve universal and equitable access to safe and affordable drinking water for all.
sdg.yml	sdg.goals.goal_6.targets.target_6_2.long_title	2030-ra mindenki számára biztosítani kell a megfelelő és méltányos higiéniához és higiéniához való hozzáférést, és véget kell vetni a nyílt ürítésnek, különös figyelmet fordítva a nők és a lányok, valamint a kiszolgáltatott helyzetben lévők szükségleteire.	2030-ra mindenki számára biztosítani kell a megfelelő és méltányos higiéniához való hozzáférést, és véget vetve a nyílt székletürítésnek, különös figyelmet fordítva a nők és lányok, valamint a veszélyeztetett helyzetben lévők szükségleteire.	By 2030, achieve access to adequate and equitable sanitation and hygiene for all and end open defecation, paying special attention to the needs of women and girls and those in vulnerable situations.
sdg.yml	sdg.goals.goal_6.targets.target_6_2.short_title	A nyitott ürítés befejezése és a higiéniához és higiéniához való hozzáférés biztosítása	Végezze el a nyílt székletürítést, és biztosítson hozzáférést a higiéniai és higiéniai szolgáltatásokhoz	End Open Defecation and Provide Access to Sanitation and Hygiene
sdg.yml	sdg.goals.goal_6.targets.target_6_3.long_title	2030-ra a vízminőség javítása a szennyezés csökkentésével, a dömping megszüntetésével és a veszélyes vegyi anyagok és anyagok kibocsátásának minimalizálásával, a kezeletlen szennyvíz mennyiségének felével, valamint világszerte jelentősen növelve az újrahasznosítást és a biztonságos újrafelhasználást.	2030-ra javítsa a vízminőséget a szennyezés csökkentésével, a lerakás megszüntetésével és a veszélyes vegyi anyagok és anyagok kibocsátásának minimalizálásával, a kezeletlen szennyvíz arányának felére csökkentésével, valamint az újrahasznosítás és a biztonságos újrafelhasználás jelentős növelésével világszerte.	By 2030, improve water quality by reducing pollution, eliminating dumping and minimizing release of hazardous chemicals and materials, halving the proportion of untreated wastewater and substantially increasing recycling and safe reuse globally.
sdg.yml	sdg.goals.goal_6.targets.target_6_3.short_title	A víz minőségének, a szennyvíz kezelésének és biztonságos újrafelhasználásának javítása	A vízminőség, a szennyvízkezelés és a biztonságos újrafelhasználás javítása	Improve Water Quality, Wastewater Treatment and Safe Reuse
sdg.yml	sdg.goals.goal_6.targets.target_6_4.long_title	2030-ra jelentősen növelje a vízfelhasználás hatékonyságát valamennyi ágazatban, és biztosítsa a vízhiány kezelése érdekében a fenntartható vízkivonást és édesvíz-ellátást, valamint jelentősen csökkentse a vízhiányban szenvedők számát.	2030-ig minden ágazatban jelentősen növelni kell a vízhasználat hatékonyságát, és biztosítani kell az édesvíz fenntartható kivonását és ellátását a vízhiány kezelése és a vízhiánytól szenvedők számának jelentős csökkentése érdekében.	By 2030, substantially increase water-use efficiency across all sectors and ensure sustainable withdrawals and supply of freshwater to address water scarcity and substantially reduce the number of people suffering from water scarcity.
sdg.yml	sdg.goals.goal_6.targets.target_6_4.short_title	A vízfelhasználás hatékonyságának növelése és az édesvízi ellátás biztosítása	Növelje a vízfelhasználás hatékonyságát és biztosítsa az édesvíz-ellátást	Increase Water-Use Efficiency and Ensure Freshwater Supplies
sdg.yml	sdg.goals.goal_6.targets.target_6_5.long_title	2030-ig minden szinten integrált vízkészlet-gazdálkodást kell végrehajtani, adott esetben a határokon átnyúló együttműködés révén is.	2030-ig minden szinten végre kell hajtani az integrált vízkészlet-gazdálkodást, adott esetben a határokon átnyúló együttműködést is beleértve.	By 2030, implement integrated water resources management at all levels, including through transboundary cooperation as appropriate.
sdg.yml	sdg.goals.goal_6.targets.target_6_5.short_title	Integrált vízkészletek kezelése	Integrált vízkészlet-gazdálkodás megvalósítása	Implement Integrated Water Resources Management
sdg.yml	sdg.goals.goal_6.targets.target_6_6.long_title	2020-ra a vízzel kapcsolatos ökoszisztémák védelme és helyreállítása, beleértve a hegyeket, erdőket, vizes élőhelyeket, folyókat, víztározókat és tavakat.	2020-ra meg kell védeni és helyreállítani a vízzel kapcsolatos ökoszisztémákat, beleértve a hegyeket, erdőket, vizes élőhelyeket, folyókat, víztartó rétegeket és tavakat.	By 2020, protect and restore water-related ecosystems, including mountains, forests, wetlands, rivers, aquifers and lakes.
sdg.yml	sdg.goals.goal_6.targets.target_6_6.short_title	Vízhez kapcsolódó ökoszisztémák védelme és helyreállítása	A vízzel kapcsolatos ökoszisztémák védelme és helyreállítása	Protect and Restore Water-Related Ecosystems
sdg.yml	sdg.goals.goal_6.targets.target_6_A.long_title	2030-ra bővítse a fejlődő országoknak nyújtott nemzetközi együttműködést és kapacitásépítést a vízzel és a higiéniával kapcsolatos tevékenységek és programok terén, beleértve a vízbetakarítást, a sótalanítást, a vízhatékonyságot, a szennyvízkezelést, az újrahasznosítást és az újrafelhasználást.	2030-ig terjessze ki a nemzetközi együttműködést és kapacitásépítési támogatást a fejlődő országok számára a vízzel és higiéniával kapcsolatos tevékenységek és programok terén, beleértve a vízgyűjtést, a sótalanítást, a vízhatékonyságot, a szennyvízkezelést, az újrahasznosítást és az újrahasználati technológiákat.	By 2030, expand international cooperation and capacity-building support to developing countries in water- and sanitation-related activities and programmes, including water harvesting, desalination, water efficiency, wastewater treatment, recycling and reuse technologies.
sdg.yml	sdg.goals.goal_6.targets.target_6_A.short_title	A fejlődő országok víz- és közegészségügyi támogatása	A vízügyi és higiéniai támogatás kiterjesztése a fejlődő országokra	Expand Water and Sanitation Support to Developing Countries
sdg.yml	sdg.goals.goal_6.targets.target_6_B.long_title	A helyi közösségek részvételének támogatása és megerősítése a víz- és szennyvízkezelés javításában.	A helyi közösségek részvételének támogatása és erősítése a víz- és szennyvízgazdálkodás javításában.	Support and strengthen the participation of local communities in improving water and sanitation management.
sdg.yml	sdg.goals.goal_6.targets.target_6_B.short_title	A helyi víz- és szennyvízkezelés támogatása	Támogassa a helyi szerepvállalást a víz- és szennyvízgazdálkodásban	Support Local Engagement in Water and Sanitation Management
sdg.yml	sdg.goals.goal_7.title_in_two_lines	"Megfizethető és
Tiszta energia"	"Megfizethető és
Tiszta Energia"	"Affordable and
Clean Energy"
sdg.yml	sdg.goals.goal_7.description	A megfizethető, megbízható, fenntartható és modern energiához való hozzáférés biztosítása.	Megfizethető, megbízható, fenntartható és modern energiához való hozzáférés biztosítása.	Ensure access to affordable, reliable, sustainable and modern energy.
sdg.yml	sdg.goals.goal_7.long_description	"<p>A világ <a href=""https://unstats.un.org/sdgs/report/2019/goal-07/"">előrelépés a 7.</a>az energia fenntarthatóbbá és szélesebb körben elérhetővé válásának ösztönzése. A szegényebb országokban megkezdődött a villamos energiához való hozzáférés felgyorsítása, az energiahatékonyság folyamatosan javul, és a megújuló energia jelentős eredményeket hoz a villamosenergia-ágazatban. & nbsp;</p>  <p>Ennek ellenére nagyobb figyelmet kell fordítani a tiszta és biztonságos főzési üzemanyagokhoz és technológiákhoz való hozzáférés javítására 3 milliárd ember számára, a megújuló energiaforrások használatának a villamosenergia-ágazaton kívüli kiterjesztéséhez, valamint a saharai Afrika alatti villamosítás fokozásához.</p>  <p>A <a href=""https://trackingsdg7.esmap.org/"">Az energetikai haladásról szóló jelentés</a> globális műszerfal létrehozása az energiához való hozzáférés, az energiahatékonyság és a megújuló energia terén elért eredmények nyilvántartására. Értékeli az egyes országok által e három pillér tekintetében elért eredményeket, és áttekintést nyújt arról, hogy milyen messze vagyunk a 2030-ig tartó fenntartható fejlesztési célok elérésétől.</p>"	"<p>A világ <a href=""https://unstats.un.org/sdgs/report/2019/goal-07/"">előrehaladást tesz a 7. cél felé</a>, és biztató jelek mutatkoznak arra vonatkozóan, hogy az energia egyre fenntarthatóbb és szélesebb körben elérhető. A szegényebb országokban elkezdett felgyorsulni az elektromos áramhoz való hozzáférés, az energiahatékonyság tovább javul, a megújuló energia pedig lenyűgöző eredményeket produkál a villamosenergia-ágazatban. </p> <p>Mindazonáltal nagyobb figyelmet kell fordítani a tiszta és biztonságos főzési tüzelőanyagokhoz és technológiákhoz való hozzáférés javítására 3 milliárd ember számára, valamint a villamosenergia-ágazatban a megújuló energia és a szubharcifikáción túlmutató kiterjesztésére. Afrika</p> <p>Az <a href=""https://trackingsdg7.esmap.org/"">Energia terén elért haladásról szóló jelentés</a> globális irányítópultot biztosít az energiához való hozzáférés, az energiahatékonyság és a megújuló energia terén elért haladás regisztrálásához. Felméri az egyes országok által e három pillér tekintetében elért előrehaladást, és pillanatképet ad arról, hogy milyen messze vagyunk a 2030-ra kitűzött Fenntartható Fejlődési Célok elérésétől.</p>"	"<p>The world is making <a href=""https://unstats.un.org/sdgs/report/2019/goal-07/"">progress towards Goal 7</a>, with encouraging signs that energy is becoming more sustainable and widely available. Access to electricity in poorer countries has begun to accelerate, energy efficiency continues to improve, and renewable energy is making impressive gains in the electricity sector.&nbsp;</p> <p>Nevertheless, more focused attention is needed to improve access to clean and safe cooking fuels and technologies for 3 billion people, to expand the use of renewable energy beyond the electricity sector, and to increase electrification in sub-Saharan Africa.</p> <p>The <a href=""https://trackingsdg7.esmap.org/"">Energy Progress Report</a> provides global dashboard to register progress on energy access, energy efficiency and renewable energy. It assesses the progress made by each country on these three pillars and provides a snapshot of how far we are from achieving the 2030 Sustainable Development Goals targets.</p>"
sdg.yml	sdg.goals.goal_7.targets.target_7_1.long_title	2030-ra biztosítani kell a megfizethető, megbízható és modern energetikai szolgáltatásokhoz való egyetemes hozzáférést.	2030-ra biztosítsa a megfizethető, megbízható és modern energiaszolgáltatásokhoz való egyetemes hozzáférést.	By 2030, ensure universal access to affordable, reliable and modern energy services.
sdg.yml	sdg.goals.goal_7.targets.target_7_1.short_title	A modern energiához való egyetemes hozzáférés	Univerzális hozzáférés a modern energiához	Universal Access to Modern Energy
sdg.yml	sdg.goals.goal_7.targets.target_7_2.long_title	2030-ra jelentősen növelni kell a megújuló energiaforrások arányát a globális energiaszerkezetben.	2030-ra jelentősen növelni kell a megújuló energia részarányát a globális energiamixben.	By 2030, increase substantially the share of renewable energy in the global energy mix.
sdg.yml	sdg.goals.goal_7.targets.target_7_2.short_title	A megújuló energia globális arányának növelése	A megújuló energia globális százalékos arányának növelése	Increase Global Percentage of Renewable Energy
sdg.yml	sdg.goals.goal_7.targets.target_7_3.long_title	2030-ra megduplázza az energiahatékonyság globális javulásának mértékét.	2030-ra megduplázza az energiahatékonyság globális javulásának ütemét.	By 2030, double the global rate of improvement in energy efficiency.
sdg.yml	sdg.goals.goal_7.targets.target_7_3.short_title	Az energiahatékonyság javítása	Duplázza meg az energiahatékonyságot	Double the Improvement in Energy Efficiency
sdg.yml	sdg.goals.goal_7.targets.target_7_A.long_title	2030-ra erősítse a nemzetközi együttműködést a tiszta energia kutatásához és technológiájához való hozzáférés megkönnyítése érdekében, beleértve a megújuló energiát, az energiahatékonyságot, a fejlett és tisztább fosszilis tüzelőanyagok technológiáját, valamint ösztönözze az energetikai infrastruktúrába és a tiszta energiatechnológiába történő beruházásokat.	2030-ig fokozza a nemzetközi együttműködést a tiszta energiával kapcsolatos kutatáshoz és technológiához való hozzáférés megkönnyítése érdekében, ideértve a megújuló energiát, az energiahatékonyságot és a fejlett és tisztább fosszilis tüzelőanyag-technológiát, valamint előmozdítja az energiainfrastruktúrába és a tiszta energiatechnológiába történő beruházásokat.	By 2030, enhance international cooperation to facilitate access to clean energy research and technology, including renewable energy, energy efficiency and advanced and cleaner fossil-fuel technology, and promote investment in energy infrastructure and clean energy technology.
sdg.yml	sdg.goals.goal_7.targets.target_7_A.short_title	A kutatáshoz, technológiához és a tiszta energiába történő beruházásokhoz való hozzáférés előmozdítása 	A tiszta energiával kapcsolatos kutatásokhoz, technológiához és befektetésekhez való hozzáférés elősegítése	Promote Access to Research, Technology and Investments in Clean Energy 
sdg.yml	sdg.goals.goal_7.targets.target_7_B.long_title	2030-ra a fejlődő országokban, különösen a legkevésbé fejlett országokban, a kis szigetállamokban és a földzáras fejlődő országokban a modern és fenntartható energetikai szolgáltatások nyújtásához szükséges infrastruktúra kibővítése és a technológia korszerűsítése, saját támogatási programjaikkal összhangban.	2030-ra bővíteni kell az infrastruktúrát és korszerűsíteni a technológiát a modern és fenntartható energiaszolgáltatások nyújtásához a fejlődő országokban, különösen a legkevésbé fejlett országokban, a fejlődő kis szigetállamokban és a tengerparttal nem rendelkező fejlődő országokban, megfelelő támogatási programjaikkal összhangban.	By 2030, expand infrastructure and upgrade technology for supplying modern and sustainable energy services for all in developing countries, in particular least developed countries, small island developing States, and land-locked developing countries, in accordance with their respective programmes of support.
sdg.yml	sdg.goals.goal_7.targets.target_7_B.short_title	Az energetikai szolgáltatások kiterjesztése és korszerűsítése a fejlődő országok számára	Bővítse és frissítse az energiaszolgáltatásokat a fejlődő országok számára	Expand and Upgrade Energy Services for Developing Countries
sdg.yml	sdg.goals.goal_8.description	Az inkluzív és fenntartható gazdasági növekedés, a foglalkoztatás és a tisztességes munka előmozdítása mindenki számára.	Az inkluzív és fenntartható gazdasági növekedés, a foglalkoztatás és a mindenki számára elérhető tisztességes munka előmozdítása.	Promote inclusive and sustainable economic growth, employment and decent work for all.
sdg.yml	sdg.goals.goal_8.long_description	"<p>A tartós és inkluzív gazdasági növekedés ösztönözheti a fejlődést, tisztességes munkahelyeket teremthet mindenki számára, és javíthatja az életszínvonalat. & nbsp;</p>  <p>A COVID- 19 <a href=""https://www.un.org/sites/un2.un.org/files/sg_report_socio-economic_impact_of_covid19.pdf"">milliók életét szakította meg.</a> és veszélybe sodorta a globális gazdaságot. A Nemzetközi Valutaalap (IMF) várhatóan <a href=""https://blogs.imf.org/2020/04/14/the-great-lockdown-worst-economic-downturn-since-the-great-depression/"">globális recesszió</a> vagy rosszabb, mint 2009-ben. A munkahelyek megszűnésével a Nemzetközi Munkaügyi Szervezet becslése szerint <a href=""https://www.ilo.org/global/about-the-ilo/newsroom/news/WCMS_743036/lang--en/index.htm"">A globális munkaerő közel fele forog kockán.</a> hogy elvesztik a megélhetésüket.</p>  <p><a href=""https://developmentfinance.un.org/press-release-financing-sustainable-development-report-2020"">Még a COVID- 19 kitörése előtt</a>, minden ötödik országban - a szegénységben élők milliárdjainak otthonában - az egy főre jutó jövedelem valószínűleg stagnál vagy csökkenne 2020-ban. Most, a<a href=""https://developmentfinance.un.org/press-release-financing-sustainable-development-report-2020""> gazdasági és pénzügyi sokkok</a> a COVID-19-tel - mint például az ipari termelés zavaraival, a nyersanyagárak csökkenésével, a pénzügyi piaci volatilitással és a növekvő bizonytalansággal - összefüggésben kisiklatják a már amúgy is csekély gazdasági növekedést, és más tényezők fokozott kockázatait súlyosbítják. & nbsp; & nbsp;</p>"	"<p>A fenntartható és inkluzív gazdasági növekedés előmozdíthatja a fejlődést, tisztességes munkahelyeket teremthet mindenki számára, és javíthatja az életszínvonalat. </p> <p>A COVID-19 <a href=""https://www.un.org/sites/un2.un.org/files/sg_report_socio-economic_impact_of_covid19.pdf"">életek milliárdjaiban zavart meg</a>, és veszélyezteti a világgazdaságot. A Nemzetközi Valutaalap (IMF) olyan <a href=""https://blogs.imf.org/2020/04/14/the-great-lockdown-worst-economic-downturn-since-the-great-depression/"">globális recesszióra</a> számít, mint 2009-ben, vagy még rosszabb. A munkahelyek megszűnésével a Nemzetközi Munkaügyi Szervezet becslése szerint <a href=""https://www.ilo.org/global/about-the-ilo/newsroom/news/WCMS_743036/lang--en/index.htm"">a globális munkaerő közel felét fenyegeti az</a>, hogy elveszíti megélhetését8]. <p><a href=""https://developmentfinance.un.org/press-release-financing-sustainable-development-report-2020"">Már a COVID-19</a> kitörése előtt minden ötödik ország – ahol több milliárd szegénységben élő ember él – 2020-ban valószínűleg stagnálni vagy csökkenni fog az egy főre jutó jövedelem. Most az <a href=""https://developmentfinance.un.org/press-release-financing-sustainable-development-report-2020""> gazdasági és pénzügyi megrázkódtatások</a> a COVID-19-hez kapcsolódó ipari termelési zavarok, termelési zavarok miatt. az árak, a pénzügyi piacok volatilitása és a növekvő bizonytalanság – kisiklik a már amúgy is langyos gazdasági növekedést, és más tényezőkből eredő fokozott kockázatokat is megnövelik.  </p>"	"<p>Sustained and inclusive economic growth can drive progress, create decent jobs for all and improve living standards.&nbsp;</p> <p>COVID-19 has <a href=""https://www.un.org/sites/un2.un.org/files/sg_report_socio-economic_impact_of_covid19.pdf"">disrupted billions of lives</a> and endangered the global economy. The International Monetary Fund (IMF) expects a <a href=""https://blogs.imf.org/2020/04/14/the-great-lockdown-worst-economic-downturn-since-the-great-depression/"">global recession</a> as bad as or worse than in 2009. As job losses escalate, the International Labor Organization estimates that <a href=""https://www.ilo.org/global/about-the-ilo/newsroom/news/WCMS_743036/lang--en/index.htm"">nearly half of the global workforce is at risk</a> of losing their livelihoods.</p> <p><a href=""https://developmentfinance.un.org/press-release-financing-sustainable-development-report-2020"">Even before the outbreak of COVID-19</a>, one in five countries – home to billions of people living in poverty – were likely to see per capita incomes stagnate or decline in 2020. Now, the<a href=""https://developmentfinance.un.org/press-release-financing-sustainable-development-report-2020""> economic and financial shocks</a> associated with COVID-19—such as disruptions to industrial production, falling commodity prices, financial market volatility, and rising insecurity—are derailing the already tepid economic growth and compounding heightened risks from other factors.&nbsp;&nbsp;</p>"
sdg.yml	sdg.goals.goal_8.targets.target_8_1.long_title	Az egy főre jutó gazdasági növekedés fenntartása a nemzeti körülményeknek megfelelően, és különösen a legkevésbé fejlett országokban évente legalább 7% -os bruttó hazai terméknövekedés.	Fenntartani kell az egy főre jutó gazdasági növekedést a nemzeti körülményeknek megfelelően, és különösen a bruttó hazai termék legalább évi 7 százalékos növekedését a legkevésbé fejlett országokban.	Sustain per capita economic growth in accordance with national circumstances and, in particular, at least 7 per cent gross domestic product growth per annum in the least developed countries.
sdg.yml	sdg.goals.goal_8.targets.target_8_2.long_title	A gazdasági termelékenység magasabb szintjének elérése a diverzifikáció, a technológiai fejlesztés és az innováció révén, többek között a magas hozzáadott értékű és a munkaigényes ágazatokra összpontosítva.	A gazdasági termelékenység magasabb szintjének elérése diverzifikáció, technológiai korszerűsítés és innováció révén, többek között a magas hozzáadott értékű és munkaerő-intenzív ágazatokra való összpontosítás révén.	Achieve higher levels of economic productivity through diversification, technological upgrading and innovation, including through a focus on high-value added and labour-intensive sectors.
sdg.yml	sdg.goals.goal_8.targets.target_8_2.short_title	A gazdasági termelékenység diverzifikálása, innovációja és fejlesztése	Diverzifikáljon, újítson és frissítsen a gazdasági termelékenység érdekében	Diversify, Innovate and Upgrade for Economic Productivity
sdg.yml	sdg.goals.goal_8.targets.target_8_3.long_title	Olyan fejlesztésorientált politikák előmozdítása, amelyek támogatják a produktív tevékenységeket, a tisztességes munkahelyteremtést, a vállalkozói készséget, a kreativitást és az innovációt, valamint ösztönzik a mikro-, kis- és középvállalkozások formalizálását és növekedését, többek között a pénzügyi szolgáltatásokhoz való hozzáférés révén.	A produktív tevékenységeket, a tisztességes munkahelyteremtést, a vállalkozói szellemet, a kreativitást és az innovációt támogató fejlesztésorientált politikák előmozdítása, valamint a mikro-, kis- és középvállalkozások formalizálásának és növekedésének ösztönzése, többek között a pénzügyi szolgáltatásokhoz való hozzáférés révén.	Promote development-oriented policies that support productive activities, decent job creation, entrepreneurship, creativity and innovation, and encourage the formalization and growth of micro-, small- and medium-sized enterprises, including through access to financial services.
sdg.yml	sdg.goals.goal_8.targets.target_8_3.short_title	A munkahelyteremtést és a növekvő vállalkozásokat támogató politikák előmozdítása	A munkahelyteremtést és a növekvő vállalkozásokat támogató politikák népszerűsítése	Promote Policies to Support Job Creation and Growing Enterprises
sdg.yml	sdg.goals.goal_8.targets.target_8_4.long_title	2030-ig fokozatosan javítsa a globális erőforrás-hatékonyságot a fogyasztásban és a termelésben, és törekedjen arra, hogy a fenntartható fogyasztásról és termelésről szóló programok 10 éves keretével összhangban a gazdasági növekedést függetlenítse a környezetromlástól, a fejlett országok pedig élen járnak.	Fokozatosan 2030-ig javítani kell a fogyasztás és a termelés globális erőforrás-hatékonyságát, és törekedni kell a gazdasági növekedés és a környezetromlás szétválasztására a fenntartható fogyasztásra és termelésre vonatkozó 10 éves programok keretein belül, a fejlett országok vezető szerepével.	Improve progressively, through 2030, global resource efficiency in consumption and production and endeavour to decouple economic growth from environmental degradation, in accordance with the 10-year framework of programmes on sustainable consumption and production, with developed countries taking the lead.
sdg.yml	sdg.goals.goal_8.targets.target_8_4.short_title	Az erőforrás-hatékonyság javítása a fogyasztás és termelés terén	Az erőforrás-hatékonyság javítása a fogyasztás és a termelés terén	Improve Resource Efficiency in Consumption and Production
sdg.yml	sdg.goals.goal_8.targets.target_8_5.long_title	2030-ra teljes és produktív foglalkoztatást és tisztességes munkát kell elérni valamennyi nő és férfi számára, beleértve a fiatalokat és a fogyatékkal élőket is, és egyenlő értékű munkáért egyenlő díjazást kell biztosítani.	2030-ra érjen el teljes és produktív foglalkoztatást és tisztességes munkát minden nő és férfi számára, ideértve a fiatalokat és a fogyatékkal élőket is, valamint egyenlő bért az azonos értékű munkáért.	By 2030, achieve full and productive employment and decent work for all women and men, including for young people and persons with disabilities, and equal pay for work of equal value.
sdg.yml	sdg.goals.goal_8.targets.target_8_5.short_title	Teljes foglalkoztatás és tisztességes munka egyenlő díjazással	Teljes foglalkoztatás és tisztességes munka egyenlő fizetéssel	Full Employment and Decent Work with Equal Pay
sdg.yml	sdg.goals.goal_8.targets.target_8_6.long_title	2020-ra jelentősen csökkenteni kell a nem foglalkoztatott, oktatásban vagy képzésben részt vevő fiatalok arányát.	2020-ra jelentősen csökkenteni kell a nem foglalkoztatott, oktatásban és képzésben nem részesülő fiatalok arányát.	By 2020, substantially reduce the proportion of youth not in employment, education or training.
sdg.yml	sdg.goals.goal_8.targets.target_8_6.short_title	Az ifjúsági foglalkoztatás, oktatás és képzés előmozdítása	A fiatalok foglalkoztatásának, oktatásának és képzésének előmozdítása	Promote Youth Employment, Education and Training
sdg.yml	sdg.goals.goal_8.targets.target_8_7.long_title	Azonnali és hatékony intézkedések meghozatala a kényszermunka, a modern rabszolgaság és az emberkereskedelem felszámolása érdekében, valamint a gyermekmunka legrosszabb formáinak - beleértve a gyermekkatonák toborzását és alkalmazását - betiltása és megszüntetése, valamint 2025-ig a gyermekmunka minden formájának megszüntetése.	Azonnali és hatékony intézkedések meghozatala a kényszermunka felszámolására, a modern rabszolgaság és az emberkereskedelem felszámolására, valamint a gyermekmunka legrosszabb formáinak betiltásának és felszámolásának biztosítására, beleértve a gyermekkatonák toborzását és felhasználását, valamint 2025-ig a gyermekmunka minden formájának megszüntetésére.	Take immediate and effective measures to eradicate forced labour, end modern slavery and human trafficking and secure the prohibition and elimination of the worst forms of child labour, including recruitment and use of child soldiers, and by 2025 end child labour in all its forms.
sdg.yml	sdg.goals.goal_8.targets.target_8_7.short_title	A modern rabszolgaság, emberkereskedelem és gyermekmunka befejezése	Vess véget a modern rabszolgaságnak, emberkereskedelemnek és gyermekmunkának	End Modern Slavery, Trafficking and Child Labour
sdg.yml	sdg.goals.goal_8.targets.target_8_8.long_title	A munkajogok védelme, valamint a biztonságos és biztonságos munkakörnyezet előmozdítása valamennyi munkavállaló - beleértve a migráns munkavállalókat, különösen a női migránsokat - és a bizonytalan munkaképességű munkavállalók számára.	Védje a munkajogokat, és támogassa a biztonságos munkakörnyezetet minden munkavállaló számára, ideértve a migráns munkavállalókat, különösen a migráns nőket és a bizonytalan foglalkoztatásúakat.	Protect labour rights and promote safe and secure working environments for all workers, including migrant workers, in particular women migrants, and those in precarious employment.
sdg.yml	sdg.goals.goal_8.targets.target_8_8.short_title	A munkajogok védelme és a biztonságos munkakörülmények előmozdítása	Védje a munkajogokat és támogassa a biztonságos munkakörnyezetet	Protect Labour Rights and Promote Safe Working Environments
sdg.yml	sdg.goals.goal_8.targets.target_8_9.long_title	2030-ra a fenntartható idegenforgalom előmozdítását célzó, munkahelyeket teremtő és a helyi kultúrát és termékeket előmozdító politikák kidolgozása és végrehajtása	2030-ig dolgozzon ki és hajtson végre politikákat a fenntartható turizmus előmozdítására, amely munkahelyeket teremt, és népszerűsíti a helyi kultúrát és termékeket	By 2030, devise and implement policies to promote sustainable tourism that creates jobs and promotes local culture and products
sdg.yml	sdg.goals.goal_8.targets.target_8_9.short_title	Előnyös és fenntartható idegenforgalom előmozdítása	A hasznos és fenntartható turizmus népszerűsítése	Promote Beneficial and Sustainable Tourism
sdg.yml	sdg.goals.goal_8.targets.target_8_10.long_title	A belföldi pénzügyi intézmények kapacitásának megerősítése a banki, biztosítási és pénzügyi szolgáltatásokhoz való hozzáférés ösztönzése és kiterjesztése érdekében.	A hazai pénzintézetek kapacitásának megerősítése a banki, biztosítási és pénzügyi szolgáltatásokhoz való mindenki hozzáférésének ösztönzése és kiterjesztése érdekében.	Strengthen the capacity of domestic financial institutions to encourage and expand access to banking, insurance and financial services for all.
sdg.yml	sdg.goals.goal_8.targets.target_8_10.short_title	A banki, biztosítási és pénzügyi szolgáltatásokhoz való egyetemes hozzáférés	Univerzális hozzáférés a banki, biztosítási és pénzügyi szolgáltatásokhoz	Universal Access to Banking, Insurance and Financial Services
sdg.yml	sdg.goals.goal_8.targets.target_8_A.long_title	A fejlődő országoknak, különösen a legkevésbé fejlett országoknak nyújtott kereskedelmi támogatás növelése, többek között a legkevésbé fejlett országoknak nyújtott kereskedelmi vonatkozású technikai segítségnyújtás megerősített integrált kerete révén.	A fejlődő országok, különösen a legkevésbé fejlett országok számára nyújtott kereskedelemsegély-támogatás növelése, többek között a legkevésbé fejlett országoknak nyújtott kereskedelemmel kapcsolatos technikai segítségnyújtás fokozott integrált keretrendszerén keresztül.	Increase Aid for Trade support for developing countries, in particular least developed countries, including through the Enhanced Integrated Framework for Trade-Related Technical Assistance to Least Developed Countries.
sdg.yml	sdg.goals.goal_8.targets.target_8_A.short_title	A kereskedelmi támogatás növelése	A Kereskedelmi támogatás növelése	Increase Aid for Trade Support
sdg.yml	sdg.goals.goal_8.targets.target_8_B.long_title	2020-ra a fiatalok foglalkoztatására vonatkozó globális stratégia kidolgozása és végrehajtása, valamint a Nemzetközi Munkaügyi Szervezet globális foglalkoztatási paktumának végrehajtása.	2020-ig a fiatalok foglalkoztatására vonatkozó globális stratégia kidolgozása és működtetése, valamint a Nemzetközi Munkaügyi Szervezet Globális Munkaügyi Paktumának végrehajtása.	By 2020, develop and operationalize a global strategy for youth employment and implement the Global Jobs Pact of the International Labour Organization.
sdg.yml	sdg.goals.goal_9.description	Rugalmas infrastruktúra építése, a fenntartható iparosodás előmozdítása és az innováció előmozdítása.	Rugalmas infrastruktúra kiépítése, a fenntartható iparosítás előmozdítása és az innováció előmozdítása.	Build resilient infrastructure, promote sustainable industrialization and foster innovation.
sdg.yml	sdg.goals.goal_9.targets.target_9_1.long_title	Minőségi, megbízható, fenntartható és rugalmas infrastruktúra kialakítása, beleértve a regionális és határokon átnyúló infrastruktúrát, a gazdasági fejlődés és az emberi jólét támogatása érdekében, a mindenki számára elérhető és méltányos hozzáférésre összpontosítva.	Minőségi, megbízható, fenntartható és ellenálló infrastruktúra fejlesztése, beleértve a regionális és határokon átnyúló infrastruktúrát is, a gazdasági fejlődés és az emberi jólét támogatása érdekében, a mindenki számára megfizethető és méltányos hozzáférésre összpontosítva.	Develop quality, reliable, sustainable and resilient infrastructure, including regional and transborder infrastructure, to support economic development and human well-being, with a focus on affordable and equitable access for all.
sdg.yml	sdg.goals.goal_9.targets.target_9_1.short_title	Fenntartható, ellenálló és inkluzív infrastruktúrák fejlesztése	Fenntartható, rugalmas és befogadó infrastruktúrák fejlesztése	Develop Sustainable, Resilient and Inclusive Infrastructures
sdg.yml	sdg.goals.goal_9.targets.target_9_2.long_title	Az inkluzív és fenntartható iparosodás előmozdítása, valamint 2030-ra jelentősen növelni kell az ipar foglalkoztatási és bruttó hazai termékének arányát a nemzeti körülményekkel összhangban, és meg kell duplázni részesedését a legkevésbé fejlett országokban.	Az inkluzív és fenntartható iparosítás előmozdítása, és 2030-ra jelentősen növelni kell az ipar részesedését a foglalkoztatásban és a bruttó hazai termékben, összhangban a nemzeti körülményekkel, és megkétszerezni részesedését a legkevésbé fejlett országokban.	Promote inclusive and sustainable industrialization and, by 2030, significantly raise industry’s share of employment and gross domestic product, in line with national circumstances, and double its share in least developed countries.
sdg.yml	sdg.goals.goal_9.targets.target_9_2.short_title	Az inkluzív és fenntartható iparosodás előmozdítása	Az inkluzív és fenntartható iparosítás előmozdítása	Promote Inclusive and Sustainable Industrialization
sdg.yml	sdg.goals.goal_9.targets.target_9_3.long_title	A kisipari és egyéb vállalkozások - különösen a fejlődő országokban - pénzügyi szolgáltatásokhoz való hozzáférésének növelése, beleértve a megfizethető hiteleket is, valamint azok értékláncokba és piacokba való integrálása.	A kisméretű ipari és egyéb vállalkozások – különösen a fejlődő országokban – hozzáférésének növelése a pénzügyi szolgáltatásokhoz, beleértve a megfizethető hiteleket, valamint az értékláncokba és piacokba való integrációjuk.	Increase the access of small-scale industrial and other enterprises, in particular in developing countries, to financial services, including affordable credit, and their integration into value chains and markets.
sdg.yml	sdg.goals.goal_9.targets.target_9_4.long_title	2030-ra korszerűsíteni kell az infrastruktúrát és fel kell szerelni az ipart, hogy fenntarthatóvá tegye azokat, a forrásfelhasználás hatékonyságának növelésével, valamint a tiszta és környezetkímélő technológiák és ipari folyamatok nagyobb mértékű elfogadásával, és minden ország saját képességeinek megfelelően lépjen fel.	2030-ra korszerűsítse az infrastruktúrát és korszerűsítse az iparágakat, hogy fenntarthatóvá tegyék őket, növelve az erőforrás-felhasználás hatékonyságát, valamint a tiszta és környezetkímélő technológiák és ipari folyamatok szélesebb körű alkalmazását, és minden ország saját képességeinek megfelelően tegyen lépéseket.	By 2030, upgrade infrastructure and retrofit industries to make them sustainable, with increased resource-use efficiency and greater adoption of clean and environmentally sound technologies and industrial processes, with all countries taking action in accordance with their respective capabilities.
sdg.yml	sdg.goals.goal_9.targets.target_9_4.short_title	Valamennyi iparág és infrastruktúra korszerűsítése a fenntarthatóság érdekében	Frissítse az összes iparágat és infrastruktúrát a fenntarthatóság érdekében	Upgrade All Industries and Infrastructures for Sustainability
sdg.yml	sdg.goals.goal_9.targets.target_9_5.long_title	A tudományos kutatás fokozása, az ipari ágazatok technológiai képességeinek fejlesztése valamennyi országban, különösen a fejlődő országokban, beleértve 2030-ig az innováció ösztönzését, valamint a kutatásban és fejlesztésben dolgozók számának jelentős növelését egymillióra, valamint a köz- és magánszféra kutatási és fejlesztési kiadásait.	Fokozza a tudományos kutatást, fejlessze az ipari ágazatok technológiai képességeit minden országban, különösen a fejlődő országokban, beleértve 2030-ig az innováció ösztönzését és az 1 millió főre jutó kutatási és fejlesztési dolgozók számának, valamint az állami és magán kutatási és fejlesztési kiadások jelentős növelését.	Enhance scientific research, upgrade the technological capabilities of industrial sectors in all countries, in particular developing countries, including, by 2030, encouraging innovation and substantially increasing the number of research and development workers per 1 million people and public and private research and development spending.
sdg.yml	sdg.goals.goal_9.targets.target_9_5.short_title	A kutatás és az ipari technológiák fejlesztése 	Fokozza a kutatást és frissítse az ipari technológiákat	Enhance Research and Upgrade Industrial Technologies 
sdg.yml	sdg.goals.goal_9.targets.target_9_A.long_title	A fejlődő országokban a fenntartható és rugalmas infrastruktúra-fejlesztés elősegítése az afrikai országoknak, a legkevésbé fejlett országoknak, a tengerparttal nem rendelkező fejlődő országoknak és a kis szigetfejlődő államoknak nyújtott fokozott pénzügyi, technológiai és műszaki támogatás révén 18.	Fenntartható és ellenálló infrastruktúra-fejlesztés elősegítése a fejlődő országokban az afrikai országoknak, a legkevésbé fejlett országoknak, a tengerparttal nem rendelkező fejlődő országoknak és a fejlődő kis szigetállamoknak nyújtott fokozott pénzügyi, technológiai és technikai támogatás révén 18.	Facilitate sustainable and resilient infrastructure development in developing countries through enhanced financial, technological and technical support to African countries, least developed countries, landlocked developing countries and small island developing States 18.
sdg.yml	sdg.goals.goal_9.targets.target_9_A.short_title	A fenntartható infrastruktúra fejlesztésének elősegítése a fejlődő országok számára	Fenntartható infrastruktúra-fejlesztés elősegítése a fejlődő országok számára	Facilitate Sustainable Infrastructure Development for Developing Countries
sdg.yml	sdg.goals.goal_9.targets.target_9_B.long_title	Támogatni kell a fejlődő országokban a hazai technológiák fejlesztését, a kutatást és az innovációt, többek között azáltal, hogy kedvező szakpolitikai környezetet biztosít többek között az ipari diverzifikáció és az áruk értéknövelése számára.	A hazai technológiai fejlesztés, a kutatás és az innováció támogatása a fejlődő országokban, többek között az ipari diverzifikáció és az áruk értéknövelése szempontjából kedvező szakpolitikai környezet biztosításával.	Support domestic technology development, research and innovation in developing countries, including by ensuring a conducive policy environment for, inter alia, industrial diversification and value addition to commodities.
sdg.yml	sdg.goals.goal_9.targets.target_9_B.short_title	A hazai technológia fejlesztésének és ipari diverzifikációjának támogatása	A hazai technológiafejlesztés és az ipari diverzifikáció támogatása	Support Domestic Technology Development and Industrial Diversification
sdg.yml	sdg.goals.goal_9.targets.target_9_C.long_title	Jelentősen növelni kell az információs és kommunikációs technológiákhoz való hozzáférést, és törekedni kell arra, hogy 2020-ra a legkevésbé fejlett országokban egyetemes és megfizethető internet-hozzáférést biztosítsanak.	Jelentősen növelni kell az információs és kommunikációs technológiához való hozzáférést, és törekedni kell arra, hogy 2020-ig egyetemes és megfizethető internet-hozzáférést biztosítsanak a legkevésbé fejlett országokban.	Significantly increase access to information and communications technology and strive to provide universal and affordable access to the Internet in least developed countries by 2020.
sdg.yml	sdg.goals.goal_9.targets.target_9_C.short_title	Az információs és kommunikációs technológiákhoz való egyetemes hozzáférés	Univerzális hozzáférés az információs és kommunikációs technológiához	Universal Access to Information and Communications Technology
sdg.yml	sdg.goals.goal_10.title_in_two_lines	"Csökkentett
Nem megfelelő tulajdonságok"	"Csökkentett
Egyenlőtlenségek"	"Reduced
Inequalities"
sdg.yml	sdg.goals.goal_10.description	Az egyenlőtlenségek csökkentése az országokban és az országok között.	Az országokon belüli és az országok közötti egyenlőtlenségek csökkentése.	Reduce inequality within and among countries.
sdg.yml	sdg.goals.goal_10.long_description	"<p>Az egyenlőtlenségek csökkentése és annak biztosítása, hogy senki ne maradjon hátra, szerves részét képezi a fenntartható fejlődési célok megvalósításának. & nbsp;</p>  <p>Az országon belüli és az országok közötti egyenlőtlenség állandó aggodalomra ad okot. Annak ellenére, hogy egyes dimenziókban pozitív jelek mutatkoznak az egyenlőtlenség csökkentésére, mint például egyes országokban a relatív jövedelmi egyenlőtlenség és az alacsonyabb jövedelmű országok számára előnyös preferenciális kereskedelmi helyzet csökkentése, <a href=""https://unstats.un.org/sdgs/report/2019/goal-10/"">az egyenlőtlenség továbbra is fennáll</a>.</p>  <p><a href=""https://www.un.org/sustainabledevelopment/goal-of-the-month-may-2020"">A COVID- 19 elmélyítette a meglévő egyenlőtlenségeket</a>A legszegényebb és legsebezhetőbb közösségeket sújtja a legkeményebben. A gazdasági egyenlőtlenségekre és a törékeny szociális biztonsági hálókra összpontosított, amelyek a sebezhető közösségeket a válság súlyára bízzák. & nbsp; Ugyanakkor a társadalmi, politikai és gazdasági egyenlőtlenségek fokozták a világjárvány hatásait.</p>  <p>Gazdasági szempontból a COVID- 19 pandémia jelentősen növelte a globális <a href=""https://www.ilo.org/global/about-the-ilo/newsroom/news/WCMS_743036/lang--en/index.htm"">munkanélküliség</a> és drámaian csökkentette a munkavállalók jövedelmét.</p>  <p>A COVID- 19 szintén veszélybe sodorja a korlátozott előrehaladást <a href=""https://data.unwomen.org/resources/covid-19-emerging-gender-data-and-why-it-matters"">A nemek közötti egyenlőség</a> és a nők jogait az elmúlt évtizedekben. Minden területen, az egészségtől a gazdaságig, a biztonságtól a szociális védelemig, a COVID- 19 hatásai nőkre és lányokra csak a nemük miatt súlyosbodnak.</p>  <p>Az egyenlőtlenségek is egyre mélyülnek <a href=""https://www.un.org/sites/un2.un.org/files/un_policy_brief_on_human_rights_and_covid_23_april_2020.pdf"">veszélyeztetett populációk</a> a gyengébb egészségügyi rendszerrel rendelkező és a már meglévő humanitárius válságokkal küzdő országokban. A menekültek és a migránsok, valamint az őslakos népek, az idősek, a fogyatékkal élők és a gyermekek különösen ki vannak téve annak, hogy lemaradnak. És <a href=""https://www.un.org/en/coronavirus/covid-19-un-counters-pandemic-related-hate-and-xenophobia"">gyűlöletbeszéd</a> A veszélyeztetett csoportok célba vétele egyre nő.</p>"	"<p>Az egyenlőtlenségek csökkentése és annak biztosítása, hogy senki ne maradjon le, elengedhetetlen a Fenntartható Fejlődési Célok eléréséhez. </p> <p>Az országokon belüli és az országok közötti egyenlőtlenség állandó aggodalomra ad okot. Annak ellenére, hogy bizonyos dimenziókban az egyenlőtlenségek csökkentése irányába mutat pozitív jelek, mint például egyes országokban csökken a relatív jövedelmi egyenlőtlenség, és az alacsonyabb jövedelmű országok kedvezményes kereskedelmi státusza, az <a href=""https://unstats.un.org/sdgs/report/2019/goal-10/"">egyenlőtlenség továbbra is fennáll</a>.</p> <p><a href=""https://www.un.org/sustainabledevelopment/goal-of-the-month-may-2020"">COVID-19 sújtotta a legszegényebbeket[],M3. a kiszolgáltatott közösségek a legnehezebb. Reflektorfénybe helyezte a gazdasági egyenlőtlenségeket és a törékeny szociális biztonsági hálókat, amelyek miatt a kiszolgáltatott közösségek viselik a válság terhét.  Ugyanakkor a társadalmi, politikai és gazdasági egyenlőtlenségek felerősítették a világjárvány hatásait.</p> <p>Gazdasági téren a COVID-19 világjárvány jelentősen megnövelte a globális <a href=""https://www.ilo.org/global/about-the-ilo/newsroom/news/WCMS_743036/lang--en/index.htm"">munkanélküliséget</a>, és drámai módon csökkentette a munkavállalók jövedelmét is.</p>[EDM14]][EDM14]] veszélyezteti a <a href=""https://data.unwomen.org/resources/covid-19-emerging-gender-data-and-why-it-matters"">nemek közötti egyenlőség</a> és a nők jogai terén az elmúlt évtizedekben elért korlátozott előrehaladást. Minden területen, az egészségtől a gazdaságon, a biztonságon át a szociális védelemig, a COVID-19 hatásait a nők és a lányok csak nemük miatt súlyosbítják.</p> <p>Az egyenlőtlenségek az <a href=""https://www.un.org/sites/un2.un.org/files/un_policy_brief_on_human_rights_and_covid_23_april_2020.pdf"">sebezhető lakosság</a> és a gyengülő egészségügyi rendszerekkel küzdő országokban is egyre mélyülnek. A menekülteket és a migránsokat, valamint az őslakosokat, az időseket, a fogyatékkal élőket és a gyermekeket különösen fenyegeti a lemaradás veszélye. A sebezhető csoportokat célzó <a href=""https://www.un.org/en/coronavirus/covid-19-un-counters-pandemic-related-hate-and-xenophobia"">gyűlöletbeszéd</a> pedig egyre nő.</p>"	"<p>Reducing inequalities and ensuring no one is left behind are integral to achieving the Sustainable Development Goals.&nbsp;</p> <p>Inequality within and among countries is a persistent cause for concern. Despite some positive signs toward reducing inequality in some dimensions, such as reducing relative income inequality in some countries and preferential trade status benefiting lower-income countries, <a href=""https://unstats.un.org/sdgs/report/2019/goal-10/"">inequality still persists</a>.</p> <p><a href=""https://www.un.org/sustainabledevelopment/goal-of-the-month-may-2020"">COVID-19 has deepened existing inequalities</a>, hitting the poorest and most vulnerable communities the hardest. It has put a spotlight on economic inequalities and fragile social safety nets that leave vulnerable communities to bear the brunt of the crisis.&nbsp; At the same time, social, political and economic inequalities have amplified the impacts of the pandemic.</p> <p>On the economic front, the COVID-19 pandemic has significantly increased global <a href=""https://www.ilo.org/global/about-the-ilo/newsroom/news/WCMS_743036/lang--en/index.htm"">unemployment</a> and dramatically slashed workers’ incomes.</p> <p>COVID-19 also puts at risk the limited progress that has been made on <a href=""https://data.unwomen.org/resources/covid-19-emerging-gender-data-and-why-it-matters"">gender equality</a> and women’s rights over the past decades. Across every sphere, from health to the economy, security to social protection, the impacts of COVID-19 are exacerbated for women and girls simply by virtue of their sex.</p> <p>Inequalities are also deepening for <a href=""https://www.un.org/sites/un2.un.org/files/un_policy_brief_on_human_rights_and_covid_23_april_2020.pdf"">vulnerable populations</a> in countries with weaker health systems and those facing existing humanitarian crises. Refugees and migrants, as well as indigenous peoples, older persons, people with disabilities and children are particularly at risk of being left behind. And <a href=""https://www.un.org/en/coronavirus/covid-19-un-counters-pandemic-related-hate-and-xenophobia"">hate speech</a> targeting vulnerable groups is rising.</p>"
sdg.yml	sdg.goals.goal_10.targets.target_10_1.long_title	2030-ra a lakosság 40% -ának jövedelme fokozatosan nő a nemzeti átlagnál magasabb mértékben.	2030-ra fokozatosan érje el és tartsa fenn a népesség alsó 40 százalékának jövedelmi növekedését az országos átlagnál magasabb ütemben.	By 2030, progressively achieve and sustain income growth of the bottom 40 per cent of the population at a rate higher than the national average.
sdg.yml	sdg.goals.goal_10.targets.target_10_1.short_title	A jövedelmi egyenlőtlenségek csökkentése	Csökkentse a jövedelmi egyenlőtlenségeket	Reduce Income Inequalities
sdg.yml	sdg.goals.goal_10.targets.target_10_2.long_title	2030-ra mindenki társadalmi, gazdasági és politikai integrációjának erősítése és előmozdítása, tekintet nélkül az életkorra, nemre, fogyatékosságra, fajra, etnikai hovatartozásra, származásra, vallásra vagy gazdasági vagy egyéb státuszra.	2030-ra mindenki társadalmi, gazdasági és politikai integrációjának megerősítése és előmozdítása, kortól, nemtől, fogyatékosságtól, fajtól, etnikai hovatartozástól, származástól, vallástól, gazdasági vagy egyéb helyzettől függetlenül.	By 2030, empower and promote the social, economic and political inclusion of all, irrespective of age, sex, disability, race, ethnicity, origin, religion or economic or other status.
sdg.yml	sdg.goals.goal_10.targets.target_10_2.short_title	Az egyetemes társadalmi, gazdasági és politikai integráció előmozdítása	Az egyetemes társadalmi, gazdasági és politikai befogadás előmozdítása	Promote Universal Social, Economic and Political Inclusion
sdg.yml	sdg.goals.goal_10.targets.target_10_3.long_title	Biztosítani kell az esélyegyenlőséget, és csökkenteni kell az eredmények terén mutatkozó egyenlőtlenségeket, többek között a diszkriminatív törvények, politikák és gyakorlatok megszüntetésével, valamint a megfelelő jogszabályok, politikák és intézkedések előmozdításával.	Az esélyegyenlőség biztosítása és az eredmények egyenlőtlenségének csökkentése, többek között a diszkriminatív törvények, politikák és gyakorlatok megszüntetésével, valamint a megfelelő jogszabályok, politikák és intézkedések előmozdításával e tekintetben.	Ensure equal opportunity and reduce inequalities of outcome, including by eliminating discriminatory laws, policies and practices and promoting appropriate legislation, policies and action in this regard.
sdg.yml	sdg.goals.goal_10.targets.target_10_3.short_title	Az esélyegyenlőség és a megkülönböztetés megszüntetése	Esélyegyenlőség biztosítása és a diszkrimináció megszüntetése	Ensure Equal Opportunities and End Discrimination
sdg.yml	sdg.goals.goal_10.targets.target_10_4.long_title	A politikák, különösen a fiskális, bér- és szociális védelmi politikák elfogadása, valamint a nagyobb egyenlőség fokozatos elérése.	El kell fogadni a politikákat, különösen a fiskális, bér- és szociális védelmi politikákat, és fokozatosan elérni a nagyobb egyenlőséget.	Adopt policies, especially fiscal, wage and social protection policies, and progressively achieve greater equality.
sdg.yml	sdg.goals.goal_10.targets.target_10_4.short_title	Az egyenlőséget előmozdító költségvetési és szociálpolitikák elfogadása	Az egyenlőséget előmozdító fiskális és szociális politikák elfogadása	Adopt Fiscal and Social Policies that Promote Equality
sdg.yml	sdg.goals.goal_10.targets.target_10_5.long_title	A globális pénzügyi piacok és intézmények szabályozásának és nyomon követésének javítása, valamint az ilyen szabályozások végrehajtásának megerősítése.	Javítani kell a globális pénzügyi piacok és intézmények szabályozását és ellenőrzését, és meg kell erősíteni az ilyen szabályozások végrehajtását.	Improve the regulation and monitoring of global financial markets and institutions and strengthen the implementation of such regulations.
sdg.yml	sdg.goals.goal_10.targets.target_10_6.long_title	A hatékonyabb, hitelesebb, elszámoltathatóbb és legitimebb intézmények kialakítása érdekében a globális nemzetközi gazdasági és pénzügyi intézményekben a fejlődő országok fokozott képviseletének és véleményének biztosítása.	Biztosítani kell a fejlődő országok fokozott képviseletét és hangját a globális nemzetközi gazdasági és pénzügyi intézmények döntéshozatalában annak érdekében, hogy hatékonyabb, hitelesebb, elszámoltathatóbb és legitimebb intézményeket hozzanak létre.	Ensure enhanced representation and voice for developing countries in decision-making in global international economic and financial institutions in order to deliver more effective, credible, accountable and legitimate institutions.
sdg.yml	sdg.goals.goal_10.targets.target_10_7.long_title	Az emberek rendezett, biztonságos, rendszeres és felelős migrációjának és mobilitásának elősegítése, többek között a tervezett és jól irányított migrációs politikák végrehajtása révén.	Az emberek rendezett, biztonságos, szabályos és felelős migrációjának és mobilitásának elősegítése, többek között a tervezett és jól irányított migrációs politikák végrehajtása révén.	Facilitate orderly, safe, regular and responsible migration and mobility of people, including through the implementation of planned and well-managed migration policies.
sdg.yml	sdg.goals.goal_10.targets.target_10_7.short_title	Felelős és jól irányított migrációs politikák	Felelősségteljes és jól irányított migrációs politika	Responsible and Well-Managed Migration Policies
sdg.yml	sdg.goals.goal_10.targets.target_10_A.long_title	A Kereskedelmi Világszervezet megállapodásaival összhangban a fejlődő országok, különösen a legkevésbé fejlett országok számára a különleges és megkülönböztető bánásmód elvének végrehajtása.	A fejlődő országok, különösen a legkevésbé fejlett országok tekintetében a különleges és megkülönböztetett bánásmód elvének végrehajtása a Kereskedelmi Világszervezet megállapodásaival összhangban.	Implement the principle of special and differential treatment for developing countries, in particular least developed countries, in accordance with World Trade Organization agreements.
sdg.yml	sdg.goals.goal_10.targets.target_10_A.short_title	Különleges és differenciált elbánás a fejlődő országok számára	Különleges és megkülönböztetett bánásmód a fejlődő országok számára	Special and Differential Treatment for Developing Countries
sdg.yml	sdg.goals.goal_10.targets.target_10_B.long_title	A hivatalos fejlesztési támogatás és pénzügyi áramlások ösztönzése - beleértve a közvetlen külföldi befektetéseket is - olyan államokba, ahol a legnagyobb szükség van erre, különösen a legkevésbé fejlett országok, az afrikai országok, a kis szigetfejlődő államok és a tengerparttal nem rendelkező fejlődő országok számára, nemzeti terveiknek és programjaiknak megfelelően.	Ösztönözni kell a hivatalos fejlesztési segítségnyújtást és a pénzáramlást, beleértve a közvetlen külföldi befektetéseket is, azon államokba, ahol erre a legnagyobb szükség van, különösen a legkevésbé fejlett országokba, az afrikai országokba, a fejlődő kis szigetországokba és a tengerparttal nem rendelkező fejlődő országokba, nemzeti terveikkel és programjaikkal összhangban.	Encourage official development assistance and financial flows, including foreign direct investment, to States where the need is greatest, in particular least developed countries, African countries, small island developing States and landlocked developing countries, in accordance with their national plans and programmes.
sdg.yml	sdg.goals.goal_10.targets.target_10_B.short_title	A legkevésbé fejlett országokban nyújtott fejlesztési támogatás és beruházás ösztönzése	Fejlesztési segítségnyújtás és befektetések ösztönzése a legkevésbé fejlett országokban	Encourage Development Assistance and Investment in Least Developed Countries
sdg.yml	sdg.goals.goal_10.targets.target_10_C.long_title	2030-ra a migráns átutalások tranzakciós költségeit kevesebb mint 3% -ra kell csökkenteni, és az 5% -nál magasabb költségű átutalási folyosókat meg kell szüntetni.	2030-ra csökkentse 3 százalék alá a migránsok átutalásának tranzakciós költségeit, és szüntesse meg az 5 százaléknál magasabb költségű átutalási folyosókat.	By 2030, reduce to less than 3 per cent the transaction costs of migrant remittances and eliminate remittance corridors with costs higher than 5 per cent.
sdg.yml	sdg.goals.goal_10.targets.target_10_C.short_title	A migráns kiküldetések tranzakciós költségeinek csökkentése	Csökkentse a migráns átutalások tranzakciós költségeit	Reduce Transaction Costs for Migrant Remittances
sdg.yml	sdg.goals.goal_11.title_in_two_lines	"Fenntartható városok
és Közösségek"	"Fenntartható városok
és közösségek"	"Sustainable Cities
and Communities"
sdg.yml	sdg.goals.goal_11.description	A városokat befogadó, biztonságos, rugalmas és fenntartható városokká kell tenni.	Tedd befogadóvá, biztonságossá, rugalmassá és fenntarthatóvá a városokat.	Make cities inclusive, safe, resilient and sustainable.
sdg.yml	sdg.goals.goal_11.long_description	"<p>A világ egyre urbanizáltabbá válik. 2007 óta <a href=""https://unstats.un.org/sdgs/report/2019/goal-11/"">a világ népességének több mint a fele városokban él</a>és ez a részesedés 2030-ra várhatóan 60% -ra emelkedik. & nbsp;</p>  <p>A városok és a nagyvárosi területek a gazdasági növekedés motorjai, amelyek a globális GDP mintegy 60% -át teszik ki. Ugyanakkor a globális szén-dioxid-kibocsátás 70% -át és az erőforrás-felhasználás több mint 60% -át teszik ki.</p>  <p>A gyors urbanizáció következtében egyre több nyomornegyedlakó, nem megfelelő és túlterhelt infrastruktúra és szolgáltatás (például hulladékgyűjtés, víz- és szennyvíztisztító rendszerek, utak és közlekedés), a légszennyezés romlása és a nem tervezett városi terjeszkedés. & nbsp;</p>  <p><a href=""https://unhabitat.org/coronavirus-will-travel-incredibly-fast-in-africas-slums-un-habitat-chief-warns"">A COVID- 19 hatása</a> a legpusztítóbb lesz a szegény és sűrűn lakott városi területeken, különösen az egymilliárd ember számára, akik nem hivatalos településeken és nyomornegyedekben élnek világszerte, ahol a túlzsúfoltság megnehezíti az olyan ajánlott intézkedések követését, mint a társadalmi távolságok és az önelszigeteltség. & nbsp;</p>  <p>Az ENSZ Élelmezési Ügynöksége, a FAO figyelmeztetett arra, hogy a városi területeken jelentősen növekedhet az éhezés és a halálesetek száma, anélkül, hogy intézkedéseket hozna annak biztosítására, hogy a szegény és kiszolgáltatott lakosok <a href=""https://news.un.org/en/story/2020/05/1063622"">az élelmiszerekhez való hozzáférés</a>. & nbsp;</p>"	"<p>A világ egyre inkább urbanizálódik. 2007 óta <a href=""https://unstats.un.org/sdgs/report/2019/goal-11/"">a világ népességének több mint fele él városokban</a>, és ez az arány az előrejelzések szerint 2030-ra 60 százalékra fog emelkedni. </p> <p>A városok és a nagyvárosi területek a gazdasági növekedés motorjai – a globális GDP mintegy 60 százalékával járulnak hozzá. Ugyanakkor a globális szén-dioxid-kibocsátás mintegy 70 százalékáért és az erőforrás-felhasználás több mint 60 százalékáért is ők adják. </p> <p>A gyors urbanizáció a nyomornegyedek lakóinak számának növekedését, a nem megfelelő és túlterhelt infrastruktúrát és szolgáltatásokat (például a hulladékgyűjtést, valamint a víz- és szennyvízelvezetési rendszereket, valamint a városi utak és közlekedési rendszerek tervezésének romlását) eredményezi. terjeszkedik. </p> <p><a href=""https://unhabitat.org/coronavirus-will-travel-incredibly-fast-in-africas-slums-un-habitat-chief-warns"">A COVID-19</a> hatása a szegény és sűrűn lakott városi területeken lesz a legpusztítóbb, különösen a világ informális településein és nyomornegyedeiben élő egymilliárd ember számára, ahol a túlzsúfoltság megnehezíti az olyan javasolt intézkedések, mint például a szociális eloszlást segítő intézkedések,</a>. <p>Az ENSZ élelmezésügyi ügynöksége, a FAO arra figyelmeztetett, hogy a városi területeken jelentősen megnövekedhet az éhezés és a halálesetek száma, ha nem tesznek olyan intézkedéseket, amelyek biztosítanák a szegény és kiszolgáltatott lakosok <a href=""https://news.un.org/en/story/2020/05/1063622"">élelmiszerhez jutását</a>. </p>"	"<p>The world is becoming increasingly urbanized. Since 2007, <a href=""https://unstats.un.org/sdgs/report/2019/goal-11/"">more than half the world’s population has been living in cities</a>, and that share is projected to rise to 60 per cent by 2030.&nbsp;</p> <p>Cities and metropolitan areas are powerhouses of economic growth—contributing about 60 per cent of global GDP. However, they also account for about 70 per cent of global carbon emissions and over 60 per cent of resource use.&nbsp;</p> <p>Rapid urbanization is resulting in a growing number of slum dwellers, inadequate and overburdened infrastructure and services (such as waste collection and water and sanitation systems, roads and transport), worsening air pollution and unplanned urban sprawl.&nbsp;</p> <p><a href=""https://unhabitat.org/coronavirus-will-travel-incredibly-fast-in-africas-slums-un-habitat-chief-warns"">The impact of COVID-19</a> will be most devastating in poor and densely populated urban areas, especially for the one billion people living in informal settlements and slums worldwide, where overcrowding also makes it difficult to follow recommended measures such as social distancing and self-isolation.&nbsp;</p> <p>The UN food agency, FAO, warned that hunger and fatalities could rise significantly in urban areas, without measures to ensure that poor and vulnerable residents have <a href=""https://news.un.org/en/story/2020/05/1063622"">access to food</a>.&nbsp;</p>"
sdg.yml	sdg.goals.goal_11.targets.target_11_1.long_title	2030-ra mindenki számára biztosítani kell a megfelelő, biztonságos és megfizethető lakáshoz és alapvető szolgáltatásokhoz való hozzáférést, valamint a nyomornegyedek korszerűsítését.	2030-ra mindenki számára biztosítani kell a megfelelő, biztonságos és megfizethető lakhatáshoz és alapvető szolgáltatásokhoz való hozzáférést, valamint a nyomornegyedek korszerűsítését.	By 2030, ensure access for all to adequate, safe and affordable housing and basic services and upgrade slums.
sdg.yml	sdg.goals.goal_11.targets.target_11_1.short_title	Biztonságos és megfizethető lakások	Biztonságos és megfizethető lakhatás	Safe and Affordable Housing
sdg.yml	sdg.goals.goal_11.targets.target_11_2.long_title	2030-ra mindenki számára biztonságos, megfizethető, hozzáférhető és fenntartható közlekedési rendszerekhez való hozzáférést kell biztosítani, javítva a közúti biztonságot, különösen a tömegközlekedés bővítésével, különös tekintettel a kiszolgáltatott helyzetben lévők, a nők, a gyermekek, a fogyatékkal élők és az idősek szükségleteire.	2030-ig mindenki számára biztosítani kell a biztonságos, megfizethető, hozzáférhető és fenntartható közlekedési rendszerekhez való hozzáférést, javítva a közúti biztonságot, különösen a tömegközlekedés bővítésével, különös tekintettel a veszélyeztetett helyzetben lévők, a nők, a gyermekek, a fogyatékkal élők és az idősek szükségleteire.	By 2030, provide access to safe, affordable, accessible and sustainable transport systems for all, improving road safety, notably by expanding public transport, with special attention to the needs of those in vulnerable situations, women, children, persons with disabilities and older persons.
sdg.yml	sdg.goals.goal_11.targets.target_11_3.long_title	2030-ra minden országban fokozni kell az inkluzív és fenntartható urbanizációt és a részvételen alapuló, integrált és fenntartható emberi települések tervezését és kezelését.	2030-ig minden országban fokozni kell az inkluzív és fenntartható urbanizációt, valamint a részvételen alapuló, integrált és fenntartható emberi településtervezés és -gazdálkodás kapacitását.	By 2030, enhance inclusive and sustainable urbanization and capacity for participatory, integrated and sustainable human settlement planning and management in all countries.
sdg.yml	sdg.goals.goal_11.targets.target_11_3.short_title	Inkluzív és fenntartható urbanizáció	Befogadó és fenntartható urbanizáció	Inclusive and Sustainable Urbanization
sdg.yml	sdg.goals.goal_11.targets.target_11_4.long_title	A világ kulturális és természeti örökségének védelmére és védelmére irányuló erőfeszítések megerősítése.	Erősítse meg a világ kulturális és természeti örökségének védelmére és védelmére irányuló erőfeszítéseket.	Strengthen efforts to protect and safeguard the world’s cultural and natural heritage.
sdg.yml	sdg.goals.goal_11.targets.target_11_4.short_title	A világ kulturális és természeti örökségének védelme	Védje a világ kulturális és természeti örökségét	Protect the World’s Cultural and Natural Heritage
sdg.yml	sdg.goals.goal_11.targets.target_11_5.long_title	2030-ra jelentősen csökkenteni kell a halálesetek számát és az érintett személyek számát, és jelentősen csökkenteni kell a globális bruttó hazai termékhez képest a katasztrófák, köztük a vízzel kapcsolatos katasztrófák által okozott közvetlen gazdasági veszteségeket, különös tekintettel a szegények és a kiszolgáltatott helyzetben lévő emberek védelmére.	2030-ra jelentősen csökkenteni kell az elhunytak és az érintettek számát, valamint a katasztrófák, köztük a vízzel kapcsolatos katasztrófák által okozott közvetlen gazdasági veszteségeket a globális bruttó hazai termékhez viszonyítva, különös tekintettel a szegények és a kiszolgáltatott helyzetben lévő emberek védelmére.	By 2030, significantly reduce the number of deaths and the number of people affected and substantially decrease the direct economic losses relative to global gross domestic product caused by disasters, including water-related disasters, with a focus on protecting the poor and people in vulnerable situations.
sdg.yml	sdg.goals.goal_11.targets.target_11_5.short_title	A természeti katasztrófák káros hatásainak csökkentése	Csökkentse a természeti katasztrófák káros hatásait	Reduce the Adverse Effects of Natural Disasters
sdg.yml	sdg.goals.goal_11.targets.target_11_6.long_title	2030-ra csökkentse a városok egy főre jutó káros környezeti hatását, többek között különös figyelmet fordítva a levegő minőségére, valamint a települési és egyéb hulladékkezelésre.	2030-ig csökkenteni kell a városok egy főre jutó kedvezőtlen környezeti hatását, többek között úgy, hogy kiemelt figyelmet fordítanak a levegő minőségére, valamint a települési és egyéb hulladékkezelésre.	By 2030, reduce the adverse per capita environmental impact of cities, including by paying special attention to air quality and municipal and other waste management.
sdg.yml	sdg.goals.goal_11.targets.target_11_6.short_title	A városok környezeti hatásának csökkentése	Csökkentse a városok környezeti hatását	Reduce the Environmental Impact of Cities
sdg.yml	sdg.goals.goal_11.targets.target_11_7.long_title	2030-ig egyetemes hozzáférést kell biztosítani a biztonságos, inkluzív és hozzáférhető, zöld és nyilvános terekhez, különösen a nők és gyermekek, az idősek és a fogyatékkal élők számára.	2030-ra egyetemes hozzáférést kell biztosítani a biztonságos, befogadó és hozzáférhető, zöld és nyilvános terekhez, különösen a nők és a gyermekek, az idősek és a fogyatékkal élők számára.	By 2030, provide universal access to safe, inclusive and accessible, green and public spaces, in particular for women and children, older persons and persons with disabilities.
sdg.yml	sdg.goals.goal_11.targets.target_11_7.short_title	A biztonságos és inkluzív zöld és nyilvános terekhez való hozzáférés biztosítása	Biztosítson hozzáférést a biztonságos és befogadó zöld és nyilvános terekhez	Provide Access to Safe and Inclusive Green and Public Spaces
sdg.yml	sdg.goals.goal_11.targets.target_11_A.long_title	A pozitív gazdasági, társadalmi és környezeti kapcsolatok támogatása a városi, a városkörnyéki és a vidéki területek között a nemzeti és regionális fejlesztési tervezés megerősítése révén.	Támogassa a városi, városkörnyéki és vidéki területek közötti pozitív gazdasági, társadalmi és környezeti kapcsolatokat a nemzeti és regionális fejlesztési tervezés megerősítésével.	Support positive economic, social and environmental links between urban, peri-urban and rural areas by strengthening national and regional development planning.
sdg.yml	sdg.goals.goal_11.targets.target_11_B.long_title	2020-ra jelentősen növelni kell a befogadásra, az erőforrás-hatékonyságra, az éghajlatváltozás mérséklésére és az ahhoz való alkalmazkodásra, a katasztrófákkal szembeni ellenálló képességre, valamint a katasztrófákkal szembeni ellenálló képességre irányuló integrált politikákat és terveket elfogadó és végrehajtó városok és emberi települések számát, a 2015-2030 közötti időszakra vonatkozó Sendai katasztrófakockázat-csökkentési kerettel összhangban, valamint a katasztrófakockázatok minden szinten történő holisztikus kezelését.	2020-ra jelentősen növelni kell azon városok és emberi települések számát, amelyek integrált politikákat és terveket fogadnak el és hajtanak végre a befogadás, az erőforrás-hatékonyság, az éghajlatváltozás mérséklése és az ahhoz való alkalmazkodás, a katasztrófákkal szembeni ellenálló képesség érdekében, és a Sendai katasztrófakockázat-csökkentési keretrendszerrel (2015–2030) összhangban dolgozzanak ki és hajtsanak végre holisztikus katasztrófakockázat-kezelést minden szinten.	By 2020, substantially increase the number of cities and human settlements adopting and implementing integrated policies and plans towards inclusion, resource efficiency, mitigation and adaptation to climate change, resilience to disasters, and develop and implement, in line with the Sendai Framework for Disaster Risk Reduction 2015-2030, holistic disaster risk management at all levels.
sdg.yml	sdg.goals.goal_11.targets.target_11_B.short_title	A befogadási, erőforrás-hatékonysági és katasztrófakockázat-csökkentési politikák végrehajtása	A befogadásra, az erőforrás-hatékonyságra és a katasztrófakockázat csökkentésére vonatkozó politikák végrehajtása	Implement Policies for Inclusion, Resource Efficiency and Disaster Risk Reduction
sdg.yml	sdg.goals.goal_11.targets.target_11_C.long_title	A legkevésbé fejlett országok támogatása - többek között pénzügyi és technikai segítségnyújtás révén - a helyi anyagokat felhasználó fenntartható és rugalmas épületek építésében.	A legkevésbé fejlett országok támogatása – többek között pénzügyi és technikai segítségnyújtás révén – fenntartható és ellenálló épületek helyi anyagok felhasználásával történő építésében.	Support least developed countries, including through financial and technical assistance, in building sustainable and resilient buildings utilizing local materials.
sdg.yml	sdg.goals.goal_11.targets.target_11_C.short_title	A legkevésbé fejlett országok támogatása a fenntartható és fenntartható építésben	Támogassa a legkevésbé fejlett országokat a fenntartható és rugalmas építkezésben	Support Least Developed Countries in Sustainable and Resilient Building
sdg.yml	sdg.goals.goal_12.title_in_two_lines	"Felelősségteljes fogyasztás
Termelés"	"Felelős fogyasztás
és Termelés"	"Responsible Consumption
and Production"
sdg.yml	sdg.goals.goal_12.long_description	"<p>A világszintű fogyasztás és termelés - a globális gazdaság hajtóereje - a természeti környezet és erőforrások olyan módon történő kihasználásán nyugszik, amely továbbra is romboló hatást gyakorol a bolygóra. & nbsp;</p>  <p>A gazdasági és társadalmi fejlődést az elmúlt évszázad során olyan környezeti romlás kísérte, amely veszélyezteti azokat a rendszereket, amelyeken a jövőbeli fejlődésünk - sőt, a túlélésünk - múlik. & nbsp;</p>  <p>Néhány <a href=""https://www.unenvironment.org/explore-topics/sustainable-development-goals/why-do-sustainable-development-goals-matter/goal-12"">tények és számadatok</a>:</p>  <ul>  <li style=""font-weight: 400"">Minden évben az előállított élelmiszerek mintegy egyharmada - ami 1,3 milliárd tonnával egyenértékű, körülbelül 1 trillió dollár - a fogyasztók és a kiskereskedők szemetesében rohad, vagy a rossz szállítási és betakarítási gyakorlatok miatt romlik el.</li>  <li style=""font-weight: 400"">Ha az emberek világszerte váltottak energiatakarékos villanykörte a világ megspórolna $120 milliárd évente.</li>  <li style=""font-weight: 400"">Ha a globális népesség 2050-re eléri a 9,6 milliárdot, a jelenlegi életmód fenntartásához szükséges természeti erőforrások biztosításához csaknem három bolygóra lehet szükség.</li>  </ul>  <p>A COVID- 19 világjárvány lehetőséget kínál az országoknak arra, hogy helyreállítási terveket dolgozzanak ki, amelyek visszafordítják a jelenlegi tendenciákat, és a fenntarthatóbb jövő felé változtatják fogyasztási és termelési mintáinkat.</p>  <p><a href=""https://www.unenvironment.org/explore-topics/resource-efficiency/what-we-do/sustainable-consumption-and-production-policies"">Fenntartható fogyasztás és termelés</a> a többről és jobbról szól. Arról is szól, hogy a gazdasági növekedést függetlenítsük a környezeti romlástól, növeljük az erőforrás-hatékonyságot és előmozdítsuk a fenntartható életmódot.</p>  <p>A fenntartható fogyasztás és termelés jelentős mértékben hozzájárulhat a szegénység enyhítéséhez, valamint az alacsony szén-dioxid-kibocsátású és környezetbarát gazdaságra való áttéréshez.</p>"	"<p>A világméretű fogyasztás és termelés – a globális gazdaság mozgatórugója – a természeti környezet és az erőforrások olyan felhasználásán nyugszik, amely továbbra is pusztító hatással van a bolygóra. </p> <p>Az elmúlt évszázad gazdasági és társadalmi fejlődését környezeti degradáció kísérte, amely éppen a jövőnket veszélyeztető – fejlődésünket veszélyezteti. attól függ. </p> <p>Néhány <a href=""https://www.unenvironment.org/explore-topics/sustainable-development-goals/why-do-sustainable-development-goals-matter/goal-12"">tény és szám</a>:</p> <ul> <li style=""font-weight: 400"">A becslések szerint minden évben az összes megtermelt élelmiszer egyharmada – ami 1,3 milliárd tonnának felel meg – a fogyasztói rothadó vagy 1 trillió dollárt éri. a rossz szállítási és betakarítási gyakorlatok miatti romlás.</li> <li style=""font-weight: 400"">Ha az emberek világszerte energiatakarékos izzókra váltanának, a világ évente 120 milliárd USD-t takarítana meg.</li> <li style=""font-weight: 400"">Ha a világ népessége 2050-re eléri a 9,6 milliárd főt, akkor a jelenleginek csaknem három bolygó természetes erőforrásának megfelelő mennyiségre lenne szükség. életmód.</li> </ul> <p>A COVID-19 világjárvány lehetőséget kínál az országoknak olyan fellendülési tervek kidolgozására, amelyek megfordítják a jelenlegi trendeket, és megváltoztatják fogyasztási és termelési szokásainkat a fenntarthatóbb jövő felé.</p> <p><a href=""https://www.unenvironment.org/explore-topics/resource-efficiency/what-we-do/sustainable-consumption-and-production-policies"">A fenntartható fogyasztás és termelés kevesebb, ha többet teszünk </a>. A gazdasági növekedés és a környezetromlás szétválasztásáról, az erőforrás-hatékonyság növeléséről és a fenntartható életmód előmozdításáról is szól.</p> <p>A fenntartható fogyasztás és termelés jelentősen hozzájárulhat a szegénység enyhítéséhez és az alacsony szén-dioxid-kibocsátású és zöld gazdaságok felé való átmenethez.</p>"	"<p>Worldwide consumption and production — a driving force of the global economy — rest on the use of the natural environment and resources in a way that continues to have destructive impacts on the planet.&nbsp;</p> <p>Economic and social progress over the last century has been accompanied by environmental degradation that is endangering the very systems on which our future development — indeed, our very survival — depends.&nbsp;</p> <p>A few <a href=""https://www.unenvironment.org/explore-topics/sustainable-development-goals/why-do-sustainable-development-goals-matter/goal-12"">facts and figures</a>:</p> <ul> <li style=""font-weight: 400"">Each year, an estimated one third of all food produced – equivalent to 1.3 billion tonnes worth around $1 trillion – ends up rotting in the bins of consumers and retailers, or spoiling due to poor transportation and harvesting practices.</li> <li style=""font-weight: 400"">If people worldwide switched to energy efficient light bulbs the world would save US$120 billion annually.</li> <li style=""font-weight: 400"">Should the global population reach 9.6 billion by 2050, the equivalent of almost three planets could be required to provide the natural resources needed to sustain current lifestyles.</li> </ul> <p>The COVID-19 pandemic offers countries an opportunity to build recovery plans that will reverse current trends and change our consumption and production patterns towards a more sustainable future.</p> <p><a href=""https://www.unenvironment.org/explore-topics/resource-efficiency/what-we-do/sustainable-consumption-and-production-policies"">Sustainable consumption and production</a> is about doing more and better with less. It is also about decoupling economic growth from environmental degradation, increasing resource efficiency and promoting sustainable lifestyles.</p> <p>Sustainable consumption and production can also contribute substantially to poverty alleviation and the transition towards low-carbon and green economies.</p>"
sdg.yml	sdg.goals.goal_12.targets.target_12_1.long_title	A fenntartható fogyasztással és termeléssel kapcsolatos programok 10 éves keretének végrehajtása, valamennyi ország fellépése, a fejlődő országok fejlődésének és képességeinek figyelembevételével a fejlett országok vezetésével.	Végre kell hajtani a fenntartható fogyasztásra és termelésre vonatkozó 10 éves programok keretét, minden ország lépést tart, a fejlett országok pedig vezető szerepet vállalnak, figyelembe véve a fejlődő országok fejlettségét és képességeit.	Implement the 10-year framework of programmes on sustainable consumption and production, all countries taking action, with developed countries taking the lead, taking into account the development and capabilities of developing countries.
sdg.yml	sdg.goals.goal_12.targets.target_12_1.short_title	A 10 éves fenntartható fogyasztási és termelési keret végrehajtása	Hajtsa végre a 10 éves fenntartható fogyasztási és termelési keretrendszert	Implement the 10-Year Sustainable Consumption and Production Framework
sdg.yml	sdg.goals.goal_12.targets.target_12_2.long_title	2030-ra el kell érni a természeti erőforrások fenntartható kezelését és hatékony felhasználását.	2030-ra valósítsa meg a természeti erőforrások fenntartható kezelését és hatékony felhasználását.	By 2030, achieve the sustainable management and efficient use of natural resources.
sdg.yml	sdg.goals.goal_12.targets.target_12_3.long_title	2030-ra a kiskereskedelmi és fogyasztói szinten az egy főre jutó globális élelmiszer-hulladék felére csökken a termelési és ellátási láncok mentén, beleértve a betakarítás utáni veszteségeket is.	2030-ra felére kell csökkenteni az egy főre jutó globális élelmiszer-pazarlást kiskereskedelmi és fogyasztói szinten, és csökkenteni kell az élelmiszer-veszteséget a termelési és ellátási láncok mentén, beleértve a betakarítás utáni veszteségeket is.	By 2030, halve per capita global food waste at the retail and consumer levels and reduce food losses along production and supply chains, including post-harvest losses.
sdg.yml	sdg.goals.goal_12.targets.target_12_3.short_title	Halve Global Per Capita élelmiszer hulladék	Az egy főre jutó élelmiszer-hulladék felére csökkentése	Halve Global Per Capita Food Waste
sdg.yml	sdg.goals.goal_12.targets.target_12_4.long_title	2020-ra a vegyi anyagok és az összes hulladék környezetkímélő kezelése az egész életciklusuk során, a megállapodás szerinti nemzetközi kereteknek megfelelően, valamint a levegőbe, vízbe és talajba történő kibocsátásuk jelentős csökkentése az emberi egészségre és a környezetre gyakorolt káros hatások minimalizálása érdekében.	2020-ra valósítsa meg a vegyi anyagok és valamennyi hulladék környezetkímélő kezelését az életciklusuk során, összhangban az elfogadott nemzetközi keretekkel, és jelentősen csökkentse ezek levegőbe, vízbe és talajba való kibocsátását, hogy minimálisra csökkentsék az emberi egészségre és a környezetre gyakorolt ​​káros hatásukat.	By 2020, achieve the environmentally sound management of chemicals and all wastes throughout their life cycle, in accordance with agreed international frameworks, and significantly reduce their release to air, water and soil in order to minimize their adverse impacts on human health and the environment.
sdg.yml	sdg.goals.goal_12.targets.target_12_4.short_title	A vegyi anyagok és a hulladékok felelősségteljes kezelése	Vegyi anyagok és hulladékok felelős kezelése	Responsible Management of Chemicals and Waste
sdg.yml	sdg.goals.goal_12.targets.target_12_5.long_title	2030-ra a hulladéktermelés jelentős csökkentése a megelőzés, a csökkentés, az újrahasznosítás és az újrafelhasználás révén.	2030-ra a megelőzés, a csökkentés, az újrahasznosítás és az újrafelhasználás révén jelentősen csökkenteni kell a hulladékkeletkezést.	By 2030, substantially reduce waste generation through prevention, reduction, recycling and reuse.
sdg.yml	sdg.goals.goal_12.targets.target_12_5.short_title	A hulladék keletkezésének jelentős csökkentése	Jelentősen csökkenti a hulladéktermelést	Substantially Reduce Waste Generation
sdg.yml	sdg.goals.goal_12.targets.target_12_6.long_title	A vállalkozások, különösen a nagy és transznacionális vállalatok ösztönzése arra, hogy fenntartható gyakorlatokat alkalmazzanak, és a fenntarthatósági információkat beépítsék a jelentéstételi ciklusukba.	Ösztönözze a vállalatokat, különösen a nagy és a transznacionális vállalatokat, hogy alkalmazzák a fenntartható gyakorlatokat, és integrálják a fenntarthatóságra vonatkozó információkat jelentési ciklusukba.	Encourage companies, especially large and transnational companies, to adopt sustainable practices and to integrate sustainability information into their reporting cycle.
sdg.yml	sdg.goals.goal_12.targets.target_12_6.short_title	A vállalkozások ösztönzése a fenntartható gyakorlatok és a fenntarthatósági jelentéstétel elfogadására	A vállalatok ösztönzése a fenntartható gyakorlatok és a fenntarthatósági jelentések elfogadására	Encourage Companies to Adopt Sustainable Practices and Sustainability Reporting
sdg.yml	sdg.goals.goal_12.targets.target_12_7.short_title	A fenntartható közbeszerzési gyakorlatok előmozdítása 	Fenntartható közbeszerzési gyakorlatok előmozdítása	Promote Sustainable Public Procurement Practices 
sdg.yml	sdg.goals.goal_12.targets.target_12_8.long_title	2030-ra biztosítani kell, hogy az emberek a természettel összhangban rendelkezzenek a fenntartható fejlődéssel és életmóddal kapcsolatos releváns információkkal és ismeretekkel.	2030-ra gondoskodni kell arról, hogy az emberek mindenhol rendelkezzenek a megfelelő információkkal és tudatossággal a fenntartható fejlődéssel és a természettel összhangban lévő életmóddal kapcsolatban.	By 2030, ensure that people everywhere have the relevant information and awareness for sustainable development and lifestyles in harmony with nature.
sdg.yml	sdg.goals.goal_12.targets.target_12_A.long_title	A fejlődő országok támogatása a fenntarthatóbb fogyasztási és termelési minták felé való elmozduláshoz szükséges tudományos és technológiai kapacitásuk erősítése érdekében.	A fejlődő országok támogatása tudományos és technológiai kapacitásuk megerősítésében a fenntarthatóbb fogyasztási és termelési minták felé való elmozdulás érdekében.	Support developing countries to strengthen their scientific and technological capacity to move towards more sustainable patterns of consumption and production.
sdg.yml	sdg.goals.goal_12.targets.target_12_A.short_title	A fejlődő országok fenntartható fogyasztáshoz és termeléshez szükséges tudományos és technológiai kapacitásának támogatása	A fejlődő országok tudományos és technológiai kapacitásának támogatása a fenntartható fogyasztás és termelés érdekében	Support Developing Countries' Scientific and Technological Capacity for Sustainable Consumption and Production
sdg.yml	sdg.goals.goal_12.targets.target_12_B.long_title	Eszközök kidolgozása és végrehajtása a fenntartható fejlődés fenntartható idegenforgalmi hatásainak nyomon követésére, amelyek munkahelyeket teremtenek, és elősegítik a helyi kultúrát és termékeket.	Eszközök kidolgozása és bevezetése a fenntartható turizmus fenntartható fejlődésre gyakorolt ​​hatásainak nyomon követésére, amely munkahelyeket teremt és népszerűsíti a helyi kultúrát és termékeket.	Develop and implement tools to monitor sustainable development impacts for sustainable tourism that creates jobs and promotes local culture and products.
sdg.yml	sdg.goals.goal_12.targets.target_12_B.short_title	A fenntartható turizmus figyelemmel kísérésére szolgáló eszközök kidolgozása és végrehajtása	Eszközök fejlesztése és alkalmazása a fenntartható turizmus nyomon követésére	Develop and Implement Tools to Monitor Sustainable Tourism
sdg.yml	sdg.goals.goal_12.targets.target_12_C.long_title	A nem hatékony fosszilis tüzelőanyagokhoz nyújtott támogatások racionalizálása, amelyek a piaci torzulások megszüntetésével ösztönzik a pazarló fogyasztást, a nemzeti körülményekkel összhangban, beleértve az adóztatás átszervezését és a káros támogatások fokozatos megszüntetését, amennyiben léteznek, azok környezeti hatásainak tükrözése érdekében, teljes mértékben figyelembe véve a fejlődő országok sajátos igényeit és feltételeit, és a szegényeket és az érintett közösségeket védő módon minimalizálva a fejlődésükre gyakorolt esetleges kedvezőtlen hatásokat.	Racionalizálja a nem hatékony fosszilis tüzelőanyag-támogatásokat, amelyek ösztönzik a pazarló fogyasztást a piaci torzulások felszámolásával, a nemzeti körülményeknek megfelelően, ideértve az adók szerkezetének átalakítását és e káros támogatások fokozatos megszüntetését, hogy tükrözzék környezeti hatásaikat, teljes mértékben figyelembe véve a fejlődő országok sajátos szükségleteit és körülményeit, és minimálisra csökkentve a fejlődésükre gyakorolt ​​lehetséges káros hatásokat a szegény közösségeket és az érintett közösségeket védő módon.	Rationalize inefficient fossil-fuel subsidies that encourage wasteful consumption by removing market distortions, in accordance with national circumstances, including by restructuring taxation and phasing out those harmful subsidies, where they exist, to reflect their environmental impacts, taking fully into account the specific needs and conditions of developing countries and minimizing the possible adverse impacts on their development in a manner that protects the poor and the affected communities.
sdg.yml	sdg.goals.goal_12.targets.target_12_C.short_title	A pazarló fogyasztást ösztönző piaci torzulások megszüntetése	Távolítsa el a pazarló fogyasztást ösztönző piaci torzulásokat	Remove Market Distortions that Encourage Wasteful Consumption
sdg.yml	sdg.goals.goal_13.title	Éghajlat-politika	Klíma Akció	Climate Action
sdg.yml	sdg.goals.goal_13.title_in_two_lines	"Éghajlat
Intézkedés"	"Klíma
Akció"	"Climate
Action"
sdg.yml	sdg.goals.goal_13.description	Sürgős lépéseket kell tenni az éghajlatváltozás és hatásai elleni küzdelem érdekében.	Sürgősen tegyen lépéseket az éghajlatváltozás és annak hatásai elleni küzdelem érdekében.	Take urgent action to combat climate change and its impacts.
sdg.yml	sdg.goals.goal_13.long_description	"<p>2019 volt a <a href=""https://news.un.org/en/story/2020/03/1059061"">a második legmelegebb év</a> és a valaha feljegyzett legmelegebb évtized (2010- 2019) vége. & nbsp; & nbsp;</p>  <p>Szén-dioxid (CO2) szintek és egyéb <a href=""https://news.un.org/en/story/2020/04/1062332"">a légkörben előforduló üvegházhatású gázok</a> új rekordokra emelték 2019-ben. & nbsp;</p>  <p>Az éghajlatváltozás minden kontinensen minden országot érint. Megzavarja a nemzeti gazdaságokat és befolyásolja az életeket. Változnak az időjárási viszonyok, emelkedik a tengerszint, és egyre szélsőségesebbek az időjárási események.</p>  <p>Bár az üvegházhatást okozó gázok kibocsátása 2020-ban várhatóan mintegy 6% -kal csökken a COVID- 19 pandémiából eredő utazási tilalmak és gazdasági lassulások miatt, ez a javulás csak átmeneti. <a href=""https://news.un.org/en/story/2020/04/1062332"">Az éghajlatváltozás nem áll meg.</a>. Amint a világgazdaság kezd talpra állni a világjárvány, a kibocsátások várhatóan visszatér a magasabb szintre.</p>  <p>Az életmentéshez és a megélhetéshez sürgős intézkedésekre van szükség mind a világjárvány, mind pedig az éghajlati szükséghelyzet kezelésére.</p>  <p>A <a href=""https://unfccc.int/process-and-meetings/the-paris-agreement/the-paris-agreement"">Párizsi Megállapodás</a>2015-ben elfogadott célja, hogy megerősítse az éghajlatváltozás veszélyére adott globális választ azáltal, hogy a globális hőmérséklet-emelkedést ebben a században jóval 2 Celsius-fok alatt tartja az iparosodás előtti szint felett. A megállapodás célja továbbá az is, hogy megerősítse az országok képességét az éghajlatváltozás hatásainak kezelésére, megfelelő pénzügyi áramlások, új technológiai keret és fokozott kapacitásépítési keret révén.</p>"	"<p>2019 volt az <a href=""https://news.un.org/en/story/2020/03/1059061"">második legmelegebb év a rekordban</a>, és a valaha feljegyzett legmelegebb évtized (2010-2019) vége volt. új rekordokra emelkedett 2019-ben. </p> <p>Az éghajlatváltozás minden kontinensen minden országot érint. Ez megzavarja a nemzetgazdaságokat és hatással van az életekre. Az időjárási minták változnak, a tengerszint emelkedik, az időjárási események pedig szélsőségesebbé válnak.</p> <p>Bár az előrejelzések szerint az üvegházhatású gázok kibocsátása 2020-ban körülbelül 6 százalékkal csökken az utazási tilalmak és a COVID-19 világjárvány miatti gazdasági lassulások miatt, ez a javulás csak átmeneti. <a href=""https://news.un.org/en/story/2020/04/1062332"">A klímaváltozás nincs szünetben</a>. Amint a világgazdaság kezd kilábalni a világjárványból, a kibocsátások várhatóan magasabb szintre fognak visszatérni.</p> <p>Az életek és a megélhetés megmentése sürgős intézkedést igényel mind a járvány, mind az éghajlati vészhelyzet kezelése érdekében.</p> <p>Az <a href=""https://unfccc.int/process-and-meetings/the-paris-agreement/the-paris-agreement"">Párizsi Megállapodás</a>, amelyet 2004-ben fogadtak el a globális fenyegetés erősítésével században a globális hőmérséklet-emelkedés jóval 2 Celsius-fok alatt van az iparosodás előtti szinthez képest. A megállapodás célja továbbá az országok azon képességének erősítése, hogy kezelni tudják az éghajlatváltozás hatásait, megfelelő pénzügyi áramlások, új technológiai keretrendszer és megerősített kapacitásépítési keret révén.</p>"	"<p>2019 was the <a href=""https://news.un.org/en/story/2020/03/1059061"">second warmest year on record</a> and the end of the warmest decade (2010- 2019) ever recorded.&nbsp;&nbsp;</p> <p>Carbon dioxide (CO2) levels and other <a href=""https://news.un.org/en/story/2020/04/1062332"">greenhouse gases in the atmosphere</a> rose to new records in 2019.&nbsp;</p> <p>Climate change is affecting every country on every continent. It is disrupting national economies and affecting lives. Weather patterns are changing, sea levels are rising, and weather events are becoming more extreme.</p> <p>Although greenhouse gas emissions are projected to drop about 6 per cent in 2020 due to travel bans and economic slowdowns resulting from the COVID-19 pandemic, this improvement is only temporary. <a href=""https://news.un.org/en/story/2020/04/1062332"">Climate change is not on pause</a>. Once the global economy begins to recover from the pandemic, emissions are expected to return to higher levels.</p> <p>Saving lives and livelihoods requires urgent action to address both the pandemic and the climate emergency.</p> <p>The <a href=""https://unfccc.int/process-and-meetings/the-paris-agreement/the-paris-agreement"">Paris Agreement</a>, adopted in 2015, aims to strengthen the global response to the threat of climate change by keeping a global temperature rise this century well below 2 degrees Celsius above pre-industrial levels. The agreement also aims to strengthen the ability of countries to deal with the impacts of climate change, through appropriate financial flows, a new technology framework and an enhanced capacity building framework.</p>"
sdg.yml	sdg.goals.goal_13.targets.target_13_1.long_title	A klimatizált veszélyekkel és természeti katasztrófákkal szembeni ellenálló képesség és alkalmazkodóképesség megerősítése valamennyi országban.	Minden országban meg kell erősíteni az éghajlattal összefüggő veszélyekkel és természeti katasztrófákkal szembeni ellenálló képességet és alkalmazkodóképességet.	Strengthen resilience and adaptive capacity to climate-related hazards and natural disasters in all countries.
sdg.yml	sdg.goals.goal_13.targets.target_13_1.short_title	Az éghajlatváltozással kapcsolatos katasztrófákhoz való ellenálló képesség és alkalmazkodóképesség megerősítése	Az éghajlattal kapcsolatos katasztrófákhoz való rugalmasság és alkalmazkodóképesség erősítése	Strengthen resilience and Adaptive Capacity to Climate Related Disasters
sdg.yml	sdg.goals.goal_13.targets.target_13_2.long_title	Az éghajlatváltozással kapcsolatos intézkedések beépítése a nemzeti politikákba, stratégiákba és tervezésbe.	Az éghajlatváltozással kapcsolatos intézkedések integrálása a nemzeti politikákba, stratégiákba és tervezésbe.	Integrate climate change measures into national policies, strategies and planning.
sdg.yml	sdg.goals.goal_13.targets.target_13_2.short_title	Az éghajlatváltozással kapcsolatos intézkedések beépítése a politikákba és a tervezésbe	Az éghajlatváltozással kapcsolatos intézkedések integrálása a politikákba és a tervezésbe	Integrate Climate Change Measures into Policies and Planning
sdg.yml	sdg.goals.goal_13.targets.target_13_3.long_title	Az éghajlatváltozás mérséklésével, az alkalmazkodással, a hatáscsökkentéssel és a korai figyelmeztetéssel kapcsolatos oktatás, figyelemfelkeltés, valamint az emberi és intézményi kapacitás javítása.	Az oktatás, a figyelemfelkeltés, valamint az emberi és intézményi kapacitás javítása az éghajlatváltozás mérséklésével, az alkalmazkodással, a hatáscsökkentéssel és a korai figyelmeztetéssel kapcsolatban.	Improve education, awareness-raising and human and institutional capacity on climate change mitigation, adaptation, impact reduction and early warning.
sdg.yml	sdg.goals.goal_13.targets.target_13_3.short_title	Tudás és képesség építése az éghajlatváltozás kezelésére	Építsen tudást és kapacitást az éghajlatváltozás kezelésére	Build Knowledge and Capacity to Meet Climate Change
sdg.yml	sdg.goals.goal_13.targets.target_13_A.long_title	Az Egyesült Nemzetek Éghajlat-változási Keretegyezményében részt vevő országok által vállalt kötelezettségvállalás végrehajtása annak érdekében, hogy 2020-ig minden forrásból együttesen 100 milliárd dollárt mozgósítsanak a fejlődő országok szükségleteinek kielégítése érdekében, a végrehajtással kapcsolatos érdemi enyhítő intézkedések és átláthatóság összefüggésében, valamint a Zöld Éghajlat-változási Alap mielőbbi tőkésítése révén teljes mértékben működőképessé váljon.	Végre kell hajtani az Egyesült Nemzetek Éghajlat-változási Keretegyezményének fejlett országok részes felei által vállalt kötelezettségvállalást, hogy 2020-ig minden forrásból közösen mozgósítsanak évente 100 milliárd dollárt a fejlődő országok szükségleteinek kielégítésére az érdemi mérséklési intézkedések és a végrehajtás átláthatósága összefüggésében, és a lehető leghamarabb teljes mértékben működőképessé tegyék a Zöld Klíma Alapot annak tőkésítésével.	Implement the commitment undertaken by developed-country parties to the United Nations Framework Convention on Climate Change to a goal of mobilizing jointly $100 billion annually by 2020 from all sources to address the needs of developing countries in the context of meaningful mitigation actions and transparency on implementation and fully operationalize the Green Climate Fund through its capitalization as soon as possible.
sdg.yml	sdg.goals.goal_13.targets.target_13_A.short_title	Az ENSZ éghajlat-változási keretegyezményének végrehajtása	Az ENSZ Éghajlatváltozási Keretegyezményének végrehajtása	Implement the UN Framework Convention on Climate Change
sdg.yml	sdg.goals.goal_13.targets.target_13_B.long_title	A legkevésbé fejlett országokban és a kis szigetfejlődő államokban a hatékony éghajlat-változási tervezéshez és irányításhoz szükséges kapacitás növelésére szolgáló mechanizmusok előmozdítása, többek között a nőkre, az ifjúságra, valamint a helyi és marginalizált közösségekre összpontosítva.	A legkevésbé fejlett országokban és a fejlődő kis szigetállamokban az éghajlatváltozással kapcsolatos hatékony tervezés és kezelés kapacitásának növelésére szolgáló mechanizmusok támogatása, beleértve a nőkre, fiatalokra, valamint a helyi és marginalizált közösségekre való összpontosítást.	Promote mechanisms for raising capacity for effective climate change-related planning and management in least developed countries and small island developing States, including focusing on women, youth and local and marginalized communities.
sdg.yml	sdg.goals.goal_13.targets.target_13_B.short_title	A tervezési és irányítási kapacitás növelésére irányuló mechanizmusok előmozdítása	A tervezési és irányítási kapacitás növelésére szolgáló mechanizmusok népszerűsítése	Promote Mechanisms to Raise Capacity for Planning and Management
sdg.yml	sdg.goals.goal_14.title	Élet víz alatt	Élet a víz alatt	Life Below Water
sdg.yml	sdg.goals.goal_14.title_in_two_lines	"Lent
Víz"	"Élet lent
Víz"	"Life Below
Water"
sdg.yml	sdg.goals.goal_14.description	Az óceánok, a tengerek és a tengeri erőforrások megőrzése és fenntartható felhasználása.	Az óceánok, tengerek és tengeri erőforrások megőrzése és fenntartható használata.	Conserve and sustainably use the oceans, seas and marine resources.
sdg.yml	sdg.goals.goal_14.long_description	"<p>Az óceán olyan globális rendszereket vezet, amelyek lakhatóvá teszik a Földet az emberiség számára. Az esővizet, ivóvizet, időjárást, éghajlatot, partvonalakat, élelmiszereink nagy részét, és még a levegő oxigénjét is, amit belélegzünk, végül a tenger biztosítja és szabályozza. & nbsp;</p>  <p>Ennek gondos kezelése <a href=""https://www.unenvironment.org/explore-topics/oceans-seas/why-do-oceans-and-seas-matter"">alapvető globális erőforrás</a> a fenntartható jövő kulcsfontosságú eleme. Jelenleg azonban folyamatosan romlik a part menti vizek szennyezettsége, és az óceánok savasodása ellentétes hatást gyakorol az ökoszisztémák működésére és a biológiai sokféleségre. Ez a kisüzemi halászatot is negatívan érinti. & nbsp;</p>  <p>Az óceánunk megmentésének elsőbbséget kell élveznie. A tengeri biodiverzitás létfontosságú az emberek és bolygónk egészsége szempontjából. Hatékonyan kell kezelni a védett tengeri területeket, megfelelő forrásokkal kell ellátni, és szabályozásokat kell bevezetni a túlhalászás, a tengeri szennyezés és az óceánok savasodásának csökkentése érdekében.</p>"	"<p>Az óceán mozgatja azokat a globális rendszereket, amelyek lakhatóvá teszik a Földet az emberiség számára. Esővizünket, ivóvizünket, időjárásunkat, éghajlatunkat, partvonalainkat, táplálékunk nagy részét, sőt a belélegzett levegő oxigénjét is végső soron a tenger szolgáltatja és szabályozza. </p> <p>Az <a href=""https://www.unenvironment.org/explore-topics/oceans-seas/why-do-oceans-and-seas-matter"">alapvető globális erőforrás</a> gondos kezelése a fenntartható jövő kulcsfontosságú eleme. Jelenleg azonban a part menti vizek állapota a szennyezés miatt folyamatosan romlik, az óceánok savasodása pedig negatív hatással van az ökoszisztémák működésére és a biodiverzitásra. Ez a kisüzemi halászatot is negatívan érinti. </p> <p>Az óceánok megmentésének továbbra is prioritásnak kell maradnia. A tengeri biológiai sokféleség kritikus fontosságú az emberek és bolygónk egészsége szempontjából. A védett tengeri területeket hatékonyan kell kezelni és megfelelő erőforrásokkal kell ellátni, és szabályozásokat kell bevezetni a túlhalászás, a tengerszennyezés és az óceánok elsavasodásának csökkentése érdekében.</p>"	"<p>The ocean drives global systems that make the Earth habitable for humankind. Our rainwater, drinking water, weather, climate, coastlines, much of our food, and even the oxygen in the air we breathe, are all ultimately provided and regulated by the sea.&nbsp;</p> <p>Careful management of this <a href=""https://www.unenvironment.org/explore-topics/oceans-seas/why-do-oceans-and-seas-matter"">essential global resource</a> is a key feature of a sustainable future. However, at the current time, there is a continuous deterioration of coastal waters owing to pollution, and ocean acidification is having an adversarial effect on the functioning of ecosystems and biodiversity. This is also negatively impacting small scale fisheries.&nbsp;</p> <p>Saving our ocean must remain a priority. Marine biodiversity is critical to the health of people and our planet. Marine protected areas need to be effectively managed and well-resourced and regulations need to be put in place to reduce overfishing, marine pollution and ocean acidification.</p>"
sdg.yml	sdg.goals.goal_14.targets.target_14_1.long_title	2025-ig minden típusú tengeri szennyezés megelőzése és jelentős csökkentése, különösen a szárazföldi tevékenységekből, beleértve a tengeri törmeléket és a tápanyagszennyezést.	2025-re meg kell akadályozni és jelentősen csökkenteni a tengeri szennyezések minden fajtáját, különösen a szárazföldi tevékenységekből eredően, beleértve a tengeri törmeléket és a tápanyagszennyezést.	By 2025, prevent and significantly reduce marine pollution of all kinds, in particular from land-based activities, including marine debris and nutrient pollution.
sdg.yml	sdg.goals.goal_14.targets.target_14_1.short_title	A tengeri szennyezés csökkentése	Csökkentse a tengerszennyezést	Reduce Marine Pollution
sdg.yml	sdg.goals.goal_14.targets.target_14_2.long_title	2020-ra a tengeri és part menti ökoszisztémák fenntartható kezelése és védelme a jelentős káros hatások elkerülése érdekében, többek között rugalmasságuk erősítése révén, valamint az egészséges és termelő óceánok elérése érdekében a helyreállításuk érdekében tett intézkedések.	2020-ra fenntartható módon kezelje és védje a tengeri és part menti ökoszisztémákat a jelentős káros hatások elkerülése érdekében, többek között az ellenálló képességük megerősítésével, és tegyen lépéseket a helyreállításuk érdekében az egészséges és produktív óceánok elérése érdekében.	By 2020, sustainably manage and protect marine and coastal ecosystems to avoid significant adverse impacts, including by strengthening their resilience, and take action for their restoration in order to achieve healthy and productive oceans.
sdg.yml	sdg.goals.goal_14.targets.target_14_2.short_title	Az ökoszisztémák védelme és helyreállítása	Ökoszisztémák védelme és helyreállítása	Protect and Restore Ecosystems
sdg.yml	sdg.goals.goal_14.targets.target_14_3.long_title	Az óceánok savasodásának hatásainak minimalizálása és kezelése, többek között a tudományos együttműködés valamennyi szinten történő megerősítése révén.	Az óceánok elsavasodásának hatásainak minimalizálása és kezelése, többek között minden szinten megerősített tudományos együttműködés révén.	Minimize and address the impacts of ocean acidification, including through enhanced scientific cooperation at all levels.
sdg.yml	sdg.goals.goal_14.targets.target_14_3.short_title	Óceán-savtartalom csökkentése	Csökkentse az óceán savasodását	Reduce Ocean Acidification
sdg.yml	sdg.goals.goal_14.targets.target_14_4.long_title	2020-ra hatékonyan szabályozni kell a betakarítást és a túlhalászást, a jogellenes, nem bejelentett és szabályozatlan halászati és romboló halászati gyakorlatokat, valamint tudományos alapú gazdálkodási terveket kell végrehajtani annak érdekében, hogy a halállományok a lehető legrövidebb időn belül helyreállíthatók legyenek, legalább olyan szintre, amely biológiai jellemzőik alapján maximális fenntartható hozamot tud termelni.	2020-ig hatékonyan szabályozzák a halászatot, és vessetek véget a túlhalászásnak, az illegális, be nem jelentett és szabályozatlan halászatnak, valamint a pusztító halászati ​​gyakorlatoknak, és hajtsanak végre tudományosan megalapozott gazdálkodási terveket annak érdekében, hogy a halállományokat a lehető legrövidebb időn belül helyreállítsák, legalább olyan szinten, amely a biológiai jellemzőik által meghatározott maximális fenntartható hozamot képes elérni.	By 2020, effectively regulate harvesting and end overfishing, illegal, unreported and unregulated fishing and destructive fishing practices and implement science-based management plans, in order to restore fish stocks in the shortest time feasible, at least to levels that can produce maximum sustainable yield as determined by their biological characteristics.
sdg.yml	sdg.goals.goal_14.targets.target_14_5.long_title	2020-ra a nemzeti és nemzetközi joggal összhangban, a rendelkezésre álló legjobb tudományos információk alapján a part menti és tengeri területek legalább 10% -át meg kell őrizni.	2020-ra meg kell őrizni a tengerparti és tengeri területek legalább 10 százalékát, összhangban a nemzeti és nemzetközi joggal, és a rendelkezésre álló legjobb tudományos információk alapján.	By 2020, conserve at least 10 per cent of coastal and marine areas, consistent with national and international law and based on the best available scientific information.
sdg.yml	sdg.goals.goal_14.targets.target_14_5.short_title	Part menti és tengeri területek megőrzése	A tengerparti és tengeri területek megőrzése	Conserve Coastal and Marine Areas
sdg.yml	sdg.goals.goal_14.targets.target_14_6.long_title	2020-ra tiltsák meg a halászati támogatások bizonyos formáit, amelyek hozzájárulnak a kapacitásfelesleghez és a túlhalászáshoz, felszámolják azokat a támogatásokat, amelyek hozzájárulnak a jogellenes, be nem jelentett és szabályozatlan halászathoz, és tartózkodnak az új támogatások bevezetésétől, elismerve, hogy a fejlődő és legkevésbé fejlett országok számára a megfelelő és hatékony különleges és differenciált bánásmódnak a Kereskedelmi Világszervezet halászati támogatásokkal kapcsolatos tárgyalásainak szerves részét kell képeznie.	2020-ra tiltsa be a halászati ​​támogatások bizonyos formáit, amelyek hozzájárulnak a túlkapacitáshoz és a túlhalászáshoz, szüntesse meg az illegális, be nem jelentett és szabályozatlan halászatot elősegítő támogatásokat, és tartózkodjon új ilyen támogatások bevezetésétől, elismerve, hogy a fejlődő és legkevésbé fejlett országok számára megfelelő és hatékony különleges és megkülönböztetett bánásmódot a Kereskedelmi Világszervezet halászati ​​tárgyalásainak szerves részét kell képeznie.	By 2020, prohibit certain forms of fisheries subsidies which contribute to overcapacity and overfishing, eliminate subsidies that contribute to illegal, unreported and unregulated fishing and refrain from introducing new such subsidies, recognizing that appropriate and effective special and differential treatment for developing and least developed countries should be an integral part of the World Trade Organization fisheries subsidies negotiation.
sdg.yml	sdg.goals.goal_14.targets.target_14_6.short_title	A túlhalászáshoz hozzájáruló támogatások	A túlhalászáshoz hozzájáruló támogatások megszüntetése	End Subsidies Contributing to Overfishing
sdg.yml	sdg.goals.goal_14.targets.target_14_7.long_title	2030-ra növelje a tengeri erőforrások fenntartható felhasználása által a kis-szigeti fejlődő államok és a legkevésbé fejlett országok számára nyújtott gazdasági előnyöket, többek között a halászat, az akvakultúra és az idegenforgalom fenntartható kezelése révén.	2030-ra növelje a fejlődő kis szigetállamok és a legkevésbé fejlett országok számára a tengeri erőforrások fenntartható használatából származó gazdasági előnyöket, többek között a halászat, az akvakultúra és a turizmus fenntartható gazdálkodása révén.	By 2030, increase the economic benefits to Small Island developing States and least developed countries from the sustainable use of marine resources, including through sustainable management of fisheries, aquaculture and tourism.
sdg.yml	sdg.goals.goal_14.targets.target_14_7.short_title	A tengeri erőforrások fenntartható felhasználásából származó gazdasági előnyök növelése	Növelje a tengeri erőforrások fenntartható használatából származó gazdasági előnyöket	Increase the Economic Benefits from Sustainable Use of Marine Resources
sdg.yml	sdg.goals.goal_14.targets.target_14_A.long_title	A tudományos ismeretek növelése, a kutatási kapacitás fejlesztése és a tengeri technológiák átadása, figyelembe véve a tengeri technológia átadására vonatkozó kormányközi tengeri kutatási bizottsági kritériumokat és iránymutatásokat, a tengerek egészségének javítása és a tengeri biológiai sokféleségnek a fejlődő országok, különösen a kis fejlődő szigetek és a legkevésbé fejlett országok fejlődéséhez való hozzájárulásának növelése érdekében.	Növelje a tudományos ismereteket, fejlessze a kutatási kapacitást és átadja a tengeri technológiát, figyelembe véve a Kormányközi Oceanográfiai Bizottság kritériumait és iránymutatásait a tengeri technológia átadására vonatkozóan, az óceánok egészségének javítása és a tengeri biológiai sokféleségnek a fejlődő országok fejlődéséhez való hozzájárulásának növelése érdekében, különösen a kis szigeteken lévő fejlődő államok és a legkevésbé fejlett országok fejlődéséhez.	Increase scientific knowledge, develop research capacity and transfer marine technology, taking into account the Intergovernmental Oceanographic Commission Criteria and Guidelines on the Transfer of Marine Technology, in order to improve ocean health and to enhance the contribution of marine biodiversity to the development of developing countries, in particular small island developing States and least developed countries.
sdg.yml	sdg.goals.goal_14.targets.target_14_A.short_title	A tudományos ismeretek, a kutatás és a technológia növelése az Ocean Health számára	A tudományos ismeretek, a kutatás és a technológia bővítése az óceánok egészségéért	Increase Scientific Knowledge, Research and Technology for Ocean Health
sdg.yml	sdg.goals.goal_14.targets.target_14_B.long_title	A kisüzemi kisüzemi halászok hozzáférése a tengeri erőforrásokhoz és piacokhoz.	A kisüzemi kisüzemi halászok hozzáférésének biztosítása a tengeri erőforrásokhoz és piacokhoz.	Provide access for small-scale artisanal fishers to marine resources and markets.
sdg.yml	sdg.goals.goal_14.targets.target_14_B.short_title	A kisméretű halászok támogatása	Támogassa a kisméretű halászokat	Support Small Scale Fishers
sdg.yml	sdg.goals.goal_14.targets.target_14_C.long_title	"Az óceánok és erőforrásaik védelmének és fenntartható felhasználásának javítása a nemzetközi jog végrehajtása révén, amint azt az UNCLOS is tükrözi, amely jogi keretet biztosít az óceánok és erőforrásaik megőrzéséhez és fenntartható használatához, amint arra a ""Jövőbeli Akarunk"" 158. bekezdése emlékeztet."	Fokozza az óceánok és erőforrásaik védelmét és fenntartható használatát az UNCLOS-ban tükröződő nemzetközi jog végrehajtásával, amely jogi keretet biztosít az óceánok és erőforrásaik megőrzéséhez és fenntartható használatához, amint arra a The Future We Want 158. bekezdése emlékeztet.	Enhance the conservation and sustainable use of oceans and their resources by implementing international law as reflected in UNCLOS, which provides the legal framework for the conservation and sustainable use of oceans and their resources, as recalled in paragraph 158 of The Future We Want.
sdg.yml	sdg.goals.goal_14.targets.target_14_C.short_title	A nemzetközi tengerjog végrehajtása és végrehajtása	A nemzetközi tengerjog végrehajtása és érvényesítése	Implement and Enforce International Sea Law
sdg.yml	sdg.goals.goal_15.title	Élet a földön	Élet a szárazföldön	Life on Land
sdg.yml	sdg.goals.goal_15.title_in_two_lines	"Élet
Föld"	"Élet tovább
Földet"	"Life on
Land"
sdg.yml	sdg.goals.goal_15.description	Fenntartható erdőgazdálkodás, az elsivatagosodás elleni küzdelem, a talajromlás megállítása és visszafordítása, a biológiai sokféleség csökkenése.	Fenntartható erdőgazdálkodás, az elsivatagosodás elleni küzdelem, a talajromlás megállítása és visszafordítása, a biológiai sokféleség csökkenésének megállítása.	Sustainably manage forests, combat desertification, halt and reverse land degradation, halt biodiversity loss.
sdg.yml	sdg.goals.goal_15.long_description	"<p>A természet létfontosságú a túlélésünkhöz: a természet biztosítja számunkra az oxigént, szabályozza az időjárási szokásainkat, beporozza a terményeinket, élelmiszert, takarmányt és rostot termel. De egyre nagyobb a stressz. <a href=""https://news.un.org/en/story/2020/04/1061082"">Az emberi aktivitás a Föld felszínének majdnem 75% -át változtatta meg.</a>A természetet és a természetet a bolygó egyre kisebb sarkába szorítva.</p>  <p>Körül <a href=""https://ipbes.net/sites/default/files/2020-02/ipbes_global_assessment_report_summary_for_policymakers_en.pdf"">1 millió állat- és növényfajt fenyeget a kihalás</a> - sok évtizeden belül - a biológiai sokféleségről és az ökoszisztéma-szolgáltatásokról szóló 2019-es globális értékelő jelentés szerint. A jelentés a természet helyreállításához és védelméhez szükséges átalakító változásokat sürgette. Megállapította, hogy az ökoszisztémák egészsége, amelytől mi és minden más faj függünk, gyorsabban romlik, mint valaha, ami hatással van a gazdaságainkra, a megélhetésünkre, az élelmezésbiztonságra, az egészségre és az életminőségre világszerte. & nbsp;</p>  <p>Az erdőirtás és az elsivatagosodás - az emberi tevékenységek és az éghajlatváltozás miatt - jelentős kihívást jelent a fenntartható fejlődés szempontjából, és emberek millióinak életét és megélhetését érintette. <a href=""https://news.un.org/en/story/2019/05/1038291"">Az erdők életbevágóan fontosak. </a>az élet fenntartása a Földön, és fontos szerepet játszik az éghajlatváltozás elleni küzdelemben. És befektetés <a href=""https://news.un.org/en/story/2019/09/1045802"">földfelújítás</a> kritikus szerepet játszik a megélhetés javításában, a sebezhetőségek csökkentésében és a gazdaság kockázatainak csökkentésében.</p>  <p>Bolygónk egészsége is fontos szerepet játszik <a href=""https://www.unenvironment.org/resources/emerging-zoonotic-diseases-and-links-ecosystem-health-unep-frontiers-2016-chapter"">zoonózis-betegségek megjelenése</a>az állatok és az emberek között fertőző betegségek. Miközben továbbra is behatolunk a törékeny ökoszisztémákba, az embereket egyre nagyobb kapcsolatba hozzuk a vadvilággal, lehetővé téve, hogy a kórokozók átterjedjenek az állatokra és az emberekre, növelve a betegségek kialakulásának és felerősítésének kockázatát.</p>"	"<p>A természet kritikus fontosságú a túlélésünk szempontjából: a természet ellát bennünket oxigénnel, szabályozza az időjárási szokásainkat, beporozza a terményünket, előállítja élelmiszereinket, takarmányainkat és rostjainkat. De egyre nagyobb stressznek van kitéve. <a href=""https://news.un.org/en/story/2020/04/1061082"">Az emberi tevékenység a Föld felszínének csaknem 75 százalékát megváltoztatta</a>, ami a vadvilágot és a természetet a bolygó egyre kisebb szegletébe szorította.</p> <p>Körülbelül <a href=""https://ipbes.net/sites/default/files/2020-02/ipbes_global_assessment_report_summary_for_policymakers_en.pdf"">1 millió állat- és növényfajt fenyeget a kihalás évtizedeken belül – a globális2 szerint2 –10 –M11 szerint][0] –M11 Értékelő jelentés a biodiverzitásról és az ökoszisztéma-szolgáltatásról. A jelentés átalakító változtatásokat szorgalmaz a természet helyreállítása és védelme érdekében. Megállapította, hogy azon ökoszisztémák egészsége, amelyektől mi és az összes többi faj is függ, minden eddiginél gyorsabban romlik, és hatással van  gazdaságunk, megélhetésünk, élelmezésbiztonságunk, egészségünk és életminőségünk alapjait világszerte. </p> <p>Az emberi tevékenységek és az éghajlatváltozás által okozott erdőirtás és elsivatagosodás komoly kihívásokat jelent a fenntartható fejlődés számára, és emberek millióinak életét és megélhetését érintette. <a href=""https://news.un.org/en/story/2019/05/1038291"">Az erdők létfontosságúak </a>a földi élet fenntartásában, és jelentős szerepet játszanak az éghajlatváltozás elleni küzdelemben. Az <a href=""https://news.un.org/en/story/2019/09/1045802"">föld-helyreállításba</a> való befektetés pedig kritikus fontosságú a megélhetés javítása, a sebezhetőség csökkentése és a gazdaság kockázatainak csökkentése szempontjából.</p> <p>Bolygónk egészsége is fontos szerepet játszik az <a href=""https://www.unenvironment.org/resources/emerging-zoonotic-diseases-and-links-ecosystem-health-unep-frontiers-2016-chapter"">a zoonózisos betegségek megjelenésében, amelyek az emberek és az állatok között terjeszthetők.][EDM11.]. Ahogy továbbra is behatolunk a törékeny ökoszisztémákba, az embereket egyre szorosabb kapcsolatba hozzuk a vadon élő állatokkal, lehetővé téve, hogy a vadon élő állatok kórokozói átterjedjenek az állatokra és az emberekre, növelve a betegségek megjelenésének és felszaporodásának kockázatát.</p>"	"<p>Nature is critical to our survival: nature provides us with our oxygen, regulates our weather patterns, pollinates our crops, produces our food, feed and fibre. But it is under increasing stress. <a href=""https://news.un.org/en/story/2020/04/1061082"">Human activity has altered almost 75 per cent of the earth’s surface</a>, squeezing wildlife and nature into an ever-smaller corner of the planet.</p> <p>Around <a href=""https://ipbes.net/sites/default/files/2020-02/ipbes_global_assessment_report_summary_for_policymakers_en.pdf"">1 million animal and plant species are threatened with extinction</a> – many within decades – according to the 2019 Global Assessment Report on Biodiversity and Ecosystem Service. The report called for transformative changes to restore and protect nature. It found that the health of ecosystems on which we and all other species depend is deteriorating more rapidly than ever, affecting&nbsp; the very foundations of our economies, livelihoods, food security, health and quality of life worldwide.&nbsp;</p> <p>Deforestation and desertification – caused by human activities and climate change – pose major challenges to sustainable development and have affected the lives and livelihoods of millions of people. <a href=""https://news.un.org/en/story/2019/05/1038291"">Forests are vitally important </a>for sustaining life on Earth, and play a major role in the fight against climate change. And investing in <a href=""https://news.un.org/en/story/2019/09/1045802"">land restoration</a> is critical for improving livelihoods, reducing vulnerabilities, and reducing risks for the economy.</p> <p>The health of our planet also plays an important role in <a href=""https://www.unenvironment.org/resources/emerging-zoonotic-diseases-and-links-ecosystem-health-unep-frontiers-2016-chapter"">the emergence of zoonotic diseases</a>, i.e. diseases that are transmissible between animals and humans. As we continue to encroach on fragile ecosystems, we bring humans into ever-greater contact with wildlife, enabling pathogens in wildlife to spill over to livestock and humans, increasing the risk of disease emergence and amplification.</p>"
sdg.yml	sdg.goals.goal_15.targets.target_15_1.long_title	2020-ra biztosítsa a szárazföldi és belvízi édesvízi ökoszisztémák és szolgáltatásaik, különösen az erdők, a vizes élőhelyek, a hegyek és a szárazföld megőrzését, helyreállítását és fenntartható használatát, összhangban a nemzetközi megállapodásokban foglalt kötelezettségekkel.	2020-ig biztosítsa a szárazföldi és a belvízi édesvízi ökoszisztémák és szolgáltatásaik megőrzését, helyreállítását és fenntartható használatát, különös tekintettel az erdőkre, vizes élőhelyekre, hegyekre és szárazföldekre, összhangban a nemzetközi megállapodások szerinti kötelezettségekkel.	By 2020, ensure the conservation, restoration and sustainable use of terrestrial and inland freshwater ecosystems and their services, in particular forests, wetlands, mountains and drylands, in line with obligations under international agreements.
sdg.yml	sdg.goals.goal_15.targets.target_15_1.short_title	Szárazföldi és édesvízi ökoszisztémák megőrzése és helyreállítása	A szárazföldi és édesvízi ökoszisztémák megőrzése és helyreállítása	Conserve and Restore Terrestrial and Freshwater Ecosystems
sdg.yml	sdg.goals.goal_15.targets.target_15_2.long_title	2020-ra valamennyi erdőtípus fenntartható gazdálkodásának előmozdítása, az erdőirtás megállítása, a leromlott erdők helyreállítása, valamint a globális erdősítés és újraerdősítés jelentős növelése.	2020-ig mozdítsa elő a fenntartható gazdálkodás megvalósítását minden típusú erdővel, állítsa le az erdőirtást, állítsa helyre a leromlott erdőket, és jelentősen növelje az erdősítés és újraerdősítés számát világszerte.	By 2020, promote the implementation of sustainable management of all types of forests, halt deforestation, restore degraded forests and substantially increase afforestation and reforestation globally.
sdg.yml	sdg.goals.goal_15.targets.target_15_2.short_title	Az erdőirtás vége és a degradált erdők helyreállítása	Végezze el az erdőirtást és állítsa helyre a leromlott erdőket	End Deforestation and Restore Degraded Forests
sdg.yml	sdg.goals.goal_15.targets.target_15_3.long_title	2030-ra az elsivatagosodás elleni küzdelem, a degradált föld és talaj helyreállítása, beleértve az elsivatagosodás, az aszály és az árvizek által érintett területeket is, valamint a földdekarbonizáció semleges világának megvalósítása.	2030-ig küzdjön le az elsivatagosodás ellen, állítsa helyre a degradált földet és talajt, beleértve az elsivatagosodás, aszály és árvizek által sújtott területeket is, és törekedjen egy földromlástól mentes világ megteremtésére.	By 2030, combat desertification, restore degraded land and soil, including land affected by desertification, drought and floods, and strive to achieve a land degradation-neutral world.
sdg.yml	sdg.goals.goal_15.targets.target_15_3.short_title	Az elsivatagosodás és a romló földterület helyreállítása	Végezze el az elsivatagosodást és állítsa helyre a leromlott területeket	End Desertification and Restore Degraded Land
sdg.yml	sdg.goals.goal_15.targets.target_15_4.long_title	2030-ra biztosítani kell a hegyvidéki ökoszisztémák - beleértve a biológiai sokféleségüket is - védelmét annak érdekében, hogy növeljék a fenntartható fejlődés szempontjából alapvető előnyöket biztosító kapacitásukat.	2030-ig gondoskodni kell a hegyvidéki ökoszisztémák, köztük biológiai sokféleségük megőrzéséről, hogy javítsák képességüket a fenntartható fejlődéshez nélkülözhetetlen előnyök biztosítására.	By 2030, ensure the conservation of mountain ecosystems, including their biodiversity, in order to enhance their capacity to provide benefits that are essential for sustainable development.
sdg.yml	sdg.goals.goal_15.targets.target_15_4.short_title	A hegyvidéki ökoszisztémák védelmének biztosítása	A hegyvidéki ökoszisztémák megőrzésének biztosítása	Ensure Conservation of Mountain Ecosystems
sdg.yml	sdg.goals.goal_15.targets.target_15_5.long_title	Sürgős és jelentős intézkedések meghozatala a természetes élőhelyek pusztulásának csökkentése, a biológiai sokféleség csökkenésének megállítása, valamint 2020-ra a veszélyeztetett fajok kipusztulásának megelőzése érdekében.	Sürgős és jelentős intézkedések meghozatala a természetes élőhelyek degradációjának csökkentése, a biológiai sokféleség csökkenésének megállítása, valamint 2020-ig a veszélyeztetett fajok védelme és kihalásának megakadályozása érdekében.	Take urgent and significant action to reduce the degradation of natural habitats, halt the loss of biodiversity and, by 2020, protect and prevent the extinction of threatened species.
sdg.yml	sdg.goals.goal_15.targets.target_15_6.long_title	A genetikai erőforrások hasznosításából származó előnyök igazságos és méltányos megosztásának előmozdítása, valamint az ilyen erőforrásokhoz való megfelelő hozzáférés előmozdítása, amint arról nemzetközi megállapodás született.	A genetikai erőforrások felhasználásából származó előnyök méltányos és méltányos megosztásának előmozdítása, valamint az ilyen erőforrásokhoz való megfelelő hozzáférés előmozdítása a nemzetközi megállapodásoknak megfelelően.	Promote fair and equitable sharing of the benefits arising from the utilization of genetic resources and promote appropriate access to such resources, as internationally agreed.
sdg.yml	sdg.goals.goal_15.targets.target_15_6.short_title	A genetikai erőforrásokhoz való hozzáférés előmozdítása és az előnyök igazságos megosztása	A genetikai erőforrásokhoz való hozzáférés és az előnyök igazságos megosztásának elősegítése	Promote Access to Genetic Resources and Fair Sharing of the Benefits
sdg.yml	sdg.goals.goal_15.targets.target_15_7.long_title	A védett növény- és állatfajok vadászatának és kereskedelmének megszüntetése, valamint az illegális vadon élő állat- és növényfajok iránti kereslet és kínálat kezelése érdekében sürgősen intézkedni kell.	Sürgősen tegyen lépéseket a védett növény- és állatfajok orvvadászatának és kereskedelmének felszámolására, valamint az illegális vadon élő állatok és növények iránti kereslet és kínálat kezelése érdekében.	Take urgent action to end poaching and trafficking of protected species of flora and fauna and address both demand and supply of illegal wildlife products.
sdg.yml	sdg.goals.goal_15.targets.target_15_7.short_title	Védett fajok orvvadászatának és kereskedelmének megszüntetése	Az orvvadászat és a védett fajok kereskedelme felszámolása	Eliminate Poaching and Trafficking of Protected Species
sdg.yml	sdg.goals.goal_15.targets.target_15_8.long_title	2020-ra intézkedéseket kell bevezetni az idegenhonos inváziós fajok szárazföldi és vízi ökoszisztémákra gyakorolt hatásának megelőzésére és jelentős csökkentésére, valamint a kiemelt fajok ellenőrzésére vagy felszámolására.	2020-ig olyan intézkedéseket kell bevezetni, amelyek megakadályozzák az invazív idegen fajok betelepítését és jelentősen csökkentik a szárazföldi és vízi ökoszisztémákra gyakorolt ​​hatását, valamint szabályozzák vagy felszámolják a kiemelt fajokat.	By 2020, introduce measures to prevent the introduction and significantly reduce the impact of invasive alien species on land and water ecosystems and control or eradicate the priority species.
sdg.yml	sdg.goals.goal_15.targets.target_15_8.short_title	Az invazív idegen fajok megelőzése a földön és a vízi ökoszisztémákban	Az invazív idegen fajok megelőzése a szárazföldön és a vízi ökoszisztémákban	Prevent Invasive Alien Species on Land and in Water Ecosystems
sdg.yml	sdg.goals.goal_15.targets.target_15_9.long_title	2020-ra az ökoszisztéma és a biológiai sokféleség értékeit integrálják a nemzeti és helyi tervezésbe, fejlesztési folyamatokba, a szegénység csökkentésére irányuló stratégiákba és elszámolásokba.	2020-ra integrálja az ökoszisztéma és a biodiverzitás értékeit a nemzeti és helyi tervezésbe, fejlesztési folyamatokba, a szegénység csökkentését célzó stratégiákba és elszámolásokba.	By 2020, integrate ecosystem and biodiversity values into national and local planning, development processes, poverty reduction strategies and accounts.
sdg.yml	sdg.goals.goal_15.targets.target_15_9.short_title	Az ökoszisztéma és a biológiai sokféleség integrálása a kormányzati tervezésbe	Az ökoszisztéma és a biodiverzitás integrálása a kormányzati tervezésbe	Integrate Ecosystem and Biodiversity in Governmental Planning
sdg.yml	sdg.goals.goal_15.targets.target_15_A.long_title	A biológiai sokféleség és az ökoszisztémák megőrzése és fenntartható felhasználása érdekében minden forrásból mozgósítsa és jelentősen növelje a pénzügyi forrásokat.	A biológiai sokféleség és az ökoszisztémák megőrzése és fenntartható használata érdekében minden forrásból mobilizálja és jelentősen növelje a pénzügyi forrásokat.	Mobilize and significantly increase financial resources from all sources to conserve and sustainably use biodiversity and ecosystems.
sdg.yml	sdg.goals.goal_15.targets.target_15_A.short_title	A pénzügyi források növelése az ökoszisztéma és a biológiai sokféleség megőrzése és fenntartható felhasználása érdekében	Növelje a pénzügyi forrásokat az ökoszisztéma és a biológiai sokféleség megőrzéséhez és fenntartható használatához	Increase Financial Resources to Conserve and Sustainably Use Ecosystem and Biodiversity
sdg.yml	sdg.goals.goal_15.targets.target_15_B.long_title	Minden forrásból és minden szinten jelentős források mozgósítása a fenntartható erdőgazdálkodás finanszírozása érdekében, és megfelelő ösztönzők biztosítása a fejlődő országok számára az ilyen gazdálkodás előmozdítására, beleértve a megőrzést és az újraerdősítést is.	Jelentős források mozgósítása minden forrásból és minden szinten a fenntartható erdőgazdálkodás finanszírozására, és megfelelő ösztönzők biztosítása a fejlődő országok számára az ilyen gazdálkodás előmozdítására, beleértve a megőrzést és az erdősítést is.	Mobilize significant resources from all sources and at all levels to finance sustainable forest management and provide adequate incentives to developing countries to advance such management, including for conservation and reforestation.
sdg.yml	sdg.goals.goal_15.targets.target_15_B.short_title	Finanszírozás és a fenntartható erdőgazdálkodás ösztönzése	A fenntartható erdőgazdálkodás finanszírozása és ösztönzése	Finance and Incentivize Sustainable Forest Management
sdg.yml	sdg.goals.goal_15.targets.target_15_C.long_title	Az orvvadászat és a védett fajok kereskedelme elleni küzdelemre irányuló erőfeszítések globális támogatásának fokozása, többek között a helyi közösségek fenntartható megélhetési lehetőségekre való képességének növelése révén.	Növelje az orvvadászat és a védett fajok kereskedelme elleni küzdelemre irányuló erőfeszítések globális támogatását, beleértve a helyi közösségek kapacitásának növelését a fenntartható megélhetési lehetőségek keresésére.	Enhance global support for efforts to combat poaching and trafficking of protected species, including by increasing the capacity of local communities to pursue sustainable livelihood opportunities.
sdg.yml	sdg.goals.goal_15.targets.target_15_C.short_title	A globális orvvadászat és kereskedelem elleni küzdelem	Küzdj a globális orvvadászat és embercsempészet ellen	Combat Global Poaching and Trafficking
sdg.yml	sdg.goals.goal_16.title_in_two_lines	"Béke, igazság és
Erős intézmények"	"Béke, igazságosság és
Erős intézmények"	"Peace, Justice and
Strong Institutions"
sdg.yml	sdg.goals.goal_16.targets.target_16_1.long_title	Az erőszak és a kapcsolódó halálozási arány jelentős csökkentése mindenhol.	Jelentősen csökkenteni kell az erőszak minden formáját és a kapcsolódó halálozási arányt mindenhol.	Significantly reduce all forms of violence and related death rates everywhere.
sdg.yml	sdg.goals.goal_16.targets.target_16_1.short_title	Az erőszak csökkentése mindenhol	Csökkentse az erőszakot mindenhol	Reduce Violence Everywhere
sdg.yml	sdg.goals.goal_16.targets.target_16_2.long_title	A gyermekek elleni erőszak és kínzás megszüntetése, kizsákmányolása, kereskedelme és minden formája.	Vessenek véget a bántalmazásnak, a kizsákmányolásnak, az emberkereskedelemnek és a gyermekek elleni erőszaknak és a gyermekek kínzásának minden formájának.	End abuse, exploitation, trafficking and all forms of violence against and torture of children.
sdg.yml	sdg.goals.goal_16.targets.target_16_2.short_title	A gyermekek védelme a visszaéléssel, kizsákmányolással, kereskedelemmel és erőszakkal szemben	Védje meg a gyermekeket a visszaélésektől, a kizsákmányolástól, az emberkereskedelemtől és az erőszaktól	Protect Children from Abuse, Exploitation, Trafficking and Violence
sdg.yml	sdg.goals.goal_16.targets.target_16_3.long_title	A jogállamiság előmozdítása nemzeti és nemzetközi szinten, valamint az igazságszolgáltatáshoz való egyenlő hozzáférés biztosítása mindenki számára.	A jogállamiság előmozdítása nemzeti és nemzetközi szinten, és mindenki számára egyenlő hozzáférés biztosítása az igazságszolgáltatáshoz.	Promote the rule of law at the national and international levels and ensure equal access to justice for all.
sdg.yml	sdg.goals.goal_16.targets.target_16_4.long_title	2030-ra jelentősen csökkenteni kell a tiltott pénz- és fegyverforgalmat, meg kell erősíteni a lopott eszközök visszanyerését és visszaszolgáltatását, és küzdeni kell a szervezett bűnözés minden formája ellen.	2030-ra jelentősen csökkenteni kell az illegális pénz- és fegyveráramlást, meg kell erősíteni az ellopott vagyontárgyak visszaszerzését és visszaszolgáltatását, és küzdeni kell a szervezett bűnözés minden formája ellen.	By 2030, significantly reduce illicit financial and arms flows, strengthen the recovery and return of stolen assets and combat all forms of organized crime.
sdg.yml	sdg.goals.goal_16.targets.target_16_4.short_title	A szervezett bűnözés és a tiltott pénzügyi és fegyverkereskedelem elleni küzdelem	Küzdelem a szervezett bűnözés és a tiltott pénzügyi és fegyveráramlások ellen	Combat Organized Crime and Illicit Financial and Arms Flows
sdg.yml	sdg.goals.goal_16.targets.target_16_5.long_title	A korrupció és a vesztegetés jelentős csökkentése minden formájukban.	Jelentősen csökkenteni kell a korrupciót és a vesztegetést annak minden formájában.	Substantially reduce corruption and bribery in all their forms.
sdg.yml	sdg.goals.goal_16.targets.target_16_5.short_title	A korrupció és a vesztegetés jelentős csökkentése	Jelentősen csökkentse a korrupciót és a vesztegetést	Substantially Reduce Corruption and Bribery
sdg.yml	sdg.goals.goal_16.targets.target_16_6.long_title	Minden szinten hatékony, elszámoltatható és átlátható intézmények kialakítása.	Hatékony, elszámoltatható és átlátható intézmények kialakítása minden szinten.	Develop effective, accountable and transparent institutions at all levels.
sdg.yml	sdg.goals.goal_16.targets.target_16_6.short_title	Hatékony, megbízható és átlátható intézmények kialakítása	Hatékony, elszámoltatható és átlátható intézmények kialakítása	Develop Effective, Accountable and Transparent Institutions
sdg.yml	sdg.goals.goal_16.targets.target_16_7.long_title	A reagáló, befogadó, részvételi és képviseleti döntéshozatal biztosítása minden szinten.	Reszponzív, inkluzív, részvételen alapuló és reprezentatív döntéshozatal biztosítása minden szinten.	Ensure responsive, inclusive, participatory and representative decision-making at all levels.
sdg.yml	sdg.goals.goal_16.targets.target_16_7.short_title	Felelősségteljes, inkluzív és képviseleti döntéshozatal biztosítása	Reszponzív, befogadó és reprezentatív döntéshozatal biztosítása	Ensure Responsive, Inclusive and Representative Decision-Making
sdg.yml	sdg.goals.goal_16.targets.target_16_8.long_title	A fejlődő országoknak a globális kormányzás intézményeiben való részvételének kiterjesztése és megerősítése.	A fejlődő országok részvételének szélesítése és megerősítése a globális kormányzás intézményeiben.	Broaden and strengthen the participation of developing countries in the institutions of global governance.
sdg.yml	sdg.goals.goal_16.targets.target_16_8.short_title	A globális kormányzásban való részvétel megerősítése	A globális kormányzásban való részvétel erősítése	Strengthen the Participation in Global Governance
sdg.yml	sdg.goals.goal_16.targets.target_16_9.long_title	2030-ra mindenki számára jogi személyazonosságot kell biztosítani, beleértve a születési anyakönyvi kivonatot is.	2030-ig mindenki számára biztosítson jogi személyazonosságot, beleértve a születési anyakönyvezést is.	By 2030, provide legal identity for all, including birth registration.
sdg.yml	sdg.goals.goal_16.targets.target_16_9.short_title	Egyetemes jogi azonosító megadása	Univerzális jogi személyazonosság biztosítása	Provide Universal Legal Identity
sdg.yml	sdg.goals.goal_16.targets.target_16_10.long_title	Az információkhoz való nyilvános hozzáférés biztosítása és az alapvető szabadságok védelme a nemzeti jogszabályokkal és a nemzetközi megállapodásokkal összhangban.	Biztosítani kell az információkhoz való nyilvános hozzáférést és az alapvető szabadságjogok védelmét a nemzeti jogszabályokkal és a nemzetközi megállapodásokkal összhangban.	Ensure public access to information and protect fundamental freedoms, in accordance with national legislation and international agreements.
sdg.yml	sdg.goals.goal_16.targets.target_16_10.short_title	Az információkhoz való nyilvános hozzáférés biztosítása és az alapvető szabadságok védelme	Az információkhoz való nyilvános hozzáférés biztosítása és az alapvető szabadságjogok védelme	Ensure Public Access to Information and Protect Fundamental Freedoms
sdg.yml	sdg.goals.goal_16.targets.target_16_A.long_title	A releváns nemzeti intézmények megerősítése - többek között nemzetközi együttműködés révén - az erőszak megelőzése, valamint a terrorizmus és a bűnözés elleni küzdelem érdekében minden szinten, különösen a fejlődő országokban kapacitásépítés céljából.	A megfelelő nemzeti intézmények megerősítése – többek között nemzetközi együttműködés révén – a kapacitásépítés minden szinten, különösen a fejlődő országokban, az erőszak megelőzése, valamint a terrorizmus és a bűnözés elleni küzdelem érdekében.	Strengthen relevant national institutions, including through international cooperation, for building capacity at all levels, in particular in developing countries, to prevent violence and combat terrorism and crime.
sdg.yml	sdg.goals.goal_16.targets.target_16_A.short_title	A nemzeti intézmények megerősítése az erőszak megelőzése és a terrorizmus és a bűnözés elleni küzdelem érdekében	A nemzeti intézmények megerősítése az erőszak megelőzése, valamint a terrorizmus és a bűnözés elleni küzdelem érdekében	Strengthen National Institutions to Prevent Violence and Combat Terrorism and Crime
sdg.yml	sdg.goals.goal_16.targets.target_16_B.long_title	A fenntartható fejlődésre vonatkozó megkülönböztetésmentes jogszabályok és politikák előmozdítása és végrehajtása.	A fenntartható fejlődést szolgáló, megkülönböztetéstől mentes törvények és politikák előmozdítása és érvényesítése.	Promote and enforce non-discriminatory laws and policies for sustainable development.
sdg.yml	sdg.goals.goal_16.targets.target_16_B.short_title	A diszkriminációellenes törvények és politikák előmozdítása és végrehajtása	A megkülönböztetéstől mentes törvények és irányelvek előmozdítása és érvényesítése	Promote and Enforce Non-Discriminatory Laws and Policies
sdg.yml	sdg.goals.goal_17.title	Partnerségek A célok érdekében	Partnerségek a célokért	Partnerships For the Goals
sdg.yml	sdg.goals.goal_17.title_in_two_lines	"Partnerségek
A célok érdekében"	"Partnerségek
A Gólokért"	"Partnerships
For the Goals"
sdg.yml	sdg.goals.goal_17.description	A fenntartható fejlődés globális partnerségének újragondolása.	Újraéleszteni a globális partnerséget a fenntartható fejlődésért.	Revitalize the global partnership for Sustainable Development.
sdg.yml	sdg.goals.goal_17.long_description	"<p>A fenntartható fejlesztési célok csak erős globális partnerségekkel és együttműködéssel valósíthatók meg.</p>  <p>A sikeres fejlesztési menetrend átfogó partnerségeket igényel - globális, regionális, nemzeti és helyi szinten -, amelyek elvekre és értékekre, valamint közös jövőképre és közös célokra épülnek, és középpontba helyezik az embereket és a bolygót.</p>  <p>Számos országnak hivatalos fejlesztési támogatásra van szüksége a növekedés és a kereskedelem ösztönzése érdekében. Mégis, <a href=""https://www.un.org/press/en/2019/ga12191.doc.htm"">A támogatási szintek csökkennek</a> és a donor országok nem tartották be a fejlesztési finanszírozás fellendítésére vonatkozó ígéretüket.</p>  <p>A COVID- 19 pandémia miatt <a href=""https://www.imf.org/en/Publications/WEO/Issues/2020/04/14/weo-april-2020"">globális gazdaság</a> 2020-ban a nagy gazdasági válság óta a legrosszabb recessziója várható, 3% -kal.</p>  <p>Erős nemzetközi együttműködésre van most minden eddiginél nagyobb szükség ahhoz, hogy az országok képesek legyenek kilábalni a pandémiából, jobban felépíteni és elérni a fenntartható fejlesztési célokat.</p>"	"<p>A fenntartható fejlesztési célok csak erős globális partnerségekkel és együttműködéssel valósíthatók meg.</p> <p>A sikeres fejlesztési menetrendhez olyan átfogó partnerségekre van szükség – globális, regionális, nemzeti és helyi szinten –, amelyek elvekre és értékekre, valamint közös jövőképre és közös célokra épülnek, amelyek az embereket és a bolygót helyezik a középpontba.</p>] kereskedelmet. Ennek ellenére az <a href=""https://www.un.org/press/en/2019/ga12191.doc.htm"">segélyszintek csökkennek</a>, és az adományozó országok nem váltották be a fejlesztésfinanszírozás felgyorsítására tett ígéretüket.</p> <p>A COVID-19 világjárvány miatt az <a href=""https://www.imf.org/en/Publications/WEO/Issues/2020/04/14/weo-april-2020"">globális gazdaság</a> az előrejelzések szerint az előrejelzések szerint 2002-ben 2002-ben jelentősen, vagy akár százalékkal is zsugorodik. recesszió a nagy gazdasági világválság óta.</p> <p>Erős nemzetközi együttműködésre most minden eddiginél nagyobb szükség van annak biztosítására, hogy az országok rendelkezzenek az eszközökkel a világjárványból való kilábaláshoz, a jobb helyreállításhoz és a Fenntartható Fejlődési Célok eléréséhez.</p>"	"<p>The SDGs can only be realized with strong global partnerships and cooperation.</p> <p>A successful development agenda requires inclusive partnerships — at the global, regional, national and local levels — built upon principles and values, and upon a shared vision and shared goals placing people and the planet at the centre.</p> <p>Many countries require Official Development Assistance to encourage growth and trade. Yet, <a href=""https://www.un.org/press/en/2019/ga12191.doc.htm"">aid levels are falling</a> and donor countries have not lived up to their pledge to ramp up development finance.</p> <p>Due to the COVID-19 pandemic, the <a href=""https://www.imf.org/en/Publications/WEO/Issues/2020/04/14/weo-april-2020"">global economy</a> is projected to contract sharply, by 3 per cent, in 2020, experiencing its worst recession since the Great Depression.</p> <p>Strong international cooperation is needed now more than ever to ensure that countries have the means to recover from the pandemic, build back better and achieve the Sustainable Development Goals.</p>"
sdg.yml	sdg.goals.goal_17.targets.target_17_1.long_title	A hazai erőforrások mozgósításának megerősítése, többek között a fejlődő országoknak nyújtott nemzetközi támogatás révén, az adó- és egyéb bevételbeszedés hazai kapacitásának javítása érdekében.	A hazai források mozgósításának erősítése, többek között a fejlődő országoknak nyújtott nemzetközi támogatás révén, az adó- és egyéb bevételek beszedésére vonatkozó hazai kapacitás javítása érdekében.	Strengthen domestic resource mobilization, including through international support to developing countries, to improve domestic capacity for tax and other revenue collection.
sdg.yml	sdg.goals.goal_17.targets.target_17_1.short_title	Források mobilizálása a belföldi bevételek beszedésének javítása érdekében 	Erőforrások mozgósítása a hazai bevételek beszedésének javítása érdekében	Mobilize Resources to Improve Domestic Revenue Collection 
sdg.yml	sdg.goals.goal_17.targets.target_17_2.long_title	A fejlett országokat arra ösztönzik, hogy teljes mértékben hajtsák végre hivatalos fejlesztési segítségnyújtási kötelezettségvállalásaikat, beleértve számos fejlett ország kötelezettségvállalását arra vonatkozóan, hogy a fejlődő országok számára az ODA / GNI 0,7% -át, a legkevésbé fejlett országok számára pedig az ODA / GNI 0,15-0,20% -át tűzik ki célul, hogy a legkevésbé fejlett országok számára az ODA / GNI legalább 0,20% -át biztosítsák.	A fejlett országokat, hogy maradéktalanul hajtsák végre hivatalos fejlesztési támogatási kötelezettségvállalásaikat, ideértve sok fejlett ország azon kötelezettségvállalását, hogy elérjék az ODA/GNI 0,7 százalékát a fejlődő országoknak, valamint a ODA/GNI 0,15–0,20 százalékát a legkevésbé fejlett országoknak.	Developed countries to implement fully their official development assistance commitments, including the commitment by many developed countries to achieve the target of 0.7 per cent of ODA/GNI to developing countries and 0.15 to 0.20 per cent of ODA/GNI to least developed countries ODA providers are encouraged to consider setting a target to provide at least 0.20 per cent of ODA/GNI to least developed countries.
sdg.yml	sdg.goals.goal_17.targets.target_17_2.short_title	A fejlesztési támogatási kötelezettségvállalások végrehajtása	Végre kell hajtani az összes fejlesztési támogatási kötelezettségvállalást	Implement All Development Assistance Commitments
sdg.yml	sdg.goals.goal_17.targets.target_17_3.short_title	A fejlődő országok pénzügyi erőforrásainak mozgósítása	Pénzügyi források mozgósítása a fejlődő országok számára	Mobilize Financial Resources for Developing Countries
sdg.yml	sdg.goals.goal_17.targets.target_17_4.long_title	Támogatni kell a fejlődő országokat az adósság hosszú távú fenntarthatóságának elérésében olyan összehangolt politikák révén, amelyek célja az adósságfinanszírozás, az adósságelengedés és az adósságátütemezés elősegítése, valamint a rendkívül eladósodott szegény országok külső adósságainak kezelése az adóssághiány csökkentése érdekében.	Támogassa a fejlődő országokat a hosszú távú adósságfenntarthatóság elérésében az adósságfinanszírozás, az adósságkönnyítés és az adósság-átstrukturálás előmozdítását célzó összehangolt politikák révén, valamint kezelje a súlyosan eladósodott szegény országok külső adósságát az adósságszorongás csökkentése érdekében.	Assist developing countries in attaining long-term debt sustainability through coordinated policies aimed at fostering debt financing, debt relief and debt restructuring, as appropriate, and address the external debt of highly indebted poor countries to reduce debt distress.
sdg.yml	sdg.goals.goal_17.targets.target_17_4.short_title	A fejlődő országok támogatása az adósság fenntarthatóságának elérésében	Segítségnyújtás a fejlődő országoknak az adósság fenntarthatóságának elérésében	Assist Developing Countries in Attaining Debt Sustainability
sdg.yml	sdg.goals.goal_17.targets.target_17_5.long_title	A legkevésbé fejlett országokra vonatkozó beruházási támogatási rendszerek elfogadása és végrehajtása.	Befektetésösztönzési rendszerek elfogadása és végrehajtása a legkevésbé fejlett országok számára.	Adopt and implement investment promotion regimes for least developed countries.
sdg.yml	sdg.goals.goal_17.targets.target_17_5.short_title	Befektetés a legkevésbé fejlett országokba	Fektessen be a legkevésbé fejlett országokba	Invest in Least Developed Countries
sdg.yml	sdg.goals.goal_17.targets.target_17_6.long_title	A tudomány, a technológia és az innováció területén a North- South, a South- South és a háromoldalú regionális és nemzetközi együttműködés fokozása, valamint a kölcsönös megállapodás szerinti tudásmegosztás fokozása, többek között a meglévő mechanizmusok, különösen az Egyesült Nemzetek szintjén megvalósuló jobb koordináció és egy globális technológiakönnyítési mechanizmus révén.	Az észak-dél, dél-dél és háromoldalú regionális és nemzetközi együttműködés és a tudomány, technológia és innováció terén való hozzáférés, valamint a tudásmegosztás fokozása kölcsönösen elfogadott feltételek mellett, többek között a meglévő mechanizmusok közötti jobb koordináció révén, különösen az Egyesült Nemzetek szintjén, valamint egy globális technológiai könnyítési mechanizmuson keresztül.	Enhance North-South, South-South and triangular regional and international cooperation on and access to science, technology and innovation and enhance knowledge sharing on mutually agreed terms, including through improved coordination among existing mechanisms, in particular at the United Nations level, and through a global technology facilitation mechanism.
sdg.yml	sdg.goals.goal_17.targets.target_17_6.short_title	Tudásmegosztás és együttműködés a tudomány, a technológia és az innováció terén	Tudásmegosztás és együttműködés a tudományhoz, technológiához és innovációhoz való hozzáférés érdekében	Knowledge Sharing and Cooperation for Access to Science, Technology and Innovation
sdg.yml	sdg.goals.goal_17.targets.target_17_7.long_title	A környezetvédelmi szempontból megfelelő technológiák fejlesztésének, átadásának, terjesztésének és terjesztésének előmozdítása a fejlődő országok számára kedvező feltételek mellett, beleértve a kedvezményes és kedvezményes feltételeket is, a kölcsönösen elfogadott feltételek szerint.	Környezetbarát technológiák fejlesztésének, átadásának, terjesztésének és terjesztésének előmozdítása a fejlődő országokban kedvező feltételekkel, beleértve a kedvezményes és kedvezményes feltételeket is, kölcsönös megállapodás szerint.	Promote the development, transfer, dissemination and diffusion of environmentally sound technologies to developing countries on favourable terms, including on concessional and preferential terms, as mutually agreed.
sdg.yml	sdg.goals.goal_17.targets.target_17_7.short_title	Fenntartható technológiák előmozdítása a fejlődő országok számára	A fenntartható technológiák népszerűsítése a fejlődő országokban	Promote Sustainable Technologies to Developing Countries
sdg.yml	sdg.goals.goal_17.targets.target_17_8.long_title	A legkevésbé fejlett országok technológiai bank- és tudományos, technológiai és innovációs kapacitásépítési mechanizmusának teljes körű működtetése 2017-ig, valamint az alaptechnológia, különösen az információs és kommunikációs technológia használatának fokozása.	A legkevésbé fejlett országok számára 2017-ig teljes mértékben működőképessé kell tenni a technológiai bankot és a tudományos, technológiai és innovációs kapacitásépítési mechanizmust, és fokozni kell az alaptechnológia, különösen az információs és kommunikációs technológia használatát.	Fully operationalize the technology bank and science, technology and innovation capacity-building mechanism for least developed countries by 2017 and enhance the use of enabling technology, in particular information and communications technology.
sdg.yml	sdg.goals.goal_17.targets.target_17_9.long_title	A hatékony és célzott kapacitásépítéshez nyújtott nemzetközi támogatás fokozása a fejlődő országokban az összes fenntartható fejlődési cél megvalósítására irányuló nemzeti tervek támogatása érdekében, többek között az észak-, dél- és háromoldalú együttműködés révén.	A fejlődő országokban a hatékony és célzott kapacitásépítés végrehajtásának nemzetközi támogatásának fokozása a fenntartható fejlődés valamennyi céljának megvalósítására irányuló nemzeti tervek támogatása érdekében, beleértve az észak-déli, dél-déli és háromoldalú együttműködést.	Enhance international support for implementing effective and targeted capacity-building in developing countries to support national plans to implement all the sustainable development goals, including through North-South, South-South and triangular cooperation.
sdg.yml	sdg.goals.goal_17.targets.target_17_9.short_title	A fenntartható fejlesztési célok kapacitásának növelése a fejlődő országokban 	Növelje az SDG-kapacitást a fejlődő országokban	Enhance SDG Capacity in Developing Countries 
sdg.yml	sdg.goals.goal_17.targets.target_17_10.long_title	A Kereskedelmi Világszervezet keretében egyetemes, szabályokon alapuló, nyílt, megkülönböztetésmentes és méltányos többoldalú kereskedelmi rendszer előmozdítása, többek között a dohai fejlesztési menetrend keretében folytatott tárgyalások lezárásával.	Egy egyetemes, szabályokon alapuló, nyitott, megkülönböztetéstől mentes és méltányos többoldalú kereskedelmi rendszer előmozdítása a Kereskedelmi Világszervezet keretein belül, többek között a dohai fejlesztési menetrend keretében folytatott tárgyalások lezárásával.	Promote a universal, rules-based, open, non-discriminatory and equitable multilateral trading system under the World Trade Organization, including through the conclusion of negotiations under its Doha Development Agenda.
sdg.yml	sdg.goals.goal_17.targets.target_17_10.short_title	Az egyetemes kereskedelmi rendszer előmozdítása a WTO keretében	Univerzális kereskedelmi rendszer előmozdítása a WTO keretében	Promote a Universal Trading System under the WTO
sdg.yml	sdg.goals.goal_17.targets.target_17_11.long_title	Jelentősen növelni kell a fejlődő országok exportját, különösen azzal a céllal, hogy 2020-ra megkétszereződjön a legkevésbé fejlett országok részesedése a globális exportból.	Jelentősen növelni kell a fejlődő országok exportját, különösen annak érdekében, hogy 2020-ra megduplázódjon a legkevésbé fejlett országok részesedése a globális exportból.	Significantly increase the exports of developing countries, in particular with a view to doubling the least developed countries’ share of global exports by 2020.
sdg.yml	sdg.goals.goal_17.targets.target_17_12.long_title	A legkevésbé fejlett országok számára a Duty- és a kvótamentes piacra jutás időben történő, tartós végrehajtásának megvalósítása, összhangban a Kereskedelmi Világszervezet határozataival, többek között annak biztosításával, hogy a legkevésbé fejlett országokból származó behozatalra alkalmazandó preferenciális származási szabályok átláthatóak és egyszerűek legyenek, és hozzájáruljanak a piacra jutás megkönnyítéséhez.	Valamennyi legkevésbé fejlett ország esetében a vám- és kvótamentes piacra jutás időben történő, tartós végrehajtása, összhangban a Kereskedelmi Világszervezet határozataival, többek között annak biztosításával, hogy a legkevésbé fejlett országokból származó behozatalra alkalmazandó preferenciális származási szabályok átláthatóak és egyszerűek legyenek, és hozzájáruljanak a piacra jutás megkönnyítéséhez.	Realize timely implementation of duty-free and quota-free market access on a lasting basis for all least developed countries, consistent with World Trade Organization decisions, including by ensuring that preferential rules of origin applicable to imports from least developed countries are transparent and simple, and contribute to facilitating market access.
sdg.yml	sdg.goals.goal_17.targets.target_17_12.short_title	A legkevésbé fejlett országok kereskedelmi akadályainak eltávolítása	Távolítsa el a kereskedelmi akadályokat a legkevésbé fejlett országok számára	Remove Trade Barriers for Least Developed Countries
sdg.yml	sdg.goals.goal_17.targets.target_17_13.long_title	A globális makrogazdasági stabilitás növelése, többek között szakpolitikai koordináció és szakpolitikai koherencia révén.	A globális makrogazdasági stabilitás fokozása, többek között a szakpolitikai koordináció és a szakpolitikai koherencia révén.	Enhance global macroeconomic stability, including through policy coordination and policy coherence.
sdg.yml	sdg.goals.goal_17.targets.target_17_14.long_title	A politika koherenciájának növelése a fenntartható fejlődés érdekében.	A politika koherenciájának fokozása a fenntartható fejlődés érdekében.	Enhance policy coherence for sustainable development.
sdg.yml	sdg.goals.goal_17.targets.target_17_14.short_title	A fenntartható fejlődés politikai koherenciájának fokozása	A politika koherenciájának fokozása a fenntartható fejlődés érdekében	Enhance Policy Coherence for Sustainable Development
sdg.yml	sdg.goals.goal_17.targets.target_17_15.long_title	A szegénység felszámolására és a fenntartható fejlődésre irányuló politikák kialakítása és végrehajtása érdekében tiszteletben kell tartani az egyes országok szakpolitikai terét és vezető szerepét.	Tartsa tiszteletben az egyes országok politikai mozgásterét és vezető szerepét a szegénység felszámolására és a fenntartható fejlődésre irányuló politikák kialakításában és végrehajtásában.	Respect each country’s policy space and leadership to establish and implement policies for poverty eradication and sustainable development.
sdg.yml	sdg.goals.goal_17.targets.target_17_15.short_title	A fenntartható fejlődésre vonatkozó politikák végrehajtása terén elért nemzeti vezető szerep tiszteletben tartása	Tartsa tiszteletben a nemzeti vezetést a fenntartható fejlődési célok politikáinak végrehajtása érdekében	Respect National Leadership to Implement Policies for the Sustainable Development Goals
sdg.yml	sdg.goals.goal_17.targets.target_17_16.long_title	A fenntartható fejlődésre irányuló globális partnerség erősítése, kiegészítve az érdekelt felek többszereplős partnerségeivel, amelyek mobilizálják és megosztják egymással a tudást, a szakértelmet, a technológiát és a pénzügyi erőforrásokat, hogy támogassák a fenntartható fejlődés céljainak elérését valamennyi országban, különösen a fejlődő országokban.	Erősítse meg a fenntartható fejlődést célzó globális partnerséget, amelyet több érdekelt felet tömörítő partnerségek egészítenek ki, amelyek mozgósítják és megosztják a tudást, a szakértelmet, a technológiát és a pénzügyi forrásokat, hogy támogassák a fenntartható fejlődés céljainak elérését minden országban, különösen a fejlődő országokban.	Enhance the global partnership for sustainable development, complemented by multi-stakeholder partnerships that mobilize and share knowledge, expertise, technology and financial resources, to support the achievement of the sustainable development goals in all countries, in particular developing countries.
sdg.yml	sdg.goals.goal_17.targets.target_17_16.short_title	A fenntartható fejlődés globális partnerségének megerősítése	Erősítse a globális partnerséget a fenntartható fejlődésért	Enhance the Global Partnership for Sustainable Development
sdg.yml	sdg.goals.goal_17.targets.target_17_17.long_title	Ösztönözni és előmozdítani a köz-, az állami és a civil társadalmi partnerségeket, a partnerségek tapasztalataira és forrásaira építve.	Ösztönözze és támogassa a hatékony állami, köz-magán és civil társadalmi partnerségeket, a partnerségek tapasztalataira és erőforrás-stratégiáira építve.	Encourage and promote effective public, public-private and civil society partnerships, building on the experience and resourcing strategies of partnerships.
sdg.yml	sdg.goals.goal_17.targets.target_17_18.long_title	2020-ra növelje a fejlődő országoknak - köztük a legkevésbé fejlett országoknak és a kis szigetállamoknak - nyújtott kapacitásépítést annak érdekében, hogy jelentősen növelje a magas színvonalú, időszerű és megbízható adatok elérhetőségét, a jövedelem, a nem, az életkor, a faj, az etnikai hovatartozás, a migrációs állapot, a fogyatékosság, a földrajzi elhelyezkedés és a nemzeti kontextusban releváns egyéb jellemzők szerint lebontva.	2020-ig fokozza a fejlődő országoknak nyújtott kapacitásépítési támogatást, beleértve a legkevésbé fejlett országokat és a fejlődő kis szigetállamokat is, hogy jelentősen növelje a jövedelem, nem, életkor, faj, etnikai hovatartozás, migrációs státusz, fogyatékosság, földrajzi elhelyezkedés és egyéb, nemzeti viszonylatban releváns jellemzők szerint lebontott, jó minőségű, időszerű és megbízható adatok elérhetőségét.	By 2020, enhance capacity-building support to developing countries, including for least developed countries and small island developing States, to increase significantly the availability of high-quality, timely and reliable data disaggregated by income, gender, age, race, ethnicity, migratory status, disability, geographic location and other characteristics relevant in national contexts.
sdg.yml	sdg.goals.goal_17.targets.target_17_18.short_title	A megbízható adatok elérhetőségének javítása	Növelje a megbízható adatok elérhetőségét	Enhance Availability of Reliable Data
sdg.yml	sdg.goals.goal_17.targets.target_17_19.long_title	2030-ra a fenntartható fejlődés terén elért, a bruttó hazai terméket kiegészítő haladás mérésére irányuló meglévő kezdeményezésekre kell építeni, és támogatni kell a fejlődő országokban a statisztikai kapacitásépítést.	2030-ra építsen a meglévő kezdeményezésekre a fenntartható fejlődés terén elért előrehaladás méréseinek kidolgozására, amelyek kiegészítik a bruttó hazai terméket, és támogassák a statisztikai kapacitásépítést a fejlődő országokban.	By 2030, build on existing initiatives to develop measurements of progress on sustainable development that complement gross domestic product, and support statistical capacity-building in developing countries.
sdg.yml	sdg.goals.goal_17.targets.target_17_19.short_title	A haladás további mérései	A haladás mérésének további fejlesztése	Further Develop Measurements of Progress
sdg.yml	sdg.goals.help.title	A fenntartható fejlesztési célok segítenek	A fenntartható fejlődési célok segítenek	Sustainable Development Goals help
sdg.yml	sdg.goals.help.description	Hozzájárulását a közösséghez (viták, polgári javaslatok és beruházási projektek) a fenntartható fejlesztési célok 2030-as menetrendjéhez igazíthatja, így áttekintést kaphatunk a fenntartható fejlesztési célokhoz való hozzájárulásunkról. Az alábbiakban az összes cél, a célpontok és a helyi célok.	A közösségnek nyújtott hozzájárulásait (viták, állampolgári javaslatok és beruházási projektek) összehangolhatja a Fenntartható Fejlődési Célok 2030-ig szóló menetrendjével, így áttekintést kaphatunk az egyes Fenntartható Fejlődési Célokhoz való hozzájárulásunkról. Az alábbiakban tájékozódhat az összes célról, azok céljairól és a lokalizált célpontokról.	You can align your contributions to the community (debates, citizen proposals and investment projects) with the Sustaniable Development Goals 2030 Agenda, this will allow us to have an overview of our contribution to each of the Sustainable Development Goals. Below you can find out about all the goals, their targets and localized targets.
sdg.yml	sdg.goals.show.read_more	Bővebben a (z) %{goal}	További információ az %{goal}-ról	Read more about %{goal}
sdg.yml	sdg.goals.show.read_less	Kevésbé olvasd el %{goal}	Olvasson kevesebbet az %{goal}-ról	Read less about %{goal}
sdg.yml	sdg.goals.show.targets.no_local_targets	Ennek a célnak nincsenek helyi céljai.	Ennek a célnak nincsenek helyi céljai	This goal has no local targets
sdg.yml	sdg.goals.title	Fenntartható fejlesztési célok	Fenntartható fejlődési célok	Sustainable Development Goals
sdg.yml	sdg.goals.filter.heading	Szűrők: SDG	SDG szűrők	Filters by SDG
sdg.yml	sdg.goals.filter.link	Lásd az összes %{resources} célhoz kapcsolódó %{code}	Az %{code} célhoz kapcsolódó összes %{resources} megtekintése	See all %{resources} related to goal %{code}
sdg.yml	sdg.goals.filter.more.one	Még egy gól.	Még egy gól	One more goal
sdg.yml	sdg.goals.filter.more.other	%{count} több cél	%{count} még több gól	%{count} more goals
sdg.yml	sdg.related_list_selector.goal_list	Válasszon ki egy vagy több fenntartható fejlesztési célt az Ön %{record}	Kiválaszthat egy vagy több SDG-t, amelyek összhangban vannak az %{record}	You can choose one or several SDGs aligned with your %{record}
sdg.yml	sdg.related_list_selector.help.title	Amely fenntartható fejlesztési célok és célkitűzések összhangban vannak az én %{record}?	Mely SDG-k és célok illeszkednek az %{record}-hoz?	Which SDGs and targets are aligned with my %{record}?
sdg.yml	sdg.related_list_selector.help.text	SDG segítségnyújtási oldal	SDG súgóoldal	SDG help page
sdg.yml	sdg.related_list_selector.hint	Egy konkrét cél / cél kódját vagy egy szöveget lehet bevezetni. További információért látogasson el a %{link}.	Bemutathatja egy adott cél/célpont kódját vagy szöveget, hogy megtalálja azt. További információért látogasson el az %{link} oldalra.	You can introduce the code of a specific goal/target or a text to find one. For more information visit the %{link}.
sdg.yml	sdg.related_list_selector.remove_tag	Eltávolítás	Távolítsa el	Remove
sdg.yml	sdg.related_list_selector.title	Fenntartható fejlesztési célok és célkitűzések	Fenntartható fejlődési célok és célok	Sustainable Development Goals and Targets
sdg.yml	sdg.targets.filter.link	Lásd az összes %{resources} célhoz kapcsolódó %{code}	Az %{code} célhoz kapcsolódó összes %{resources} megtekintése	See all %{resources} related to target %{code}
sdg.yml	sdg.targets.filter.more.one	Még egy célpont.	Még egy célpont	One more target
sdg.yml	sdg.targets.filter.more.other	%{count} több cél	%{count} további célpontok	%{count} more targets
